# Time (s),Altitude (m),Vertical velocity (m/s),Total velocity (m/s),Vertical acceleration (m/s²),Total acceleration (m/s²),Angle of attack (°),Roll rate (r/s),Mass (kg),Rotational moment of inertia (kg·m²),Thrust (N)
0,0,0,0,0,0,87,0,28.37,0.06,0
0,0,0,0,0,0,87,0,28.37,0.06,4.54
0,0,0,0,0,0,87,0,28.37,0.06,9.07
0.01,0,0,0,0,0,87,0,28.37,0.06,13.61
0.01,0,0,0,0,0,87,0,28.37,0.06,18.14
0.01,0,0,0,0,0,87,0,28.37,0.06,20.41
0.01,0,0,0,1.63,1.73,86.99,0,28.37,0.06,324.34
0.01,0,0.02,0.02,15.9,15.95,86.45,0,28.36,0.06,729.59
0.01,0,0.06,0.06,30.17,30.24,85.04,0,28.36,0.06,1134.84
0.02,0,0.14,0.14,44.45,44.54,82.79,0,28.36,0.06,1540.09
0.02,0,0.24,0.24,58.72,58.83,79.72,0,28.35,0.06,1945.34
0.02,0,0.37,0.37,73.01,73.14,75.9,0,28.35,0.06,2350.58
0.02,0,0.53,0.53,87.29,87.44,71.43,0,28.35,0.06,2755.83
0.02,0,0.72,0.72,101.58,101.75,66.48,0,28.34,0.06,3161.08
0.03,0.01,0.94,0.94,115.87,116.06,61.22,0,28.34,0.06,3566.33
0.03,0.01,1.19,1.19,130.17,130.37,55.87,0,28.34,0.06,3971.57
0.03,0.01,1.46,1.46,144.47,144.69,50.62,0,28.33,0.06,4376.82
0.03,0.01,1.76,1.77,158.77,159.01,45.63,0,28.33,0.06,4782.07
0.03,0.02,2.1,2.1,173.07,173.34,41.01,0,28.33,0.06,5187.32
0.04,0.02,2.46,2.46,187.41,187.66,36.82,0,28.33,0.06,5592.57
0.04,0.03,2.85,2.85,201.72,202,33.06,0,28.32,0.06,5997.81
0.04,0.03,3.26,3.27,216.03,216.33,29.73,0,28.32,0.06,6403.06
0.04,0.04,3.71,3.72,230.35,230.67,26.8,0,28.32,0.06,6808.31
0.04,0.05,4.06,4.07,241.09,241.42,24.84,0,28.31,0.06,7112.25
0.05,0.05,4.54,4.55,239.74,240.07,22.57,0,28.31,0.06,7072.5
0.05,0.06,5.02,5.03,238.4,238.72,20.68,0,28.3,0.06,7032.76
0.05,0.07,5.5,5.51,237.05,237.37,19.09,0,28.29,0.06,6993.02
0.05,0.09,5.97,5.98,235.7,236.02,17.69,0,28.29,0.06,6953.28
0.05,0.1,6.44,6.45,234.35,234.67,16.47,0,28.28,0.06,6913.53
0.06,0.11,6.91,6.92,233,233.32,15.41,0,28.27,0.06,6873.79
0.06,0.13,7.37,7.38,231.65,231.97,14.48,0,28.27,0.06,6834.05
0.06,0.14,7.83,7.85,230.3,230.61,13.66,0,28.26,0.06,6794.31
0.06,0.16,8.29,8.31,228.95,229.26,12.93,0,28.26,0.06,6754.57
0.06,0.17,8.52,8.53,228.27,228.58,12.59,0,28.25,0.06,6734.69
0.06,0.18,8.87,8.88,228.89,229.2,12.12,0,28.25,0.06,6751.02
0.07,0.2,9.32,9.34,229.71,230.02,11.53,0,28.24,0.06,6772.79
0.07,0.22,9.78,9.8,230.53,230.84,11,0,28.24,0.06,6794.56
0.07,0.24,10.25,10.26,231.35,231.67,10.51,0,28.23,0.06,6816.33
0.07,0.26,10.71,10.72,232.17,232.49,10.06,0,28.22,0.06,6838.1
0.07,0.28,11.17,11.19,233,233.31,9.64,0,28.22,0.06,6859.86
0.08,0.3,11.64,11.66,233.82,234.14,9.26,0,28.21,0.06,6881.63
0.08,0.32,11.99,12.01,234.44,234.76,8.99,0,28.21,0.06,6897.96
0.08,0.34,12.46,12.48,233.22,233.54,8.65,0,28.2,0.06,6862.24
0.08,0.37,12.93,12.94,232.01,232.33,8.34,0,28.19,0.06,6826.53
0.08,0.4,13.39,13.41,230.8,231.11,8.05,0,28.19,0.06,6790.82
0.09,0.42,13.85,13.87,229.58,229.9,7.78,0,28.18,0.06,6755.1
0.09,0.45,14.31,14.33,228.37,228.68,7.53,0,28.18,0.06,6719.39
0.09,0.48,14.76,14.78,227.15,227.46,7.29,0,28.17,0.06,6683.67
0.09,0.51,15.22,15.24,225.93,226.24,7.07,0,28.16,0.06,6647.96
0.09,0.54,15.67,15.69,224.72,225.03,6.86,0,28.16,0.06,6612.25
0.1,0.57,16.12,16.14,225.49,225.8,6.67,0,28.15,0.06,6632.65
0.1,0.61,16.57,16.59,226.26,226.58,6.48,0,28.14,0.06,6653.06
0.1,0.64,17.02,17.05,227.04,227.35,6.31,0,28.14,0.06,6673.47
0.1,0.67,17.48,17.5,227.81,228.13,6.15,0,28.13,0.06,6693.88
0.1,0.71,17.93,17.96,228.59,228.9,6.01,0,28.13,0.06,6714.29
0.11,0.75,18.39,18.42,229.36,229.68,5.87,0,28.12,0.06,6734.69
0.11,0.78,18.85,18.88,230.14,230.45,5.74,0,28.11,0.06,6755.1
0.11,0.8,19.08,19.11,230.52,230.84,5.67,0,28.11,0.06,6765.31
0.11,0.83,19.43,19.45,229.81,230.13,5.58,0,28.11,0.06,6744.26
0.11,0.87,19.88,19.91,228.87,229.18,5.46,0,28.1,0.06,6716.2
0.11,0.91,20.34,20.37,227.92,228.23,5.34,0,28.09,0.06,6688.14
0.12,0.95,20.8,20.82,226.97,227.28,5.23,0,28.09,0.06,6660.08
0.12,0.99,21.25,21.28,226.02,226.33,5.13,0,28.08,0.06,6632.02
0.12,1.04,21.7,21.73,225.07,225.38,5.03,0,28.08,0.06,6603.95
0.12,1.08,22.15,22.18,224.12,224.43,4.94,0,28.07,0.06,6575.89
0.13,1.14,22.71,22.74,222.93,223.24,4.83,0,28.06,0.06,6540.82
0.13,1.18,23.15,23.19,223.11,223.42,4.74,0,28.06,0.06,6544.53
0.13,1.23,23.6,23.63,223.29,223.6,4.66,0,28.05,0.06,6548.24
0.13,1.28,24.05,24.08,223.47,223.78,4.58,0,28.04,0.06,6551.95
0.13,1.32,24.49,24.53,223.65,223.96,4.5,0,28.04,0.06,6555.66
0.14,1.37,24.94,24.98,223.83,224.14,4.43,0,28.03,0.06,6559.37
0.14,1.42,25.39,25.42,224.01,224.32,4.36,0,28.03,0.06,6563.08
0.14,1.48,25.84,25.87,224.19,224.5,4.29,0,28.02,0.06,6566.79
0.14,1.53,26.29,26.32,224.37,224.68,4.22,0,28.01,0.06,6570.5
0.14,1.58,26.74,26.77,224.55,224.86,4.16,0,28.01,0.06,6574.21
0.15,1.63,27.18,27.22,224.73,225.04,4.09,0,28,0.06,6577.92
0.15,1.69,27.63,27.67,224.91,225.22,4.03,0,28,0.06,6581.63
0.15,1.75,28.08,28.12,224.87,225.17,3.97,0,27.99,0.06,6579.03
0.15,1.8,28.53,28.57,224.82,225.13,3.92,0,27.98,0.06,6576.42
0.15,1.86,28.98,29.02,224.77,225.08,3.86,0,27.98,0.06,6573.82
0.16,1.92,29.43,29.47,224.73,225.04,3.8,0,27.97,0.06,6571.21
0.16,1.98,29.88,29.92,224.68,224.99,3.75,0,27.97,0.06,6568.61
0.16,2.04,30.33,30.37,224.64,224.95,3.7,0,27.96,0.06,6566
0.16,2.1,30.78,30.82,224.59,224.9,3.65,0,27.95,0.06,6563.4
0.16,2.16,31.23,31.27,224.55,224.85,3.6,0,27.95,0.06,6560.79
0.17,2.22,31.68,31.72,224.5,224.81,3.55,0,27.94,0.06,6558.19
0.17,2.29,32.13,32.17,224.45,224.76,3.5,0,27.94,0.06,6555.58
0.17,2.35,32.58,32.62,224.41,224.72,3.46,0,27.93,0.06,6552.97
0.17,2.42,33.03,33.07,224.36,224.67,3.41,0,27.92,0.06,6550.37
0.17,2.48,33.47,33.52,224.32,224.62,3.37,0,27.92,0.06,6547.76
0.18,2.55,33.92,33.97,224.27,224.58,3.33,0,27.91,0.06,6545.16
0.18,2.62,34.37,34.42,224.22,224.53,3.29,0,27.91,0.06,6542.55
0.18,2.69,34.82,34.87,224.18,224.48,3.25,0,27.9,0.06,6539.95
0.18,2.76,35.27,35.32,224.13,224.44,3.21,0,27.89,0.06,6537.34
0.18,2.83,35.72,35.77,224.08,224.39,3.18,0,27.89,0.06,6534.74
0.19,2.9,36.16,36.21,224.04,224.34,3.14,0,27.88,0.06,6532.13
0.19,2.97,36.61,36.66,223.99,224.3,3.1,0,27.88,0.06,6529.53
0.19,3.05,37.06,37.11,223.94,224.25,3.07,0,27.87,0.06,6526.92
0.19,3.12,37.51,37.56,223.9,224.2,3.03,0,27.86,0.06,6524.32
0.19,3.2,37.96,38.01,223.85,224.16,3,0,27.86,0.06,6521.71
0.19,3.24,38.18,38.23,223.83,224.13,2.98,0,27.86,0.06,6520.41
0.2,3.29,38.52,38.57,223.96,224.26,2.96,0,27.85,0.06,6523.06
0.2,3.37,38.96,39.02,224.13,224.44,2.93,0,27.84,0.06,6526.59
0.2,3.45,39.41,39.47,224.31,224.61,2.9,0,27.84,0.06,6530.12
0.2,3.53,39.86,39.92,224.48,224.79,2.87,0,27.83,0.06,6533.65
0.2,3.61,40.31,40.37,224.65,224.96,2.83,0,27.83,0.06,6537.19
0.21,3.69,40.76,40.82,224.83,225.14,2.8,0,27.82,0.06,6540.72
0.21,3.77,41.21,41.27,225,225.31,2.77,0,27.81,0.06,6544.25
0.21,3.86,41.66,41.72,225.18,225.49,2.74,0,27.81,0.06,6547.78
0.21,3.94,42.11,42.17,225.35,225.66,2.71,0,27.8,0.06,6551.31
0.21,4.02,42.56,42.62,225.53,225.83,2.68,0,27.8,0.06,6554.85
0.22,4.11,43.01,43.07,225.7,226.01,2.65,0,27.79,0.06,6558.38
0.22,4.2,43.46,43.52,225.87,226.18,2.63,0,27.78,0.06,6561.91
0.22,4.28,43.92,43.98,226.05,226.36,2.6,0,27.78,0.06,6565.44
0.22,4.37,44.37,44.43,226.22,226.53,2.57,0,27.77,0.06,6568.98
0.22,4.46,44.82,44.88,226.4,226.71,2.55,0,27.77,0.06,6572.51
0.23,4.55,45.27,45.34,226.57,226.88,2.52,0,27.76,0.06,6576.04
0.23,4.64,45.73,45.79,226.74,227.06,2.5,0,27.75,0.06,6579.57
0.23,4.78,46.41,46.47,227,227.32,2.46,0,27.74,0.06,6584.87
0.24,4.99,47.43,47.5,227.39,227.71,2.41,0,27.73,0.06,6592.82
0.24,5.32,48.97,49.03,227.98,228.3,2.33,0,27.71,0.06,6604.74
0.25,5.82,51.25,51.32,228.86,229.18,2.22,0.01,27.68,0.06,6622.4
0.26,6.34,53.54,53.62,229.73,230.05,2.11,0.01,27.65,0.06,6640.06
0.27,6.89,55.85,55.92,230.61,230.93,2.01,0.01,27.62,0.06,6657.72
0.28,7.46,58.16,58.24,231.48,231.81,1.92,0.01,27.59,0.06,6675.38
0.29,8.05,60.47,60.56,232.35,232.68,1.83,0.02,27.56,0.06,6693.04
0.3,8.67,62.8,62.89,233.23,233.56,1.74,0.02,27.53,0.06,6710.7
0.31,9.31,65.14,65.23,234.1,234.44,1.68,0.02,27.5,0.06,6728.37
0.32,9.97,67.48,67.58,234.98,235.32,1.62,0.02,27.47,0.06,6746.03
0.33,10.66,69.84,69.94,235.86,236.2,1.56,0.03,27.44,0.06,6763.69
0.34,11.37,72.2,72.3,236.73,237.08,1.51,0.03,27.41,0.06,6781.35
0.35,11.97,74.16,74.26,237.45,237.8,1.46,0.03,27.38,0.06,6795.92
0.36,12.72,76.54,76.65,239.08,239.44,1.38,0.03,27.35,0.06,6833.86
0.37,13.5,78.94,79.05,240.71,241.07,1.3,0.03,27.32,0.06,6871.79
0.38,14.3,81.35,81.47,242.34,242.71,1.22,0.03,27.29,0.06,6909.73
0.39,15.13,83.79,83.9,243.97,244.35,1.14,0.04,27.25,0.06,6947.67
0.4,15.98,86.23,86.36,245.6,246,1.07,0.04,27.22,0.06,6985.61
0.41,16.85,88.7,88.82,247.24,247.64,1.01,0.04,27.19,0.06,7023.55
0.42,17.75,91.18,91.31,248.87,249.29,0.95,0.04,27.16,0.06,7061.49
0.43,18.49,93.18,93.31,250.18,250.61,0.9,0.04,27.13,0.06,7091.84
0.44,19.43,95.68,95.82,250.96,251.4,0.85,0.05,27.1,0.06,7106.2
0.45,20.4,98.19,98.34,251.74,252.19,0.79,0.05,27.07,0.06,7120.56
0.46,21.4,100.72,100.86,252.52,252.98,0.73,0.05,27.03,0.06,7134.92
0.47,22.42,103.24,103.4,253.3,253.77,0.67,0.05,27,0.06,7149.28
0.48,23.46,105.78,105.94,254.08,254.57,0.61,0.05,26.97,0.06,7163.64
0.49,24.53,108.33,108.49,254.85,255.36,0.55,0.06,26.94,0.06,7178
0.5,25.63,110.88,111.05,255.63,256.15,0.5,0.06,26.9,0.06,7192.37
0.51,26.75,113.44,113.61,256.41,256.95,0.44,0.06,26.87,0.06,7206.73
0.52,27.9,116.01,116.18,257.18,257.74,0.38,0.06,26.84,0.06,7221.09
0.53,29.07,118.58,118.76,257.95,258.53,0.33,0.06,26.8,0.06,7235.45
0.54,30.27,121.17,121.35,258.73,259.32,0.27,0.07,26.77,0.06,7249.81
0.55,31.5,123.76,123.95,259.5,260.12,0.22,0.07,26.74,0.06,7264.17
0.56,32.75,126.36,126.56,260.27,260.91,0.17,0.07,26.71,0.06,7278.53
0.56,33.38,127.66,127.86,260.65,261.31,0.15,0.07,26.69,0.06,7285.71
0.57,34.35,129.61,129.82,261.09,261.77,0.11,0.07,26.66,0.06,7292.72
0.58,35.65,132.23,132.44,261.68,262.38,0.07,0.07,26.63,0.06,7302.07
0.59,36.99,134.85,135.07,262.27,262.99,0.03,0.07,26.6,0.06,7311.42
0.6,38.35,137.47,137.7,262.85,263.6,0.04,0.08,26.56,0.06,7320.77
0.61,39.74,140.11,140.34,263.44,264.21,0.08,0.08,26.53,0.06,7330.11
0.62,41.15,142.74,142.99,264.02,264.82,0.13,0.08,26.5,0.06,7339.46
0.63,42.59,145.39,145.64,264.6,265.43,0.18,0.08,26.46,0.06,7348.81
0.64,44.06,148.03,148.29,265.18,266.04,0.22,0.08,26.43,0.06,7358.16
0.65,45.56,150.69,150.96,265.76,266.65,0.27,0.08,26.4,0.06,7367.5
0.66,47.08,153.35,153.62,266.34,267.26,0.3,0.09,26.36,0.06,7376.85
0.67,48.62,156.02,156.3,266.92,267.86,0.34,0.09,26.33,0.06,7386.2
0.68,50.2,158.69,158.98,267.5,268.47,0.37,0.09,26.3,0.06,7395.54
0.69,51.8,161.37,161.67,268.08,269.07,0.4,0.09,26.26,0.06,7404.89
0.69,52.36,162.31,162.61,268.28,269.28,0.41,0.09,26.25,0.06,7408.16
0.7,53.22,163.71,164.02,268.52,269.54,0.42,0.09,26.23,0.06,7411.26
0.71,54.52,165.83,166.15,268.88,269.91,0.45,0.09,26.2,0.06,7415.91
0.72,56.19,168.52,168.85,269.33,270.39,0.48,0.09,26.17,0.06,7421.81
0.73,57.89,171.22,171.55,269.79,270.87,0.51,0.1,26.14,0.06,7427.71
0.74,59.61,173.92,174.26,270.24,271.35,0.53,0.1,26.1,0.06,7433.61
0.75,61.36,176.62,176.98,270.7,271.82,0.54,0.1,26.07,0.06,7439.51
0.76,63.14,179.33,179.7,271.16,272.3,0.55,0.1,26.03,0.06,7445.41
0.77,64.95,182.05,182.42,271.62,272.77,0.55,0.1,26,0.06,7451.31
0.78,66.79,184.76,185.15,272.09,273.24,0.54,0.1,25.96,0.06,7457.21
0.79,68.65,187.49,187.88,272.55,273.71,0.53,0.1,25.93,0.06,7463.11
0.8,70.54,190.21,190.62,273.02,274.18,0.51,0.1,25.9,0.06,7469.01
0.81,72.45,192.95,193.37,273.49,274.64,0.49,0.1,25.86,0.06,7474.91
0.82,74.39,195.68,196.11,273.96,275.11,0.47,0.11,25.83,0.06,7480.81
0.83,76.36,198.43,198.87,274.44,275.57,0.44,0.11,25.79,0.06,7486.71
0.84,78.36,201.17,201.62,274.91,276.03,0.41,0.11,25.76,0.06,7492.61
0.85,80.39,203.92,204.38,275.39,276.49,0.37,0.11,25.73,0.06,7498.51
0.86,82.44,206.68,207.15,275.87,276.95,0.32,0.11,25.69,0.06,7504.41
0.87,84.52,209.44,209.92,276.36,277.4,0.27,0.11,25.66,0.06,7510.31
0.88,86.63,212.21,212.7,276.84,277.86,0.21,0.11,25.62,0.06,7516.21
0.89,88.77,214.98,215.48,277.32,278.31,0.16,0.11,25.59,0.06,7522.11
0.9,90.93,217.75,218.26,277.81,278.76,0.1,0.11,25.55,0.06,7528.01
0.91,93.12,220.54,221.05,278.29,279.21,0.05,0.11,25.52,0.06,7533.91
0.92,95.34,223.32,223.85,278.77,279.65,0.01,0.11,25.49,0.06,7539.81
0.93,97.59,226.11,226.65,279.24,280.1,0.05,0.12,25.45,0.06,7545.71
0.94,99.86,228.91,229.45,279.71,280.54,0.1,0.12,25.42,0.06,7551.62
0.95,102.17,231.7,232.26,280.18,280.98,0.14,0.12,25.38,0.06,7557.52
0.96,104.5,234.51,235.07,280.65,281.42,0.18,0.12,25.35,0.06,7563.42
0.97,106.86,237.32,237.89,281.11,281.85,0.22,0.12,25.31,0.06,7569.32
0.98,109.24,240.13,240.71,281.56,282.28,0.25,0.12,25.28,0.06,7575.22
0.99,111.66,242.95,243.53,282.01,282.71,0.28,0.12,25.25,0.06,7581.12
0.99,111.9,243.23,243.81,282.06,282.75,0.28,0.12,25.24,0.06,7581.65
0.99,112.27,243.65,244.24,282.1,282.79,0.29,0.12,25.24,0.06,7581.87
0.99,112.82,244.29,244.87,282.16,282.85,0.29,0.12,25.23,0.06,7582.2
1,113.64,245.24,245.83,282.25,282.93,0.3,0.12,25.22,0.06,7582.7
1,114.89,246.67,247.26,282.39,283.06,0.31,0.12,25.2,0.06,7583.44
1.01,116.77,248.82,249.41,282.59,283.25,0.32,0.12,25.17,0.06,7584.56
1.02,119.27,251.64,252.25,282.85,283.5,0.33,0.12,25.14,0.06,7586.02
1.03,121.8,254.47,255.08,283.1,283.75,0.33,0.12,25.1,0.06,7587.49
1.04,124.36,257.3,257.92,283.34,283.99,0.33,0.12,25.07,0.06,7588.96
1.05,126.95,260.14,260.76,283.58,284.23,0.32,0.12,25.03,0.06,7590.43
1.06,129.56,262.98,263.6,283.8,284.46,0.3,0.12,25,0.06,7591.9
1.07,132.21,265.82,266.45,284.02,284.69,0.28,0.12,24.96,0.06,7593.36
1.08,134.88,268.66,269.3,284.22,284.91,0.25,0.12,24.93,0.06,7594.83
1.09,137.58,271.5,272.15,284.42,285.13,0.22,0.12,24.9,0.06,7596.3
1.1,140.31,274.34,275,284.6,285.34,0.18,0.12,24.86,0.06,7597.77
1.11,143.07,277.19,277.86,284.77,285.55,0.13,0.12,24.83,0.06,7599.24
1.12,145.85,280.04,280.71,284.94,285.75,0.09,0.11,24.79,0.06,7600.71
1.13,148.67,282.89,283.57,285.09,285.94,0.05,0.11,24.76,0.06,7602.17
1.14,151.51,285.74,286.43,285.24,286.13,0.01,0.11,24.72,0.06,7603.64
1.15,154.38,288.6,289.29,285.37,286.31,0.05,0.11,24.69,0.06,7605.11
1.16,157.28,291.45,292.16,285.49,286.47,0.1,0.11,24.65,0.06,7606.58
1.17,160.21,294.3,295.02,285.59,286.63,0.15,0.11,24.62,0.06,7608.05
1.18,163.17,297.16,297.89,285.69,286.78,0.2,0.1,24.58,0.06,7609.52
1.19,166.15,300.02,300.76,285.78,286.91,0.24,0.1,24.55,0.06,7610.98
1.2,169.17,302.88,303.63,285.9,287.07,0.27,0.1,24.51,0.06,7612.45
1.21,172.21,305.74,306.5,286.11,287.3,0.28,0.1,24.48,0.06,7613.92
1.22,175.28,308.6,309.37,286.33,287.52,0.28,0.1,24.44,0.06,7615.39
1.23,178.38,311.46,312.25,286.56,287.74,0.27,0.11,24.41,0.06,7616.86
1.24,181.51,314.33,315.12,286.79,287.96,0.24,0.11,24.37,0.06,7618.32
1.25,184.67,317.2,318,287.04,288.18,0.21,0.11,24.34,0.06,7619.79
1.26,187.86,320.07,320.89,287.27,288.38,0.18,0.11,24.3,0.06,7621.26
1.27,190.46,322.4,323.22,287.45,288.53,0.15,0.11,24.28,0.06,7622.45
1.28,193.7,325.27,326.11,287.8,288.84,0.1,0.12,24.24,0.06,7626.98
1.29,196.96,328.15,329,288.16,289.14,0.06,0.12,24.21,0.06,7631.52
1.3,200.26,331.04,331.89,288.51,289.45,0.01,0.12,24.17,0.06,7636.05
1.31,203.58,333.92,334.79,288.87,289.75,0.04,0.12,24.14,0.06,7640.59
1.32,206.94,336.81,337.68,289.22,290.04,0.09,0.12,24.1,0.06,7645.12
1.33,210.32,339.71,340.59,289.56,290.34,0.14,0.13,24.07,0.06,7649.66
1.34,213.73,342.6,343.49,289.89,290.63,0.18,0.13,24.03,0.06,7654.2
1.35,217.17,345.51,346.4,290.21,290.92,0.2,0.13,24,0.06,7658.73
1.36,220.64,348.41,349.31,290.52,291.21,0.22,0.14,23.96,0.06,7663.27
1.37,224.14,351.32,352.22,290.8,291.49,0.22,0.14,23.93,0.06,7667.8
1.38,227.67,354.23,355.14,291.12,291.82,0.2,0.14,23.89,0.06,7672.34
1.39,231.22,357.14,358.06,291.44,292.15,0.18,0.14,23.86,0.06,7676.87
1.4,234.81,360.05,360.98,291.74,292.49,0.15,0.15,23.82,0.06,7681.41
1.41,238.43,362.97,363.91,292.03,292.82,0.11,0.15,23.79,0.06,7685.94
1.42,242.07,365.89,366.84,292.3,293.15,0.07,0.15,23.75,0.06,7690.48
1.43,245.74,368.82,369.77,292.58,293.48,0.02,0.16,23.72,0.06,7695.01
1.44,249.45,371.75,372.71,292.87,293.83,0.03,0.16,23.68,0.06,7699.55
1.45,253.18,374.68,375.65,293.16,294.18,0.07,0.16,23.65,0.06,7704.08
1.46,256.94,377.61,378.59,293.45,294.53,0.11,0.17,23.61,0.06,7708.62
1.47,260.73,380.55,381.54,293.75,294.88,0.14,0.17,23.58,0.06,7713.15
1.48,264.55,383.48,384.49,294.07,295.23,0.16,0.18,23.54,0.06,7717.69
1.49,268.4,386.43,387.44,294.39,295.58,0.16,0.18,23.51,0.06,7722.22
1.49,270.34,387.9,388.92,294.56,295.75,0.16,0.18,23.49,0.06,7724.49
1.5,273.25,390.11,391.14,294.43,295.61,0.16,0.19,23.46,0.06,7718.54
1.51,277.17,393.05,394.09,294.26,295.42,0.14,0.19,23.43,0.06,7710.6
1.52,281.11,395.99,397.05,294.11,295.23,0.11,0.2,23.39,0.06,7702.66
1.53,285.09,398.93,400,293.96,295.03,0.08,0.2,23.36,0.06,7694.73
1.54,289.09,401.87,402.95,293.82,294.84,0.04,0.21,23.32,0.06,7686.79
1.55,293.13,404.81,405.89,293.7,294.65,0,0.21,23.29,0.06,7678.85
1.56,297.19,407.75,408.84,293.57,294.46,0.04,0.22,23.25,0.06,7670.92
1.57,301.17,410.6,411.7,293.44,294.28,0.08,0.22,23.22,0.06,7663.2
1.58,305,413.33,414.44,293.3,294.11,0.1,0.23,23.18,0.06,7655.81
1.58,306.44,414.35,415.46,293.25,294.04,0.11,0.23,23.17,0.06,7653.06
1.59,308.6,415.87,416.99,292.92,293.7,0.12,0.23,23.15,0.06,7643.33
1.59,311.85,418.16,419.28,292.42,293.19,0.13,0.24,23.13,0.06,7628.73
1.6,315.34,420.59,421.71,291.88,292.63,0.13,0.24,23.1,0.06,7613.17
1.61,318.73,422.93,424.06,291.33,292.1,0.12,0.25,23.07,0.06,7598.15
1.62,322.01,425.18,426.32,290.79,291.58,0.1,0.26,23.04,0.06,7583.65
1.63,325.21,427.36,428.51,290.27,291.08,0.08,0.26,23.02,0.06,7569.63
1.63,328.31,429.46,430.61,289.75,290.6,0.05,0.27,22.99,0.06,7556.09
1.64,331.32,431.48,432.64,289.25,290.13,0.03,0.27,22.97,0.06,7543.01
1.64,331.82,431.82,432.98,289.17,290.05,0.03,0.27,22.96,0.06,7540.82
1.64,332.58,432.33,433.49,289.11,290,0.02,0.27,22.96,0.06,7539.15
1.65,333.73,433.1,434.26,289.02,289.93,0.01,0.28,22.95,0.06,7536.64
1.65,335.44,434.24,435.41,288.89,289.82,0.01,0.28,22.93,0.06,7532.88
1.66,338.03,435.96,437.13,288.7,289.65,0.02,0.29,22.91,0.06,7527.24
1.66,340.74,437.74,438.92,288.51,289.48,0.04,0.29,22.89,0.06,7521.36
1.67,343.36,439.47,440.65,288.33,289.32,0.05,0.3,22.87,0.06,7515.69
1.67,345.89,441.13,442.32,288.15,289.15,0.06,0.3,22.85,0.06,7510.22
1.68,348.36,442.73,443.93,287.98,289,0.07,0.31,22.83,0.06,7504.93
1.68,350.66,444.23,445.43,287.82,288.85,0.07,0.31,22.82,0.06,7500
1.69,352.98,445.73,446.93,286.72,287.75,0.08,0.32,22.8,0.06,7473.38
1.69,355.24,447.17,448.38,285.65,286.68,0.08,0.32,22.78,0.06,7447.58
1.7,357.44,448.57,449.79,284.62,285.64,0.08,0.33,22.76,0.06,7422.55
1.7,359.58,449.93,451.15,283.61,284.63,0.08,0.34,22.75,0.06,7398.25
1.71,361.66,451.24,452.46,282.64,283.65,0.08,0.34,22.73,0.06,7374.63
1.71,363.7,452.51,453.74,281.69,282.7,0.07,0.35,22.72,0.06,7351.66
1.72,365.02,453.33,454.56,281.08,282.07,0.07,0.35,22.71,0.06,7336.74
1.72,366.97,454.54,455.77,280.82,281.81,0.06,0.36,22.69,0.06,7329.64
1.72,368.88,455.71,456.95,280.58,281.55,0.05,0.36,22.68,0.06,7322.73
1.73,370.73,456.86,458.1,280.34,281.3,0.05,0.37,22.66,0.06,7316.01
1.73,372.55,457.96,459.21,280.11,281.05,0.04,0.37,22.65,0.06,7309.48
1.74,374.31,459.04,460.29,279.88,280.82,0.03,0.38,22.64,0.06,7303.12
1.74,376.03,460.09,461.35,279.66,280.58,0.02,0.38,22.63,0.06,7296.93
1.74,377.71,461.11,462.37,279.45,280.36,0.01,0.39,22.61,0.06,7290.92
1.75,379.35,462.1,463.36,279.24,280.14,0.01,0.4,22.6,0.06,7285.06
1.75,380.95,463.06,464.33,279.04,279.92,0.01,0.4,22.59,0.06,7279.36
1.75,382.5,464,465.27,278.84,279.71,0.01,0.41,22.58,0.06,7273.82
1.76,384.02,464.91,466.18,278.65,279.51,0.02,0.41,22.57,0.06,7268.43
1.76,385.5,465.8,467.07,278.46,279.31,0.03,0.42,22.56,0.06,7263.18
1.76,386.94,466.66,467.93,278.27,279.12,0.03,0.42,22.55,0.06,7258.08
1.77,388.35,467.5,468.77,278.09,278.93,0.04,0.43,22.54,0.06,7253.11
1.77,389.72,468.31,469.59,277.92,278.75,0.04,0.44,22.53,0.06,7248.26
1.77,391.06,469.11,470.39,277.75,278.58,0.05,0.44,22.52,0.06,7243.54
1.78,392.37,469.88,471.17,277.59,278.41,0.05,0.45,22.51,0.06,7238.93
1.78,393.65,470.64,471.92,277.43,278.25,0.06,0.45,22.5,0.06,7234.44
1.78,394.9,471.37,472.66,277.28,278.09,0.06,0.46,22.49,0.06,7230.05
1.78,396.13,472.09,473.38,277.13,277.94,0.06,0.46,22.48,0.06,7225.77
1.78,396.6,472.37,473.66,277.05,277.86,0.06,0.47,22.48,0.06,7223.86
1.79,397.31,472.79,474.08,276.88,277.69,0.06,0.47,22.47,0.06,7219.58
1.79,398.37,473.41,474.7,276.63,277.43,0.07,0.47,22.47,0.06,7213.17
1.79,399.52,474.08,475.38,276.35,277.15,0.07,0.48,22.46,0.06,7206.26
1.79,400.65,474.73,476.03,276.08,276.88,0.07,0.49,22.45,0.06,7199.51
1.8,401.75,475.37,476.67,275.81,276.62,0.07,0.49,22.44,0.06,7192.91
1.8,402.82,476,477.3,275.55,276.35,0.07,0.5,22.44,0.06,7186.46
1.8,403.88,476.61,477.91,275.29,276.1,0.07,0.5,22.43,0.06,7180.14
1.8,404.91,477.2,478.51,275.04,275.85,0.07,0.51,22.42,0.06,7173.96
1.8,405.93,477.79,479.1,274.79,275.6,0.06,0.51,22.42,0.06,7167.91
1.81,406.92,478.36,479.67,274.55,275.36,0.06,0.52,22.41,0.06,7161.98
1.81,407.9,478.92,480.23,274.31,275.13,0.06,0.52,22.4,0.06,7156.18
1.81,408.85,479.47,480.78,274.08,274.9,0.06,0.53,22.4,0.06,7150.5
1.81,409.79,480,481.32,273.85,274.67,0.06,0.54,22.39,0.06,7144.92
1.81,410.71,480.53,481.84,273.63,274.45,0.05,0.54,22.38,0.06,7139.46
1.82,411.62,481.04,482.36,273.4,274.23,0.05,0.55,22.38,0.06,7134.11
1.82,412.5,481.54,482.86,273.19,274.02,0.05,0.55,22.37,0.06,7128.86
1.82,413.37,482.04,483.36,272.97,273.81,0.05,0.56,22.37,0.06,7123.72
1.82,414.23,482.52,483.84,272.77,273.61,0.04,0.56,22.36,0.06,7118.67
1.82,415.07,482.99,484.32,272.56,273.41,0.04,0.57,22.36,0.06,7113.72
1.82,415.89,483.46,484.78,272.36,273.21,0.04,0.58,22.35,0.06,7108.86
1.83,416.7,483.91,485.24,272.16,273.02,0.03,0.58,22.34,0.06,7104.09
1.83,417.49,484.36,485.69,271.97,272.83,0.03,0.59,22.34,0.06,7099.41
1.83,418.28,484.8,486.13,271.78,272.64,0.03,0.59,22.33,0.06,7094.82
1.83,419.04,485.23,486.56,271.59,272.46,0.02,0.6,22.33,0.06,7090.31
1.83,419.8,485.65,486.98,271.4,272.28,0.02,0.6,22.32,0.06,7085.88
1.83,420.54,486.07,487.4,271.22,272.1,0.02,0.61,22.32,0.06,7081.53
1.84,421.27,486.47,487.81,271.05,271.92,0.02,0.61,22.31,0.06,7077.25
1.84,421.99,486.87,488.21,270.87,271.75,0.02,0.62,22.31,0.06,7073.06
1.84,422.69,487.26,488.6,270.7,271.59,0.01,0.63,22.31,0.06,7068.93
1.84,423.39,487.65,488.99,270.53,271.42,0.01,0.63,22.3,0.06,7064.87
1.84,424.07,488.03,489.37,270.37,271.26,0.01,0.64,22.3,0.06,7060.89
1.84,424.74,488.4,489.74,270.2,271.1,0.01,0.64,22.29,0.06,7056.97
1.84,425.4,488.76,490.11,270.04,270.94,0.01,0.65,22.29,0.06,7053.12
1.85,426.05,489.12,490.47,269.88,270.79,0.02,0.65,22.28,0.06,7049.33
1.85,426.69,489.48,490.82,269.73,270.64,0.02,0.66,22.28,0.06,7045.61
1.85,427.32,489.82,491.17,269.58,270.49,0.02,0.67,22.28,0.06,7041.94
1.85,427.94,490.16,491.51,269.43,270.34,0.02,0.67,22.27,0.06,7038.34
1.85,428.55,490.5,491.85,269.28,270.2,0.02,0.68,22.27,0.06,7034.8
1.85,429.15,490.83,492.18,269.14,270.05,0.02,0.68,22.26,0.06,7031.31
1.85,429.74,491.15,492.5,268.99,269.91,0.03,0.69,22.26,0.06,7027.87
1.85,430.32,491.47,492.82,268.85,269.77,0.03,0.69,22.26,0.06,7024.49
1.86,430.9,491.78,493.14,268.72,269.64,0.03,0.7,22.25,0.06,7021.17
1.86,431.46,492.09,493.45,268.58,269.51,0.03,0.7,22.25,0.06,7017.89
1.86,432.02,492.4,493.75,268.45,269.37,0.03,0.71,22.24,0.06,7014.66
1.86,432.57,492.7,494.05,268.32,269.24,0.04,0.72,22.24,0.06,7011.49
1.86,433.11,492.99,494.35,268.19,269.12,0.04,0.72,22.24,0.06,7008.36
1.86,433.65,493.28,494.64,268.06,268.99,0.04,0.73,22.23,0.06,7005.27
1.86,434.17,493.57,494.93,267.93,268.87,0.04,0.73,22.23,0.06,7002.23
1.86,434.69,493.85,495.21,267.81,268.74,0.04,0.74,22.23,0.06,6999.24
1.86,435.2,494.13,495.49,267.69,268.62,0.04,0.74,22.22,0.06,6996.29
1.87,435.71,494.4,495.76,267.57,268.5,0.04,0.75,22.22,0.06,6993.38
1.87,436.2,494.67,496.03,267.45,268.39,0.05,0.75,22.22,0.06,6990.51
1.87,436.7,494.93,496.3,267.33,268.27,0.05,0.76,22.21,0.06,6987.68
1.87,437.18,495.2,496.56,267.22,268.16,0.05,0.77,22.21,0.06,6984.9
1.87,437.66,495.45,496.82,267.1,268.04,0.05,0.77,22.21,0.06,6982.15
1.87,438.13,495.71,497.07,266.99,267.93,0.05,0.78,22.2,0.06,6979.43
1.87,438.6,495.96,497.32,266.88,267.82,0.05,0.78,22.2,0.06,6976.76
1.87,439.05,496.21,497.57,266.78,267.72,0.05,0.79,22.2,0.06,6974.12
1.87,439.51,496.45,497.82,266.67,267.61,0.05,0.79,22.2,0.06,6971.52
1.87,439.96,496.69,498.06,266.56,267.5,0.05,0.8,22.19,0.06,6968.95
1.87,440.4,496.93,498.3,266.46,267.4,0.05,0.8,22.19,0.06,6966.41
1.88,440.83,497.16,498.53,266.36,267.3,0.06,0.81,22.19,0.06,6963.91
1.88,441.27,497.39,498.76,266.26,267.2,0.06,0.82,22.18,0.06,6961.44
1.88,441.69,497.62,498.99,266.16,267.1,0.06,0.82,22.18,0.06,6959
1.88,442.11,497.84,499.22,266.06,267,0.06,0.83,22.18,0.06,6956.59
1.88,442.53,498.07,499.44,265.96,266.9,0.06,0.83,22.18,0.06,6954.21
1.88,442.94,498.29,499.66,265.86,266.8,0.06,0.84,22.17,0.06,6951.87
1.88,443.34,498.5,499.88,265.77,266.71,0.06,0.84,22.17,0.06,6949.55
1.88,443.74,498.72,500.09,265.68,266.61,0.06,0.85,22.17,0.06,6947.26
1.88,444.14,498.93,500.3,265.58,266.52,0.06,0.86,22.17,0.06,6945
1.88,444.53,499.13,500.51,265.49,266.43,0.06,0.86,22.16,0.06,6942.76
1.88,444.92,499.34,500.72,265.4,266.34,0.06,0.87,22.16,0.06,6940.56
1.88,445.3,499.54,500.92,265.31,266.25,0.06,0.87,22.16,0.06,6938.38
1.89,445.68,499.74,501.12,265.22,266.16,0.06,0.88,22.16,0.06,6936.22
1.89,446.05,499.94,501.32,265.14,266.07,0.06,0.88,22.15,0.06,6934.09
1.89,446.42,500.14,501.52,265.05,265.99,0.06,0.89,22.15,0.06,6931.99
1.89,446.79,500.33,501.71,264.97,265.9,0.06,0.89,22.15,0.06,6929.91
1.89,447.15,500.52,501.9,264.88,265.82,0.06,0.9,22.15,0.06,6927.85
1.89,447.51,500.71,502.09,264.8,265.73,0.06,0.91,22.14,0.06,6925.82
1.89,447.86,500.9,502.28,264.72,265.65,0.06,0.91,22.14,0.06,6923.81
1.89,448.21,501.08,502.47,264.64,265.57,0.06,0.92,22.14,0.06,6921.82
1.89,448.55,501.27,502.65,264.56,265.49,0.06,0.92,22.14,0.06,6919.86
1.89,448.92,501.46,502.84,264.48,265.4,0.06,0.93,22.14,0.06,6917.8
1.89,449.28,501.65,503.04,264.39,265.32,0.06,0.93,22.13,0.06,6915.71
1.89,449.66,501.85,503.23,264.3,265.23,0.06,0.94,22.13,0.06,6913.58
1.89,450.04,502.05,503.43,264.22,265.14,0.06,0.94,22.13,0.06,6911.43
1.89,450.42,502.25,503.64,264.13,265.05,0.06,0.95,22.13,0.06,6909.24
1.9,450.82,502.46,503.85,264.04,264.96,0.06,0.96,22.12,0.06,6907.02
1.9,451.21,502.67,504.06,263.95,264.86,0.06,0.96,22.12,0.06,6904.76
1.9,451.62,502.88,504.27,263.85,264.77,0.06,0.97,22.12,0.06,6902.46
1.9,452.03,503.09,504.49,263.76,264.67,0.06,0.97,22.12,0.06,6900.12
1.9,452.45,503.31,504.71,263.66,264.58,0.06,0.98,22.11,0.06,6897.75
1.9,452.88,503.54,504.93,263.56,264.48,0.06,0.98,22.11,0.06,6895.33
1.9,453.31,503.77,505.16,263.47,264.37,0.05,0.99,22.11,0.06,6892.88
1.9,453.75,504,505.39,263.37,264.27,0.05,0.99,22.1,0.06,6890.38
1.9,454.2,504.23,505.63,263.26,264.17,0.05,1,22.1,0.06,6887.83
1.9,454.66,504.47,505.87,263.16,264.06,0.05,1,22.1,0.06,6885.24
1.9,455.13,504.71,506.11,263.05,263.95,0.05,1.01,22.1,0.06,6882.6
1.9,455.61,504.96,506.36,262.95,263.84,0.05,1.02,22.09,0.06,6879.91
1.91,456.09,505.22,506.61,262.84,263.73,0.05,1.02,22.09,0.06,6877.17
1.91,456.59,505.47,506.87,262.72,263.61,0.05,1.03,22.09,0.06,6874.38
1.91,457.09,505.74,507.14,262.61,263.49,0.05,1.03,22.08,0.06,6871.53
1.91,457.61,506,507.4,262.49,263.37,0.04,1.04,22.08,0.06,6868.63
1.91,458.14,506.28,507.68,262.37,263.25,0.04,1.04,22.08,0.06,6865.66
1.91,458.67,506.56,507.96,262.25,263.12,0.04,1.05,22.07,0.06,6862.63
1.91,459.22,506.84,508.24,262.13,263,0.04,1.05,22.07,0.06,6859.54
1.91,459.79,507.13,508.53,262,262.87,0.04,1.06,22.07,0.06,6856.39
1.91,460.36,507.43,508.83,261.87,262.73,0.04,1.07,22.06,0.06,6853.16
1.92,460.95,507.73,509.14,261.74,262.6,0.04,1.07,22.06,0.06,6849.86
1.92,461.55,508.04,509.45,261.6,262.46,0.03,1.08,22.06,0.06,6846.49
1.92,462.16,508.36,509.77,261.46,262.31,0.03,1.08,22.05,0.06,6843.03
1.92,462.8,508.68,510.09,261.32,262.17,0.03,1.09,22.05,0.06,6839.5
1.92,463.44,509.01,510.42,261.18,262.02,0.03,1.09,22.04,0.06,6835.88
1.92,464.1,509.35,510.76,261.03,261.86,0.03,1.1,22.04,0.06,6832.17
1.92,464.78,509.7,511.11,260.87,261.71,0.03,1.1,22.04,0.06,6828.37
1.92,465.48,510.06,511.47,260.72,261.54,0.03,1.11,22.03,0.05,6824.47
1.93,466.2,510.42,511.84,260.55,261.38,0.02,1.11,22.03,0.05,6820.47
1.93,466.93,510.8,512.22,260.39,261.21,0.02,1.12,22.02,0.05,6816.37
1.93,467.69,511.18,512.6,260.22,261.03,0.02,1.13,22.02,0.05,6812.15
1.93,468.47,511.58,513,260.04,260.85,0.02,1.13,22.01,0.05,6807.81
1.93,469.27,511.99,513.41,259.86,260.67,0.02,1.14,22.01,0.05,6803.35
1.93,470.09,512.41,513.83,259.68,260.48,0.02,1.14,22,0.05,6798.77
1.94,470.94,512.84,514.26,259.48,260.28,0.02,1.15,22,0.05,6794.04
1.94,471.82,513.28,514.7,259.29,260.08,0.03,1.15,21.99,0.05,6789.18
1.94,472.44,513.59,515.02,259.14,259.94,0.03,1.16,21.99,0.05,6785.71
1.94,473.37,514.06,515.49,258.98,259.76,0.03,1.16,21.98,0.05,6781.59
1.94,474.32,514.54,515.97,258.8,259.59,0.03,1.17,21.98,0.05,6777.33
1.94,475.31,515.04,516.46,258.62,259.4,0.03,1.17,21.97,0.05,6772.93
1.95,476.33,515.55,516.98,258.43,259.21,0.03,1.18,21.96,0.05,6768.38
1.95,477.39,516.08,517.51,258.24,259.02,0.04,1.18,21.96,0.05,6763.68
1.95,478.48,516.62,518.06,258.04,258.81,0.04,1.19,21.95,0.05,6758.81
1.95,479.61,517.19,518.63,257.83,258.6,0.04,1.19,21.95,0.05,6753.77
1.95,480.79,517.78,519.21,257.61,258.39,0.04,1.2,21.94,0.05,6748.55
1.96,482.02,518.38,519.82,257.38,258.16,0.04,1.21,21.93,0.05,6743.13
1.96,483.29,519.01,520.46,257.14,257.93,0.04,1.21,21.92,0.05,6737.5
1.96,484.61,519.67,521.11,256.9,257.68,0.04,1.22,21.92,0.05,6731.65
1.96,485.99,520.35,521.8,256.64,257.43,0.04,1.22,21.91,0.05,6725.56
1.97,487.43,521.06,522.51,256.37,257.16,0.05,1.23,21.9,0.05,6719.22
1.97,488.93,521.8,523.25,256.09,256.89,0.05,1.23,21.89,0.05,6712.62
1.97,490.49,522.56,524.02,255.79,256.6,0.05,1.24,21.88,0.05,6705.73
1.98,492.13,523.36,524.82,255.49,256.3,0.05,1.24,21.87,0.05,6698.54
1.98,493.85,524.2,525.66,255.16,255.98,0.05,1.25,21.86,0.05,6691.03
1.98,495.64,525.07,526.53,254.83,255.65,0.05,1.25,21.85,0.05,6683.17
1.99,497.52,525.98,527.45,254.48,255.31,0.05,1.26,21.84,0.05,6674.95
1.99,499.5,526.94,528.4,254.11,254.95,0.05,1.27,21.83,0.05,6666.35
1.99,501.57,527.93,529.4,253.72,254.57,0.04,1.27,21.82,0.05,6657.33
2,503.74,528.98,530.45,253.31,254.17,0.04,1.28,21.81,0.05,6647.88
2,506.03,530.07,531.55,252.89,253.76,0.04,1.28,21.79,0.05,6637.96
2.01,508.43,531.21,532.7,252.45,253.32,0.04,1.29,21.78,0.05,6627.57
2.01,510.96,532.41,533.9,251.99,252.86,0.03,1.29,21.77,0.05,6616.66
2.02,513.61,533.67,535.16,251.51,252.38,0.03,1.3,21.75,0.05,6605.22
2.02,516.41,534.98,536.47,251.01,251.87,0.02,1.3,21.74,0.05,6593.22
2.03,519.34,536.35,537.85,250.49,251.35,0.02,1.31,21.72,0.05,6580.66
2.03,522.41,537.78,539.29,249.95,250.8,0.02,1.31,21.7,0.05,6567.52
2.04,525.62,539.27,540.78,249.38,250.23,0.02,1.32,21.68,0.05,6553.82
2.05,528.98,540.82,542.33,248.8,249.64,0.03,1.33,21.67,0.05,6539.56
2.05,532.47,542.42,543.94,248.19,249.02,0.03,1.33,21.65,0.05,6524.76
2.06,536.09,544.08,545.6,247.56,248.38,0.04,1.34,21.63,0.05,6509.44
2.07,539.85,545.78,547.31,246.91,247.71,0.04,1.34,21.61,0.05,6493.61
2.07,543.74,547.54,549.07,246.23,247.03,0.04,1.35,21.58,0.05,6477.27
2.08,547.76,549.34,550.88,245.54,246.32,0.04,1.35,21.56,0.05,6460.45
2.09,551.91,551.19,552.73,244.82,245.6,0.04,1.36,21.54,0.05,6443.15
2.09,556.18,553.08,554.63,244.08,244.85,0.03,1.36,21.52,0.05,6425.37
2.1,560.58,555.01,556.57,243.32,244.08,0.03,1.37,21.49,0.05,6407.15
2.11,565.1,556.99,558.55,242.53,243.3,0.02,1.37,21.47,0.05,6388.49
2.12,569.73,559,560.57,241.73,242.49,0.01,1.38,21.44,0.05,6369.42
2.13,574.47,561.04,562.62,240.9,241.67,0.01,1.39,21.42,0.05,6349.99
2.14,579.29,563.1,564.69,240.06,240.84,0.02,1.39,21.39,0.05,6330.29
2.14,580.22,563.5,565.08,239.9,240.69,0.02,1.39,21.39,0.05,6326.53
2.14,581.6,564.09,565.67,239.77,240.57,0.02,1.39,21.38,0.05,6323.55
2.14,583.69,564.97,566.56,239.59,240.39,0.03,1.4,21.37,0.05,6319.07
2.15,586.81,566.29,567.89,239.31,240.12,0.03,1.4,21.36,0.05,6312.35
2.16,591.52,568.28,569.88,238.9,239.71,0.04,1.41,21.33,0.05,6302.28
2.17,596.54,570.38,571.99,238.46,239.28,0.04,1.41,21.31,0.05,6291.57
2.18,601.63,572.5,574.12,238.02,238.84,0.04,1.42,21.28,0.05,6280.77
2.18,606.77,574.63,576.26,237.58,238.4,0.03,1.42,21.26,0.05,6269.89
2.19,611.97,576.78,578.41,237.14,237.96,0.03,1.43,21.23,0.05,6258.92
2.2,617.24,578.94,580.58,236.7,237.51,0.02,1.43,21.21,0.05,6247.84
2.21,622.58,581.12,582.76,236.27,237.06,0.01,1.44,21.18,0.05,6236.67
2.22,627.98,583.31,584.96,235.83,236.6,0.01,1.44,21.16,0.05,6225.4
2.23,633.42,585.5,587.16,235.39,236.14,0.02,1.45,21.13,0.05,6214.12
2.24,638.85,587.68,589.34,234.96,235.68,0.03,1.45,21.1,0.05,6202.86
2.25,644.3,589.85,591.52,234.51,235.22,0.04,1.46,21.08,0.05,6191.62
2.26,649.77,592.02,593.7,234.06,234.76,0.04,1.47,21.05,0.05,6180.38
2.27,655.28,594.19,595.88,233.61,234.3,0.04,1.47,21.03,0.05,6169.11
2.28,660.84,596.37,598.06,233.14,233.84,0.03,1.48,21,0.05,6157.78
2.29,666.45,598.56,600.26,232.66,233.38,0.03,1.48,20.97,0.05,6146.38
2.3,672.11,600.75,602.46,232.18,232.91,0.02,1.49,20.95,0.05,6134.91
2.31,677.84,602.96,604.67,231.69,232.44,0.01,1.49,20.92,0.05,6123.36
2.31,683.62,605.17,606.89,231.2,231.96,0.01,1.5,20.89,0.05,6111.74
2.32,689.42,607.38,609.11,230.7,231.49,0.02,1.5,20.87,0.05,6100.12
2.33,695.21,609.58,611.31,230.21,231.02,0.02,1.51,20.84,0.05,6088.56
2.34,701.02,611.76,613.51,229.73,230.55,0.03,1.52,20.81,0.05,6077.03
2.35,706.84,613.94,615.69,229.25,230.07,0.03,1.52,20.79,0.05,6065.49
2.36,712.69,616.12,617.88,228.77,229.6,0.03,1.53,20.76,0.05,6053.95
2.37,718.57,618.3,620.07,228.3,229.13,0.03,1.53,20.73,0.05,6042.37
2.38,724.5,620.48,622.26,227.84,228.65,0.03,1.54,20.71,0.05,6030.75
2.39,730.49,622.68,624.46,227.38,228.17,0.02,1.54,20.68,0.05,6019.06
2.4,736.53,624.88,626.66,226.92,227.68,0.01,1.55,20.65,0.05,6007.3
2.41,742.63,627.09,628.88,226.46,227.19,0,1.55,20.63,0.05,5995.46
2.42,748.78,629.3,631.1,225.99,226.7,0.01,1.56,20.6,0.05,5983.58
2.43,754.91,631.5,633.31,225.52,226.22,0.02,1.57,20.57,0.05,5971.76
2.44,761.05,633.68,635.5,225.05,225.73,0.03,1.57,20.54,0.05,5959.98
2.45,767.21,635.86,637.69,224.58,225.25,0.03,1.58,20.52,0.05,5948.21
2.46,773.39,638.04,639.87,224.09,224.76,0.03,1.58,20.49,0.05,5936.43
2.47,779.6,640.22,642.05,223.6,224.27,0.03,1.59,20.46,0.05,5924.62
2.48,785.87,642.4,644.24,223.1,223.78,0.02,1.59,20.44,0.05,5912.76
2.49,792.2,644.59,646.44,222.59,223.29,0.02,1.6,20.41,0.05,5900.82
2.49,793.72,645.11,646.97,222.46,223.17,0.01,1.6,20.4,0.05,5897.96
2.49,796,645.9,647.75,222.18,222.89,0.01,1.6,20.39,0.05,5891.67
2.5,799.43,647.08,648.94,221.74,222.47,0,1.61,20.38,0.05,5882.23
2.51,804.59,648.84,650.7,221.09,221.84,0.01,1.61,20.36,0.05,5868.07
2.52,811.07,651.04,652.91,220.28,221.05,0.02,1.62,20.33,0.05,5850.35
2.53,817.53,653.22,655.1,219.48,220.26,0.03,1.62,20.3,0.05,5832.72
2.54,824,655.39,657.27,218.68,219.47,0.03,1.63,20.28,0.05,5815.13
2.55,830.5,657.55,659.44,217.89,218.68,0.04,1.63,20.25,0.05,5797.53
2.56,837.03,659.7,661.61,217.11,217.89,0.03,1.64,20.23,0.05,5779.88
2.57,843.63,661.87,663.78,216.33,217.09,0.03,1.64,20.2,0.05,5762.11
2.58,850.26,664.03,665.95,215.55,216.29,0.02,1.65,20.17,0.05,5744.32
2.59,856.91,666.18,668.1,214.77,215.48,0.01,1.65,20.15,0.05,5726.53
2.6,863.59,668.32,670.25,213.98,214.67,0.01,1.66,20.12,0.05,5708.75
2.6,865.34,668.89,670.82,213.78,214.46,0.01,1.66,20.11,0.05,5704.08
2.6,867.97,669.72,671.66,212.46,213.14,0.01,1.66,20.1,0.05,5677.41
2.61,871.93,670.97,672.91,210.49,211.16,0.02,1.67,20.09,0.05,5637.4
2.62,877.87,672.82,674.77,207.53,208.19,0.02,1.67,20.07,0.05,5577.39
2.63,884.61,674.88,676.83,204.18,204.83,0.03,1.68,20.05,0.05,5509.57
2.64,891.37,676.9,678.86,200.82,201.47,0.03,1.68,20.03,0.05,5441.76
2.65,898.15,678.9,680.86,197.46,198.1,0.03,1.69,20.01,0.05,5373.94
2.66,904.95,680.85,682.82,194.09,194.73,0.02,1.69,19.99,0.05,5306.13
2.67,911.77,682.78,684.75,190.72,191.36,0.02,1.7,19.97,0.05,5238.32
2.68,918.6,684.67,686.65,187.35,187.98,0.01,1.7,19.95,0.05,5170.5
2.69,925.46,686.52,688.51,183.98,184.61,0,1.71,19.93,0.05,5102.69
2.7,932.33,688.35,690.34,180.61,181.23,0.01,1.71,19.9,0.05,5034.87
2.71,939.23,690.14,692.14,177.24,177.85,0.02,1.72,19.88,0.05,4967.06
2.72,946.14,691.89,693.9,173.87,174.46,0.02,1.72,19.86,0.05,4899.25
2.73,953.06,693.61,695.63,170.49,171.08,0.03,1.73,19.84,0.05,4831.43
2.74,960.01,695.3,697.32,167.12,167.69,0.03,1.73,19.82,0.05,4763.62
2.75,966.97,696.96,698.98,163.74,164.29,0.03,1.74,19.8,0.05,4695.8
2.76,973.95,698.58,700.61,160.37,160.9,0.02,1.74,19.78,0.05,4627.99
2.77,980.94,700.16,702.2,156.98,157.5,0.02,1.75,19.76,0.05,4560.18
2.78,987.95,701.72,703.76,153.59,154.1,0.01,1.75,19.74,0.05,4492.36
2.79,994.98,703.24,705.28,150.2,150.7,0.01,1.75,19.71,0.05,4424.55
2.8,1002.02,704.72,706.77,146.79,147.29,0.01,1.76,19.69,0.05,4356.73
2.81,1009.07,706.17,708.23,143.38,143.88,0.02,1.76,19.67,0.05,4288.92
2.82,1016.14,707.59,709.65,139.96,140.47,0.02,1.77,19.65,0.05,4221.11
2.83,1023.22,708.97,711.04,136.54,137.06,0.02,1.77,19.63,0.05,4153.29
2.84,1030.32,710.32,712.39,133.12,133.65,0.03,1.77,19.61,0.05,4085.48
2.85,1037.43,711.63,713.71,129.71,130.23,0.03,1.78,19.59,0.05,4017.66
2.86,1044.55,712.91,714.99,126.3,126.8,0.02,1.78,19.57,0.05,3949.85
2.87,1051.69,714.16,716.24,122.9,123.38,0.02,1.78,19.55,0.05,3882.04
2.88,1058.83,715.37,717.46,119.5,119.95,0.01,1.79,19.52,0.05,3814.22
2.89,1065.99,716.55,718.64,116.1,116.52,0.01,1.79,19.5,0.05,3746.41
2.9,1073.17,717.69,719.79,112.69,113.08,0.02,1.79,19.48,0.05,3678.59
2.91,1080.35,718.8,720.91,109.28,109.64,0.02,1.8,19.46,0.05,3610.78
2.92,1087.77,719.91,722.02,105.75,106.09,0.02,1.8,19.44,0.05,3540.82
2.93,1094.97,720.97,723.08,105.11,105.45,0.02,1.8,19.42,0.05,3527.94
2.94,1102.19,722.01,724.13,104.47,104.8,0.02,1.81,19.41,0.05,3515.06
2.95,1109.41,723.06,725.17,103.81,104.16,0.02,1.81,19.39,0.05,3502.18
2.96,1116.65,724.09,726.21,103.15,103.51,0.01,1.81,19.38,0.05,3489.3
2.97,1123.9,725.12,727.24,102.49,102.86,0.01,1.82,19.36,0.05,3476.42
2.98,1131.15,726.14,728.27,101.82,102.21,0.01,1.82,19.34,0.05,3463.54
2.99,1138.42,727.16,729.29,101.16,101.56,0.01,1.82,19.33,0.05,3450.66
3,1145.7,728.16,730.3,100.5,100.92,0.02,1.82,19.31,0.05,3437.78
3.01,1152.98,729.17,731.3,99.85,100.27,0.02,1.83,19.3,0.05,3424.91
3.02,1160.28,730.16,732.3,99.2,99.62,0.02,1.83,19.28,0.05,3412.03
3.02,1162.47,730.46,732.6,99.01,99.43,0.02,1.83,19.28,0.05,3408.16
3.03,1165.76,730.9,733.05,97.97,98.38,0.02,1.83,19.27,0.05,3387.97
3.03,1170.69,731.56,733.71,96.42,96.82,0.02,1.83,19.26,0.05,3357.69
3.04,1178.01,732.51,734.66,94.12,94.5,0.01,1.84,19.24,0.05,3312.83
3.05,1185.34,733.44,735.6,91.82,92.18,0.01,1.84,19.23,0.05,3267.97
3.06,1192.68,734.35,736.51,89.52,89.86,0.01,1.84,19.22,0.05,3223.1
3.07,1200.03,735.23,737.39,87.23,87.54,0.01,1.84,19.2,0.05,3178.24
3.08,1207.39,736.09,738.26,84.93,85.22,0.01,1.85,19.19,0.05,3133.38
3.09,1214.75,736.93,739.1,82.62,82.9,0.01,1.85,19.17,0.05,3088.52
3.1,1222.13,737.74,739.91,80.31,80.58,0.02,1.85,19.16,0.05,3043.65
3.11,1229.51,738.53,740.71,77.99,78.26,0.02,1.85,19.14,0.05,2998.79
3.12,1236.9,739.3,741.48,75.67,75.94,0.02,1.86,19.13,0.05,2953.93
3.13,1244.29,740.05,742.23,73.35,73.62,0.01,1.86,19.12,0.05,2909.06
3.14,1247.81,740.39,742.57,72.25,72.52,0.01,1.86,19.11,0.05,2887.76
3.15,1253.09,740.9,743.09,70.75,71.03,0.01,1.86,19.1,0.05,2859.03
3.16,1260.5,741.6,743.79,68.66,68.94,0.01,1.86,19.09,0.05,2818.72
3.17,1267.92,742.28,744.46,66.56,66.84,0,1.86,19.08,0.05,2778.41
3.18,1275.34,742.93,745.12,64.48,64.75,0.01,1.87,19.06,0.05,2738.1
3.19,1282.78,743.57,745.76,62.39,62.66,0.01,1.87,19.05,0.05,2697.78
3.2,1290.22,744.18,746.38,60.3,60.56,0.01,1.87,19.04,0.05,2657.47
3.21,1297.66,744.77,746.97,58.22,58.47,0.02,1.87,19.03,0.05,2617.16
3.22,1305.11,745.34,747.54,56.13,56.38,0.02,1.87,19.02,0.05,2576.85
3.23,1312.57,745.89,748.1,54.04,54.29,0.02,1.87,19.01,0.05,2536.53
3.24,1320.03,746.42,748.63,51.96,52.19,0.01,1.88,18.99,0.05,2496.22
3.25,1327.5,746.93,749.14,49.87,50.1,0.01,1.88,18.98,0.05,2455.91
3.26,1334.97,747.42,749.63,47.79,48.01,0,1.88,18.97,0.05,2415.6
3.27,1342.44,747.89,750.1,45.71,45.92,0,1.88,18.96,0.05,2375.28
3.28,1349.92,748.34,750.55,43.63,43.82,0.01,1.88,18.95,0.05,2334.97
3.29,1357.41,748.76,750.98,41.54,41.73,0.01,1.88,18.94,0.05,2294.66
3.3,1364.9,749.17,751.38,39.46,39.64,0.01,1.88,18.92,0.05,2254.35
3.3,1368.55,749.36,751.58,38.44,38.62,0.02,1.89,18.92,0.05,2234.69
3.31,1374.03,749.63,751.85,36.01,36.18,0.02,1.89,18.91,0.05,2188.06
3.32,1381.53,749.97,752.19,32.68,32.84,0.01,1.89,18.9,0.05,2124.28
3.33,1389.03,750.28,752.51,29.36,29.51,0.01,1.89,18.89,0.05,2060.51
3.34,1396.54,750.56,752.78,26.04,26.17,0.01,1.89,18.89,0.05,1996.73
3.35,1404.04,750.8,753.03,22.71,22.83,0.01,1.89,18.88,0.05,1932.96
3.36,1411.55,751.01,753.24,19.39,19.5,0,1.89,18.87,0.05,1869.18
3.37,1419.06,751.19,753.42,16.06,16.18,0.01,1.89,18.86,0.05,1805.4
3.38,1426.58,751.34,753.56,12.74,12.85,0.01,1.89,18.85,0.05,1741.63
3.39,1434.09,751.45,753.68,9.41,9.54,0.02,1.89,18.84,0.05,1677.85
3.39,1434.84,751.46,753.68,9.13,9.26,0.02,1.89,18.84,0.05,1672.39
3.39,1435.97,751.47,753.7,8.86,8.99,0.02,1.89,18.84,0.05,1667.19
3.39,1437.66,751.49,753.72,8.46,8.59,0.02,1.89,18.84,0.05,1659.39
3.4,1440.2,751.52,753.75,7.86,7.99,0.02,1.89,18.83,0.05,1647.69
3.4,1444,751.55,753.78,6.96,7.1,0.02,1.89,18.83,0.05,1630.15
3.41,1449.71,751.6,753.83,5.61,5.75,0.02,1.9,18.83,0.05,1603.83
3.42,1457.22,751.65,753.88,3.84,3.98,0.02,1.9,18.82,0.05,1569.18
3.43,1464.74,751.68,753.91,2.06,2.23,0.01,1.9,18.81,0.05,1534.52
3.44,1472.26,751.69,753.92,0.29,0.7,0.01,1.9,18.8,0.05,1499.87
3.44,1474.44,751.69,753.92,-0.23,0.63,0.01,1.9,18.8,0.05,1489.8
3.45,1477.72,751.69,753.92,-0.36,0.67,0.01,1.9,18.8,0.05,1486.77
3.45,1482.63,751.69,753.92,-0.56,0.8,0,1.9,18.79,0.05,1482.24
3.46,1490.01,751.68,753.91,-0.87,1.08,0,1.9,18.79,0.05,1475.44
3.47,1497.52,751.67,753.9,-1.18,1.39,0.01,1.9,18.78,0.05,1468.5
3.48,1505.04,751.65,753.89,-1.5,1.71,0.01,1.9,18.77,0.05,1461.57
3.49,1512.56,751.64,753.87,-1.81,2.01,0.01,1.9,18.77,0.05,1454.63
3.5,1520.07,751.62,753.85,-2.12,2.3,0.02,1.9,18.76,0.05,1447.7
3.51,1527.59,751.6,753.83,-2.43,2.6,0.02,1.9,18.75,0.05,1440.76
3.52,1535.11,751.57,753.81,-2.73,2.88,0.02,1.9,18.75,0.05,1433.83
3.53,1542.62,751.54,753.78,-3.04,3.15,0.01,1.9,18.74,0.05,1426.89
3.54,1550.14,751.51,753.75,-3.33,3.41,0.01,1.9,18.73,0.05,1419.96
3.54,1551.86,751.5,753.74,-3.4,3.47,0.01,1.9,18.73,0.05,1418.37
3.55,1554.44,751.49,753.73,-3.72,3.77,0.01,1.9,18.73,0.05,1411.89
3.55,1558.32,751.47,753.71,-4.2,4.23,0.01,1.9,18.73,0.05,1402.17
3.56,1564.14,751.43,753.67,-4.91,4.91,0,1.9,18.72,0.05,1387.59
3.57,1571.65,751.38,753.62,-5.83,5.83,0.01,1.9,18.72,0.05,1368.75
3.58,1579.16,751.32,753.56,-6.75,6.76,0.02,1.9,18.71,0.05,1349.91
3.59,1586.68,751.24,753.49,-7.67,7.69,0.02,1.9,18.7,0.05,1331.08
3.6,1594.19,751.16,753.4,-8.6,8.63,0.02,1.9,18.7,0.05,1312.24
3.61,1600.7,751.09,753.33,-9.42,9.44,0.02,1.9,18.69,0.05,1295.92
3.62,1608.21,750.98,753.22,-12.6,12.62,0.02,1.9,18.69,0.05,1235.21
3.63,1615.72,750.83,753.07,-15.78,15.8,0.01,1.9,18.68,0.05,1174.5
3.64,1623.22,750.66,752.9,-18.96,18.98,0,1.9,18.68,0.05,1113.79
3.65,1630.73,750.45,752.69,-22.14,22.16,0.01,1.9,18.67,0.05,1053.09
3.66,1638.23,750.22,752.46,-25.31,25.33,0.01,1.9,18.67,0.05,992.38
3.67,1645.73,749.95,752.19,-28.48,28.51,0.02,1.9,18.66,0.05,931.67
3.68,1653.23,749.65,751.89,-31.65,31.67,0.02,1.9,18.66,0.05,870.96
3.69,1659.98,749.35,751.59,-34.49,34.52,0.02,1.9,18.65,0.05,816.33
3.7,1667.47,749,751.24,-35.36,35.4,0.02,1.89,18.65,0.05,798.19
3.71,1674.96,748.64,750.88,-36.23,36.27,0.02,1.89,18.65,0.05,780.05
3.72,1682.44,748.28,750.51,-37.09,37.15,0.01,1.89,18.64,0.05,761.91
3.73,1689.92,747.9,750.14,-37.95,38.02,0.01,1.89,18.64,0.05,743.76
3.74,1697.4,747.52,749.75,-38.81,38.89,0,1.89,18.64,0.05,725.62
3.75,1704.87,747.12,749.36,-39.68,39.77,0.01,1.89,18.63,0.05,707.48
3.76,1712.34,746.72,748.96,-40.54,40.64,0.02,1.89,18.63,0.05,689.34
3.77,1719.81,746.31,748.55,-41.4,41.52,0.02,1.89,18.63,0.05,671.2
3.78,1727.27,745.9,748.13,-42.27,42.39,0.03,1.89,18.62,0.05,653.06
3.79,1734.72,745.47,747.7,-43.1,43.23,0.03,1.89,18.62,0.05,635.64
3.8,1742.18,745.03,747.26,-43.93,44.06,0.03,1.89,18.62,0.05,618.22
3.81,1749.62,744.59,746.82,-44.78,44.89,0.02,1.89,18.62,0.05,600.8
3.82,1757.07,744.14,746.37,-45.62,45.73,0.01,1.89,18.61,0.05,583.38
3.82,1757.81,744.09,746.32,-45.71,45.81,0.01,1.89,18.61,0.05,581.63
3.82,1758.93,744.02,746.25,-45.91,46.01,0.01,1.88,18.61,0.05,577.58
3.82,1760.6,743.92,746.15,-46.22,46.31,0.01,1.88,18.61,0.05,571.5
3.83,1763.11,743.76,745.99,-46.67,46.77,0,1.88,18.61,0.05,562.39
3.83,1766.88,743.53,745.75,-47.36,47.45,0.01,1.88,18.61,0.05,548.71
3.84,1772.52,743.16,745.39,-48.39,48.47,0.01,1.88,18.61,0.05,528.2
3.85,1779.95,742.67,744.9,-49.73,49.82,0.02,1.88,18.61,0.05,501.19
3.85,1783.08,742.46,744.69,-50.3,50.39,0.02,1.88,18.6,0.05,489.8
3.86,1787.78,742.14,744.36,-51.79,51.89,0.02,1.88,18.6,0.05,460.44
3.87,1794.82,741.63,743.86,-54.03,54.15,0.02,1.88,18.6,0.05,416.42
3.88,1802.24,741.08,743.31,-56.39,56.53,0.02,1.88,18.6,0.05,370.04
3.89,1809.65,740.51,742.73,-58.75,58.9,0.02,1.88,18.6,0.05,323.65
3.9,1815.7,740.02,742.24,-60.68,60.84,0.02,1.88,18.6,0.05,285.71
3.91,1823.1,739.4,741.62,-62.24,62.41,0.02,1.88,18.6,0.05,254.13
3.92,1830.49,738.77,740.99,-63.8,63.98,0.01,1.87,18.6,0.05,222.55
3.93,1837.87,738.13,740.34,-65.37,65.55,0.01,1.87,18.59,0.05,190.96
3.94,1845.25,737.47,739.68,-66.94,67.12,0.01,1.87,18.59,0.05,159.38
3.95,1852.62,736.79,739,-68.51,68.69,0.01,1.87,18.59,0.05,127.79
3.96,1859.99,736.1,738.31,-70.09,70.26,0.02,1.87,18.59,0.05,96.21
3.97,1867.34,735.39,737.6,-71.66,71.82,0.02,1.87,18.59,0.05,64.63
3.98,1874.69,734.66,736.87,-73.24,73.39,0.02,1.86,18.59,0.05,33.04
3.98,1877.63,734.37,736.57,-73.86,74.01,0.02,1.86,18.59,0.05,20.41
3.99,1882.04,733.92,736.13,-74.19,74.34,0.03,1.86,18.59,0.05,12.75
4,1888.64,733.25,735.46,-74.69,74.83,0.03,1.86,18.59,0.05,1.28
4,1889.37,733.18,735.38,-74.74,74.89,0.03,1.86,18.59,0.05,0
4,1890.47,733.07,735.27,-74.72,74.86,0.03,1.86,18.59,0.05,0
4,1892.12,732.9,735.1,-74.69,74.83,0.03,1.86,18.59,0.05,0
4,1894.6,732.65,734.85,-74.64,74.78,0.03,1.86,18.59,0.05,0
4.01,1898.3,732.27,734.47,-74.56,74.71,0.02,1.86,18.59,0.05,0
4.02,1903.86,731.7,733.9,-74.45,74.6,0.02,1.86,18.59,0.05,0
4.03,1911.18,730.96,733.16,-74.3,74.46,0.02,1.86,18.59,0.05,0
4.04,1918.48,730.22,732.42,-74.14,74.32,0.01,1.85,18.59,0.05,0
4.05,1925.78,729.48,731.67,-73.98,74.17,0.01,1.85,18.59,0.05,0
4.06,1933.07,728.74,730.93,-73.82,74.03,0.01,1.85,18.59,0.05,0
4.07,1940.35,728,730.19,-73.67,73.89,0.02,1.85,18.59,0.05,0
4.08,1947.63,727.27,729.45,-73.52,73.75,0.03,1.85,18.59,0.05,0
4.09,1954.9,726.53,728.72,-73.38,73.62,0.03,1.85,18.59,0.05,0
4.1,1962.16,725.8,727.98,-73.24,73.48,0.03,1.84,18.59,0.05,0
4.11,1969.42,725.07,727.25,-73.12,73.34,0.03,1.84,18.59,0.05,0
4.12,1976.66,724.34,726.52,-73,73.2,0.02,1.84,18.59,0.05,0
4.13,1983.9,723.61,725.78,-72.88,73.07,0.01,1.84,18.59,0.05,0
4.14,1991.13,722.88,725.05,-72.76,72.93,0.01,1.84,18.59,0.05,0
4.15,1998.36,722.15,724.33,-72.64,72.8,0.02,1.83,18.59,0.05,0
4.16,2005.58,721.42,723.6,-72.52,72.67,0.02,1.83,18.59,0.05,0
4.17,2012.79,720.7,722.87,-72.39,72.53,0.03,1.83,18.59,0.05,0
4.18,2019.99,719.98,722.15,-72.25,72.4,0.03,1.83,18.59,0.05,0
4.19,2027.19,719.26,721.42,-72.11,72.26,0.03,1.83,18.59,0.05,0
4.2,2034.38,718.53,720.7,-71.96,72.12,0.03,1.83,18.59,0.05,0
4.21,2041.56,717.82,719.98,-71.81,71.99,0.02,1.82,18.59,0.05,0
4.22,2048.73,717.1,719.26,-71.66,71.85,0.02,1.82,18.59,0.05,0
4.23,2055.9,716.38,718.55,-71.51,71.71,0.02,1.82,18.59,0.05,0
4.24,2063.06,715.67,717.83,-71.37,71.58,0.02,1.82,18.59,0.05,0
4.25,2070.21,714.96,717.11,-71.23,71.45,0.02,1.82,18.59,0.05,0
4.26,2077.36,714.24,716.4,-71.1,71.32,0.03,1.81,18.59,0.05,0
4.27,2084.5,713.53,715.69,-70.97,71.18,0.03,1.81,18.59,0.05,0
4.28,2091.63,712.82,714.98,-70.84,71.05,0.03,1.81,18.59,0.05,0
4.29,2098.76,712.12,714.27,-70.73,70.92,0.03,1.81,18.59,0.05,0
4.3,2105.87,711.41,713.56,-70.61,70.79,0.02,1.81,18.59,0.05,0
4.31,2112.98,710.7,712.85,-70.5,70.66,0.01,1.81,18.59,0.05,0
4.32,2120.09,710,712.14,-70.39,70.54,0.02,1.8,18.59,0.05,0
4.33,2127.18,709.3,711.44,-70.27,70.41,0.02,1.8,18.59,0.05,0
4.34,2134.27,708.59,710.74,-70.15,70.29,0.03,1.8,18.59,0.05,0
4.35,2141.36,707.89,710.03,-70.02,70.16,0.03,1.8,18.59,0.05,0
4.36,2148.43,707.19,709.33,-69.88,70.03,0.03,1.8,18.59,0.05,0
4.37,2155.5,706.5,708.63,-69.74,69.9,0.03,1.8,18.59,0.05,0
4.38,2162.56,705.8,707.94,-69.59,69.78,0.03,1.79,18.59,0.05,0
4.39,2169.62,705.1,707.24,-69.45,69.65,0.03,1.79,18.59,0.05,0
4.4,2176.66,704.41,706.54,-69.31,69.52,0.03,1.79,18.59,0.05,0
4.41,2183.7,703.72,705.85,-69.18,69.39,0.02,1.79,18.59,0.05,0
4.42,2190.74,703.03,705.15,-69.07,69.27,0.02,1.79,18.59,0.05,0
4.43,2197.76,702.34,704.46,-68.96,69.15,0.02,1.78,18.59,0.05,0
4.44,2204.78,701.65,703.77,-68.85,69.03,0.02,1.78,18.59,0.05,0
4.45,2211.8,700.96,703.08,-68.75,68.9,0.03,1.78,18.59,0.05,0
4.46,2218.8,700.27,702.39,-68.64,68.78,0.03,1.78,18.59,0.05,0
4.47,2225.8,699.59,701.71,-68.53,68.66,0.04,1.78,18.59,0.05,0
4.48,2232.79,698.9,701.02,-68.42,68.54,0.04,1.78,18.59,0.05,0
4.49,2239.78,698.22,700.34,-68.3,68.42,0.03,1.77,18.59,0.05,0
4.5,2246.76,697.54,699.65,-68.17,68.29,0.03,1.77,18.59,0.05,0
4.51,2253.73,696.86,698.97,-68.03,68.17,0.02,1.77,18.59,0.05,0
4.52,2260.7,696.18,698.29,-67.88,68.04,0.01,1.77,18.59,0.05,0
4.53,2267.65,695.5,697.61,-67.73,67.92,0.02,1.77,18.59,0.05,0
4.54,2274.61,694.82,696.93,-67.59,67.79,0.03,1.77,18.59,0.05,0
4.55,2281.55,694.15,696.25,-67.45,67.67,0.03,1.76,18.59,0.05,0
4.56,2288.49,693.47,695.58,-67.32,67.55,0.04,1.76,18.59,0.05,0
4.57,2295.42,692.8,694.9,-67.19,67.43,0.04,1.76,18.59,0.05,0
4.58,2302.35,692.13,694.23,-67.08,67.31,0.04,1.76,18.59,0.05,0
4.59,2309.26,691.46,693.56,-66.97,67.19,0.04,1.76,18.59,0.05,0
4.6,2316.17,690.79,692.89,-66.87,67.07,0.03,1.76,18.59,0.05,0
4.61,2323.08,690.12,692.22,-66.77,66.96,0.02,1.75,18.59,0.05,0
4.62,2329.98,689.45,691.55,-66.67,66.84,0.01,1.75,18.59,0.05,0
4.63,2336.87,688.79,690.88,-66.58,66.72,0.01,1.75,18.59,0.05,0
4.64,2343.75,688.12,690.21,-66.48,66.61,0.02,1.75,18.59,0.05,0
4.65,2350.63,687.46,689.55,-66.37,66.49,0.03,1.75,18.59,0.05,0
4.66,2357.5,686.79,688.88,-66.26,66.38,0.04,1.75,18.59,0.05,0
4.67,2364.37,686.13,688.22,-66.15,66.26,0.04,1.74,18.59,0.05,0
4.68,2371.22,685.47,687.56,-66.03,66.15,0.04,1.74,18.59,0.05,0
4.69,2378.08,684.81,686.9,-65.9,66.03,0.04,1.74,18.59,0.05,0
4.7,2384.92,684.15,686.24,-65.77,65.91,0.03,1.74,18.59,0.05,0
4.71,2391.76,683.5,685.58,-65.64,65.79,0.02,1.74,18.59,0.05,0
4.72,2398.59,682.84,684.92,-65.5,65.67,0.01,1.74,18.59,0.05,0
4.73,2405.42,682.19,684.27,-65.37,65.55,0.01,1.73,18.59,0.05,0
4.74,2412.23,681.53,683.61,-65.24,65.43,0.02,1.73,18.59,0.05,0
4.75,2419.05,680.88,682.96,-65.12,65.32,0.03,1.73,18.59,0.05,0
4.76,2425.85,680.23,682.3,-65.01,65.21,0.04,1.73,18.59,0.05,0
4.77,2432.65,679.58,681.65,-64.9,65.09,0.04,1.73,18.59,0.05,0
4.78,2439.44,678.93,681,-64.79,64.98,0.04,1.73,18.59,0.05,0
4.79,2446.23,678.29,680.35,-64.69,64.87,0.03,1.72,18.59,0.05,0
4.8,2453.01,677.64,679.7,-64.59,64.75,0.02,1.72,18.59,0.05,0
4.81,2459.78,676.99,679.06,-64.48,64.64,0.01,1.72,18.59,0.05,0
4.82,2466.55,676.35,678.41,-64.38,64.53,0.01,1.72,18.59,0.05,0
4.83,2473.31,675.71,677.77,-64.27,64.41,0.02,1.72,18.59,0.05,0
4.84,2480.06,675.06,677.12,-64.16,64.3,0.03,1.72,18.59,0.05,0
4.85,2486.81,674.42,676.48,-64.04,64.19,0.03,1.71,18.59,0.05,0
4.86,2493.55,673.78,675.84,-63.93,64.08,0.04,1.71,18.59,0.05,0
4.87,2500.29,673.14,675.2,-63.81,63.97,0.04,1.71,18.59,0.05,0
4.88,2507.01,672.51,674.56,-63.7,63.86,0.04,1.71,18.59,0.05,0
4.89,2513.74,671.87,673.92,-63.58,63.74,0.03,1.71,18.59,0.05,0
4.9,2520.45,671.24,673.29,-63.47,63.63,0.02,1.71,18.59,0.05,0
4.91,2527.16,670.6,672.65,-63.36,63.52,0.01,1.7,18.59,0.05,0
4.92,2533.86,669.97,672.02,-63.25,63.4,0.01,1.7,18.59,0.05,0
4.93,2540.56,669.34,671.38,-63.14,63.3,0.02,1.7,18.59,0.05,0
4.94,2547.25,668.71,670.75,-63.03,63.19,0.03,1.7,18.59,0.05,0
4.95,2553.93,668.08,670.12,-62.93,63.08,0.03,1.7,18.59,0.05,0
4.96,2560.61,667.45,669.49,-62.82,62.97,0.04,1.7,18.59,0.05,0
4.97,2567.28,666.82,668.86,-62.72,62.86,0.04,1.69,18.59,0.05,0
4.98,2573.95,666.19,668.23,-62.61,62.75,0.03,1.69,18.59,0.05,0
4.99,2580.61,665.57,667.6,-62.5,62.64,0.02,1.69,18.59,0.05,0
5,2587.26,664.94,666.98,-62.39,62.53,0.01,1.69,18.59,0.05,0
5.01,2593.91,664.32,666.35,-62.27,62.42,0,1.69,18.59,0.05,0
5.02,2600.55,663.7,665.73,-62.16,62.31,0.01,1.69,18.59,0.05,0
5.03,2607.18,663.08,665.11,-62.04,62.21,0.02,1.68,18.59,0.05,0
5.04,2613.81,662.46,664.49,-61.92,62.1,0.03,1.68,18.59,0.05,0
5.05,2620.43,661.84,663.87,-61.81,62,0.04,1.68,18.59,0.05,0
5.06,2627.04,661.22,663.25,-61.7,61.89,0.04,1.68,18.59,0.05,0
5.07,2633.65,660.6,662.63,-61.6,61.79,0.04,1.68,18.59,0.05,0
5.08,2640.26,659.99,662.01,-61.5,61.68,0.03,1.68,18.59,0.05,0
5.09,2646.85,659.37,661.39,-61.41,61.58,0.02,1.68,18.59,0.05,0
5.1,2653.44,658.76,660.78,-61.32,61.48,0.01,1.67,18.59,0.05,0
5.11,2660.03,658.15,660.16,-61.23,61.38,0,1.67,18.59,0.05,0
5.12,2666.61,657.53,659.55,-61.14,61.27,0.01,1.67,18.59,0.05,0
5.13,2673.18,656.92,658.94,-61.06,61.18,0.02,1.67,18.59,0.05,0
5.14,2679.75,656.31,658.33,-60.97,61.08,0.03,1.67,18.59,0.05,0
5.15,2686.31,655.7,657.72,-60.87,60.98,0.03,1.67,18.59,0.05,0
5.16,2692.86,655.1,657.11,-60.77,60.88,0.04,1.66,18.59,0.05,0
5.17,2699.41,654.49,656.5,-60.67,60.77,0.04,1.66,18.59,0.05,0
5.18,2705.95,653.88,655.89,-60.56,60.67,0.03,1.66,18.59,0.05,0
5.19,2712.49,653.28,655.29,-60.45,60.56,0.02,1.66,18.59,0.05,0
5.2,2719.01,652.67,654.68,-60.33,60.46,0.01,1.66,18.59,0.05,0
5.21,2725.54,652.07,654.08,-60.21,60.35,0,1.66,18.59,0.05,0
5.22,2732.06,651.47,653.48,-60.09,60.25,0.01,1.66,18.59,0.05,0
5.23,2738.57,650.87,652.87,-59.97,60.15,0.02,1.65,18.59,0.05,0
5.24,2745.07,650.27,652.27,-59.86,60.05,0.03,1.65,18.59,0.05,0
5.25,2751.57,649.67,651.67,-59.75,59.95,0.04,1.65,18.59,0.05,0
5.26,2758.07,649.08,651.07,-59.65,59.85,0.04,1.65,18.59,0.05,0
5.27,2764.55,648.48,650.48,-59.56,59.75,0.04,1.65,18.59,0.05,0
5.28,2771.04,647.88,649.88,-59.47,59.66,0.03,1.65,18.59,0.05,0
5.29,2777.51,647.29,649.28,-59.38,59.56,0.02,1.64,18.59,0.05,0
5.3,2783.98,646.7,648.69,-59.3,59.46,0.01,1.64,18.59,0.05,0
5.31,2790.45,646.1,648.09,-59.22,59.37,0,1.64,18.59,0.05,0
5.32,2796.9,645.51,647.5,-59.14,59.27,0.01,1.64,18.59,0.05,0
5.33,2803.36,644.92,646.91,-59.06,59.18,0.02,1.64,18.59,0.05,0
5.34,2809.8,644.33,646.32,-58.97,59.09,0.03,1.64,18.59,0.05,0
5.35,2816.24,643.74,645.73,-58.88,58.99,0.03,1.64,18.59,0.05,0
5.36,2822.68,643.15,645.14,-58.79,58.9,0.04,1.63,18.59,0.05,0
5.37,2829.11,642.57,644.55,-58.69,58.8,0.03,1.63,18.59,0.05,0
5.38,2835.53,641.98,643.96,-58.59,58.7,0.03,1.63,18.59,0.05,0
5.39,2841.95,641.39,643.37,-58.48,58.6,0.02,1.63,18.59,0.05,0
5.4,2848.36,640.81,642.79,-58.38,58.5,0.01,1.63,18.59,0.05,0
5.41,2854.76,640.23,642.21,-58.27,58.41,0,1.63,18.59,0.05,0
5.42,2861.16,639.64,641.62,-58.16,58.31,0.01,1.63,18.59,0.05,0
5.43,2867.56,639.06,641.04,-58.06,58.22,0.02,1.62,18.59,0.05,0
5.44,2873.94,638.48,640.46,-57.96,58.12,0.03,1.62,18.59,0.05,0
5.45,2880.32,637.9,639.88,-57.86,58.03,0.03,1.62,18.59,0.05,0
5.46,2886.7,637.33,639.3,-57.77,57.93,0.03,1.62,18.59,0.05,0
5.47,2893.07,636.75,638.72,-57.68,57.84,0.03,1.62,18.59,0.05,0
5.48,2899.44,636.17,638.14,-57.59,57.75,0.03,1.62,18.59,0.05,0
5.49,2905.79,635.6,637.56,-57.5,57.65,0.02,1.62,18.59,0.05,0
5.5,2912.15,635.02,636.99,-57.42,57.56,0.01,1.61,18.59,0.05,0
5.51,2918.5,634.45,636.41,-57.33,57.47,0,1.61,18.59,0.05,0
5.52,2924.84,633.88,635.84,-57.24,57.38,0.01,1.61,18.59,0.05,0
5.53,2931.17,633.3,635.26,-57.16,57.28,0.02,1.61,18.59,0.05,0
5.54,2937.5,632.73,634.69,-57.07,57.19,0.03,1.61,18.59,0.05,0
5.55,2943.83,632.16,634.12,-56.97,57.1,0.03,1.61,18.59,0.05,0
5.56,2950.15,631.59,633.55,-56.88,57.01,0.03,1.6,18.59,0.05,0
5.57,2956.46,631.02,632.98,-56.78,56.92,0.03,1.6,18.59,0.05,0
5.58,2962.77,630.46,632.41,-56.68,56.82,0.02,1.6,18.59,0.05,0
5.59,2969.07,629.89,631.84,-56.59,56.73,0.01,1.6,18.59,0.05,0
5.6,2975.36,629.33,631.28,-56.5,56.64,0.01,1.6,18.59,0.05,0
5.61,2981.65,628.76,630.71,-56.41,56.55,0.01,1.6,18.59,0.05,0
5.62,2987.94,628.2,630.15,-56.32,56.46,0.02,1.6,18.59,0.05,0
5.63,2994.22,627.63,629.58,-56.23,56.37,0.02,1.59,18.59,0.05,0
5.64,3000.49,627.07,629.02,-56.15,56.28,0.03,1.59,18.59,0.05,0
5.65,3006.76,626.51,628.46,-56.06,56.19,0.03,1.59,18.59,0.05,0
5.66,3013.02,625.95,627.9,-55.97,56.1,0.03,1.59,18.59,0.05,0
5.67,3019.28,625.39,627.34,-55.88,56.01,0.03,1.59,18.59,0.05,0
5.68,3025.53,624.83,626.78,-55.79,55.92,0.02,1.59,18.59,0.05,0
5.69,3031.78,624.28,626.22,-55.7,55.83,0.01,1.59,18.59,0.05,0
5.7,3038.02,623.72,625.66,-55.6,55.74,0,1.58,18.59,0.05,0
5.71,3044.25,623.16,625.1,-55.51,55.65,0.01,1.58,18.59,0.05,0
5.72,3050.48,622.61,624.55,-55.42,55.56,0.02,1.58,18.59,0.05,0
5.73,3056.7,622.06,623.99,-55.33,55.47,0.02,1.58,18.59,0.05,0
5.74,3062.92,621.5,623.44,-55.24,55.38,0.03,1.58,18.59,0.05,0
5.75,3069.13,620.95,622.88,-55.15,55.29,0.03,1.58,18.59,0.05,0
5.76,3075.34,620.4,622.33,-55.06,55.21,0.03,1.58,18.59,0.05,0
5.77,3081.54,619.85,621.78,-54.97,55.12,0.03,1.58,18.59,0.05,0
5.78,3087.74,619.3,621.23,-54.88,55.03,0.02,1.57,18.59,0.05,0
5.79,3093.93,618.75,620.68,-54.8,54.94,0.01,1.57,18.59,0.05,0
5.8,3100.11,618.21,620.13,-54.72,54.85,0.01,1.57,18.59,0.05,0
5.81,3106.29,617.66,619.58,-54.64,54.77,0,1.57,18.59,0.05,0
5.82,3112.46,617.11,619.03,-54.57,54.69,0.01,1.57,18.59,0.05,0
5.83,3118.63,616.57,618.49,-54.5,54.61,0.02,1.57,18.59,0.05,0
5.84,3124.8,616.02,617.94,-54.43,54.52,0.03,1.57,18.59,0.05,0
5.85,3130.95,615.48,617.4,-54.35,54.44,0.04,1.56,18.59,0.05,0
5.86,3137.11,614.94,616.85,-54.27,54.36,0.03,1.56,18.59,0.05,0
5.87,3143.25,614.39,616.31,-54.17,54.27,0.03,1.56,18.59,0.05,0
5.88,3149.39,613.85,615.77,-54.07,54.18,0.02,1.56,18.59,0.05,0
5.89,3155.53,613.31,615.23,-53.97,54.09,0.01,1.56,18.59,0.05,0
5.9,3161.66,612.77,614.69,-53.87,54.01,0.01,1.56,18.59,0.05,0
5.91,3167.78,612.23,614.15,-53.78,53.92,0.02,1.56,18.59,0.05,0
5.92,3173.9,611.7,613.61,-53.68,53.84,0.02,1.55,18.59,0.05,0
5.93,3180.02,611.16,613.07,-53.59,53.76,0.03,1.55,18.59,0.05,0
5.94,3186.13,610.63,612.53,-53.51,53.67,0.03,1.55,18.59,0.05,0
5.95,3192.23,610.09,612,-53.43,53.59,0.03,1.55,18.59,0.05,0
5.96,3198.33,609.56,611.46,-53.35,53.51,0.03,1.55,18.59,0.05,0
5.97,3204.42,609.02,610.93,-53.27,53.43,0.02,1.55,18.59,0.05,0
5.98,3210.51,608.49,610.39,-53.2,53.34,0.02,1.55,18.59,0.05,0
5.99,3216.59,607.96,609.86,-53.12,53.26,0.01,1.54,18.59,0.05,0
6,3222.67,607.43,609.33,-53.05,53.18,0.01,1.54,18.59,0.05,0
6.01,3228.74,606.9,608.8,-52.99,53.1,0.01,1.54,18.59,0.05,0
6.02,3234.81,606.37,608.27,-52.92,53.03,0.02,1.54,18.59,0.05,0
6.03,3240.87,605.84,607.74,-52.85,52.95,0.02,1.54,18.59,0.05,0
6.04,3246.92,605.31,607.21,-52.77,52.87,0.03,1.54,18.59,0.05,0
6.05,3252.97,604.78,606.68,-52.69,52.79,0.03,1.54,18.59,0.05,0
6.06,3259.02,604.26,606.15,-52.61,52.71,0.03,1.54,18.59,0.05,0
6.07,3265.06,603.73,605.63,-52.53,52.63,0.03,1.53,18.59,0.05,0
6.08,3271.09,603.21,605.1,-52.44,52.54,0.02,1.53,18.59,0.05,0
6.09,3277.12,602.68,604.57,-52.35,52.46,0.02,1.53,18.59,0.05,0
6.1,3283.15,602.16,604.05,-52.27,52.38,0.01,1.53,18.59,0.05,0
6.11,3289.17,601.64,603.53,-52.18,52.3,0.01,1.53,18.59,0.05,0
6.12,3295.18,601.12,603,-52.09,52.22,0.01,1.53,18.59,0.05,0
6.13,3301.19,600.6,602.48,-52,52.14,0.02,1.53,18.59,0.05,0
6.14,3307.19,600.08,601.96,-51.92,52.06,0.03,1.52,18.59,0.05,0
6.15,3313.19,599.56,601.44,-51.84,51.98,0.03,1.52,18.59,0.05,0
6.16,3319.18,599.04,600.92,-51.76,51.9,0.03,1.52,18.59,0.05,0
6.17,3325.17,598.52,600.4,-51.68,51.82,0.03,1.52,18.59,0.05,0
6.18,3331.15,598.01,599.89,-51.61,51.74,0.02,1.52,18.59,0.05,0
6.19,3337.13,597.49,599.37,-51.53,51.66,0.01,1.52,18.59,0.05,0
6.2,3343.1,596.98,598.85,-51.46,51.58,0.01,1.52,18.59,0.05,0
6.21,3349.07,596.46,598.34,-51.38,51.51,0.01,1.52,18.59,0.05,0
6.22,3355.03,595.95,597.82,-51.3,51.43,0.01,1.51,18.59,0.05,0
6.23,3360.99,595.44,597.31,-51.22,51.35,0.02,1.51,18.59,0.05,0
6.24,3366.94,594.92,596.8,-51.15,51.27,0.02,1.51,18.59,0.05,0
6.25,3372.89,594.41,596.28,-51.07,51.2,0.03,1.51,18.59,0.05,0
6.26,3378.83,593.9,595.77,-50.99,51.12,0.03,1.51,18.59,0.05,0
6.27,3384.77,593.39,595.26,-50.92,51.04,0.03,1.51,18.59,0.05,0
6.28,3390.7,592.88,594.75,-50.84,50.97,0.02,1.51,18.59,0.05,0
6.29,3396.62,592.38,594.24,-50.77,50.89,0.02,1.51,18.59,0.05,0
6.3,3402.55,591.87,593.73,-50.69,50.81,0.01,1.5,18.59,0.05,0
6.31,3408.46,591.36,593.23,-50.63,50.74,0.01,1.5,18.59,0.05,0
6.32,3414.37,590.86,592.72,-50.56,50.66,0.01,1.5,18.59,0.05,0
6.33,3420.28,590.35,592.21,-50.49,50.59,0.02,1.5,18.59,0.05,0
6.34,3426.18,589.85,591.71,-50.42,50.51,0.03,1.5,18.59,0.05,0
6.35,3432.08,589.34,591.2,-50.35,50.44,0.03,1.5,18.59,0.05,0
6.36,3437.97,588.84,590.7,-50.27,50.36,0.03,1.5,18.59,0.05,0
6.37,3443.85,588.34,590.2,-50.19,50.29,0.03,1.49,18.59,0.05,0
6.38,3449.73,587.84,589.69,-50.11,50.21,0.02,1.49,18.59,0.05,0
6.39,3455.61,587.33,589.19,-50.02,50.13,0.01,1.49,18.59,0.05,0
6.4,3461.48,586.84,588.69,-49.93,50.05,0.01,1.49,18.59,0.05,0
6.41,3467.35,586.34,588.19,-49.85,49.98,0.01,1.49,18.59,0.05,0
6.42,3473.21,585.84,587.69,-49.76,49.9,0.02,1.49,18.59,0.05,0
6.43,3479.06,585.34,587.19,-49.68,49.83,0.02,1.49,18.59,0.05,0
6.44,3484.91,584.84,586.69,-49.6,49.75,0.03,1.49,18.59,0.05,0
6.45,3490.76,584.35,586.2,-49.53,49.68,0.03,1.48,18.59,0.05,0
6.46,3496.6,583.85,585.7,-49.46,49.6,0.03,1.48,18.59,0.05,0
6.47,3502.44,583.36,585.21,-49.39,49.53,0.02,1.48,18.59,0.05,0
6.48,3508.27,582.87,584.71,-49.32,49.46,0.02,1.48,18.59,0.05,0
6.49,3514.09,582.37,584.22,-49.25,49.38,0.02,1.48,18.59,0.05,0
6.5,3519.92,581.88,583.72,-49.19,49.31,0.01,1.48,18.59,0.05,0
6.51,3525.73,581.39,583.23,-49.13,49.24,0.01,1.48,18.59,0.05,0
6.52,3531.54,580.9,582.74,-49.06,49.17,0.01,1.48,18.59,0.05,0
6.53,3537.35,580.41,582.25,-49,49.1,0.02,1.47,18.59,0.05,0
6.54,3543.15,579.92,581.76,-48.93,49.03,0.02,1.47,18.59,0.05,0
6.55,3548.95,579.43,581.27,-48.86,48.95,0.02,1.47,18.59,0.05,0
6.56,3554.74,578.94,580.78,-48.79,48.88,0.02,1.47,18.59,0.05,0
6.57,3560.53,578.45,580.29,-48.72,48.81,0.02,1.47,18.59,0.05,0
6.58,3566.31,577.97,579.8,-48.65,48.74,0.02,1.47,18.59,0.05,0
6.59,3572.09,577.48,579.31,-48.58,48.66,0.02,1.47,18.59,0.05,0
6.6,3577.86,577,578.83,-48.5,48.59,0.02,1.47,18.59,0.05,0
6.61,3583.63,576.51,578.34,-48.42,48.52,0.02,1.46,18.59,0.05,0
6.62,3589.39,576.03,577.86,-48.34,48.44,0.01,1.46,18.59,0.05,0
6.63,3595.15,575.54,577.37,-48.26,48.37,0.01,1.46,18.59,0.05,0
6.64,3600.9,575.06,576.89,-48.18,48.3,0.02,1.46,18.59,0.05,0
6.65,3606.65,574.58,576.41,-48.1,48.23,0.02,1.46,18.59,0.05,0
6.66,3612.39,574.1,575.93,-48.03,48.15,0.02,1.46,18.59,0.05,0
6.67,3618.13,573.62,575.44,-47.95,48.08,0.03,1.46,18.59,0.05,0
6.68,3623.86,573.14,574.96,-47.88,48.01,0.03,1.46,18.59,0.05,0
6.69,3629.59,572.66,574.48,-47.81,47.95,0.03,1.46,18.59,0.05,0
6.7,3635.32,572.18,574.01,-47.74,47.88,0.02,1.45,18.59,0.05,0
6.71,3641.04,571.71,573.53,-47.67,47.81,0.02,1.45,18.59,0.05,0
6.72,3646.75,571.23,573.05,-47.61,47.74,0.02,1.45,18.59,0.05,0
6.73,3652.46,570.76,572.57,-47.55,47.67,0.02,1.45,18.59,0.05,0
6.74,3658.17,570.28,572.1,-47.48,47.6,0.02,1.45,18.59,0.05,0
6.75,3663.87,569.81,571.62,-47.42,47.54,0.02,1.45,18.59,0.05,0
6.76,3669.56,569.33,571.15,-47.36,47.47,0.02,1.45,18.59,0.05,0
6.77,3675.25,568.86,570.67,-47.3,47.41,0.02,1.45,18.59,0.05,0
6.78,3680.94,568.39,570.2,-47.24,47.34,0.03,1.44,18.59,0.05,0
6.79,3686.62,567.91,569.72,-47.18,47.27,0.03,1.44,18.59,0.05,0
6.8,3692.3,567.44,569.25,-47.11,47.21,0.03,1.44,18.59,0.05,0
6.81,3697.97,566.97,568.78,-47.05,47.14,0.02,1.44,18.59,0.05,0
6.82,3703.64,566.5,568.31,-46.98,47.07,0.02,1.44,18.59,0.05,0
6.83,3709.3,566.03,567.84,-46.92,47,0.02,1.44,18.59,0.05,0
6.84,3714.96,565.56,567.37,-46.85,46.94,0.02,1.44,18.59,0.05,0
6.85,3720.61,565.09,566.9,-46.78,46.87,0.02,1.44,18.59,0.05,0
6.86,3726.26,564.63,566.43,-46.71,46.8,0.02,1.43,18.59,0.05,0
6.87,3731.9,564.16,565.96,-46.63,46.73,0.02,1.43,18.59,0.05,0
6.88,3737.54,563.69,565.5,-46.56,46.67,0.02,1.43,18.59,0.05,0
6.89,3743.18,563.23,565.03,-46.49,46.6,0.02,1.43,18.59,0.05,0
6.9,3748.81,562.77,564.57,-46.42,46.53,0.02,1.43,18.59,0.05,0
6.91,3754.43,562.3,564.1,-46.34,46.46,0.02,1.43,18.59,0.05,0
6.92,3760.05,561.84,563.64,-46.27,46.4,0.02,1.43,18.59,0.05,0
6.93,3765.67,561.38,563.17,-46.2,46.33,0.03,1.43,18.59,0.05,0
6.94,3771.28,560.91,562.71,-46.13,46.26,0.03,1.43,18.59,0.05,0
6.95,3776.89,560.45,562.25,-46.06,46.2,0.03,1.42,18.59,0.05,0
6.96,3782.49,559.99,561.79,-46,46.13,0.02,1.42,18.59,0.05,0
6.97,3788.09,559.53,561.33,-45.94,46.07,0.02,1.42,18.59,0.05,0
6.98,3793.68,559.07,560.86,-45.89,46.01,0.02,1.42,18.59,0.05,0
6.99,3799.27,558.62,560.4,-45.83,45.94,0.02,1.42,18.59,0.05,0
7,3804.85,558.16,559.95,-45.77,45.88,0.03,1.42,18.59,0.05,0
7.01,3810.43,557.7,559.49,-45.72,45.82,0.03,1.42,18.59,0.05,0
7.02,3816.01,557.24,559.03,-45.66,45.75,0.03,1.42,18.59,0.05,0
7.03,3821.58,556.79,558.57,-45.6,45.69,0.03,1.41,18.59,0.05,0
7.04,3827.14,556.33,558.12,-45.54,45.63,0.03,1.41,18.59,0.05,0
7.05,3832.7,555.88,557.66,-45.48,45.56,0.03,1.41,18.59,0.05,0
7.06,3838.26,555.42,557.21,-45.42,45.5,0.03,1.41,18.59,0.05,0
7.07,3843.81,554.97,556.75,-45.36,45.43,0.02,1.41,18.59,0.05,0
7.08,3849.36,554.51,556.3,-45.29,45.37,0.02,1.41,18.59,0.05,0
7.09,3854.9,554.06,555.84,-45.22,45.31,0.02,1.41,18.59,0.05,0
7.1,3860.44,553.61,555.39,-45.15,45.24,0.03,1.41,18.59,0.05,0
7.11,3865.98,553.16,554.94,-45.08,45.18,0.03,1.41,18.59,0.05,0
7.12,3871.5,552.71,554.49,-45.01,45.11,0.03,1.4,18.59,0.05,0
7.13,3877.03,552.26,554.04,-44.94,45.05,0.03,1.4,18.59,0.05,0
7.14,3882.55,551.81,553.59,-44.87,44.98,0.03,1.4,18.59,0.05,0
7.15,3888.07,551.36,553.14,-44.8,44.92,0.03,1.4,18.59,0.05,0
7.16,3893.58,550.91,552.69,-44.73,44.85,0.03,1.4,18.59,0.05,0
7.17,3899.08,550.47,552.24,-44.67,44.79,0.02,1.4,18.59,0.05,0
7.18,3904.59,550.02,551.79,-44.6,44.73,0.02,1.4,18.59,0.05,0
7.19,3910.08,549.57,551.35,-44.54,44.66,0.02,1.4,18.59,0.05,0
7.2,3915.58,549.13,550.9,-44.48,44.6,0.02,1.4,18.59,0.05,0
7.21,3921.07,548.68,550.45,-44.42,44.54,0.02,1.39,18.59,0.05,0
7.22,3926.55,548.24,550.01,-44.36,44.48,0.02,1.39,18.59,0.05,0
7.23,3932.03,547.8,549.56,-44.3,44.42,0.03,1.39,18.59,0.05,0
7.24,3937.51,547.35,549.12,-44.25,44.36,0.03,1.39,18.59,0.05,0
7.25,3942.98,546.91,548.68,-44.19,44.3,0.03,1.39,18.59,0.05,0
7.26,3948.45,546.47,548.23,-44.14,44.24,0.02,1.39,18.59,0.05,0
7.27,3953.91,546.03,547.79,-44.08,44.18,0.02,1.39,18.59,0.05,0
7.28,3959.37,545.59,547.35,-44.03,44.12,0.02,1.39,18.59,0.05,0
7.29,3964.82,545.15,546.91,-43.97,44.06,0.02,1.39,18.59,0.05,0
7.3,3970.27,544.71,546.47,-43.92,44,0.02,1.38,18.59,0.05,0
7.31,3975.71,544.27,546.03,-43.86,43.94,0.02,1.38,18.59,0.05,0
7.32,3981.15,543.83,545.59,-43.8,43.88,0.03,1.38,18.59,0.05,0
7.33,3986.59,543.39,545.15,-43.74,43.82,0.03,1.38,18.59,0.05,0
7.34,3992.02,542.96,544.72,-43.68,43.75,0.03,1.38,18.59,0.05,0
7.35,3997.45,542.52,544.28,-43.61,43.69,0.03,1.38,18.59,0.05,0
7.36,4002.87,542.09,543.84,-43.54,43.63,0.02,1.38,18.59,0.05,0
7.37,4008.29,541.65,543.41,-43.47,43.57,0.02,1.38,18.59,0.05,0
7.38,4013.71,541.22,542.97,-43.4,43.5,0.02,1.38,18.59,0.05,0
7.39,4019.12,540.78,542.54,-43.33,43.44,0.02,1.37,18.59,0.05,0
7.4,4024.52,540.35,542.1,-43.26,43.38,0.03,1.37,18.59,0.05,0
7.41,4029.92,539.92,541.67,-43.2,43.32,0.03,1.37,18.59,0.05,0
7.42,4035.32,539.49,541.24,-43.13,43.26,0.03,1.37,18.59,0.05,0
7.43,4040.71,539.05,540.8,-43.08,43.2,0.03,1.37,18.59,0.05,0
7.44,4046.1,538.62,540.37,-43.02,43.14,0.02,1.37,18.59,0.05,0
7.45,4051.49,538.19,539.94,-42.97,43.08,0.02,1.37,18.59,0.05,0
7.46,4056.86,537.76,539.51,-42.91,43.03,0.02,1.37,18.59,0.05,0
7.47,4062.24,537.34,539.08,-42.86,42.97,0.02,1.37,18.59,0.05,0
7.48,4067.61,536.91,538.65,-42.8,42.91,0.02,1.36,18.59,0.05,0
7.49,4072.98,536.48,538.22,-42.75,42.85,0.02,1.36,18.59,0.05,0
7.5,4078.34,536.05,537.79,-42.7,42.8,0.02,1.36,18.59,0.05,0
7.51,4083.7,535.63,537.37,-42.65,42.74,0.02,1.36,18.59,0.05,0
7.52,4089.05,535.2,536.94,-42.6,42.68,0.02,1.36,18.59,0.05,0
7.53,4094.4,534.77,536.51,-42.55,42.63,0.03,1.36,18.59,0.05,0
7.54,4099.75,534.35,536.09,-42.5,42.57,0.03,1.36,18.59,0.05,0
7.55,4105.09,533.92,535.66,-42.44,42.51,0.03,1.36,18.59,0.05,0
7.56,4110.43,533.5,535.24,-42.38,42.45,0.03,1.36,18.59,0.05,0
7.57,4115.76,533.08,534.81,-42.32,42.4,0.02,1.35,18.59,0.05,0
7.58,4121.09,532.65,534.39,-42.26,42.34,0.02,1.35,18.59,0.05,0
7.59,4126.41,532.23,533.97,-42.2,42.28,0.02,1.35,18.59,0.05,0
7.6,4131.73,531.81,533.54,-42.14,42.22,0.02,1.35,18.59,0.05,0
7.61,4137.05,531.39,533.12,-42.08,42.17,0.02,1.35,18.59,0.05,0
7.62,4142.36,530.97,532.7,-42.02,42.11,0.02,1.35,18.59,0.05,0
7.63,4147.67,530.55,532.28,-41.97,42.05,0.02,1.35,18.59,0.05,0
7.64,4152.97,530.13,531.86,-41.91,42,0.02,1.35,18.59,0.05,0
7.65,4158.27,529.71,531.44,-41.85,41.94,0.02,1.35,18.59,0.05,0
7.66,4163.57,529.29,531.02,-41.79,41.88,0.01,1.34,18.59,0.05,0
7.67,4168.86,528.87,530.6,-41.72,41.83,0.01,1.34,18.59,0.05,0
7.68,4174.14,528.46,530.18,-41.66,41.77,0.02,1.34,18.59,0.05,0
7.69,4179.43,528.04,529.77,-41.6,41.71,0.02,1.34,18.59,0.05,0
7.7,4184.7,527.63,529.35,-41.54,41.66,0.03,1.34,18.59,0.05,0
7.71,4189.98,527.21,528.93,-41.48,41.6,0.03,1.34,18.59,0.05,0
7.72,4195.25,526.8,528.52,-41.43,41.55,0.03,1.34,18.59,0.05,0
7.73,4200.52,526.38,528.1,-41.38,41.49,0.03,1.34,18.59,0.05,0
7.74,4205.78,525.97,527.69,-41.33,41.44,0.02,1.34,18.59,0.05,0
7.75,4211.03,525.55,527.27,-41.28,41.39,0.02,1.34,18.59,0.05,0
7.76,4216.29,525.14,526.86,-41.24,41.33,0.02,1.33,18.59,0.05,0
7.77,4221.54,524.73,526.45,-41.19,41.28,0.01,1.33,18.59,0.05,0
7.78,4226.78,524.32,526.03,-41.15,41.23,0.02,1.33,18.59,0.05,0
7.79,4232.02,523.91,525.62,-41.1,41.18,0.02,1.33,18.59,0.05,0
7.8,4237.26,523.5,525.21,-41.05,41.12,0.02,1.33,18.59,0.05,0
7.81,4242.49,523.09,524.8,-41,41.07,0.03,1.33,18.59,0.05,0
7.82,4247.72,522.68,524.39,-40.96,41.02,0.03,1.33,18.59,0.05,0
7.83,4252.95,522.27,523.98,-40.9,40.97,0.03,1.33,18.59,0.05,0
7.84,4258.17,521.86,523.57,-40.85,40.91,0.03,1.33,18.59,0.05,0
7.85,4263.38,521.45,523.16,-40.79,40.86,0.03,1.32,18.59,0.05,0
7.86,4268.6,521.04,522.75,-40.73,40.8,0.02,1.32,18.59,0.05,0
7.87,4273.81,520.64,522.35,-40.66,40.74,0.01,1.32,18.59,0.05,0
7.88,4279.01,520.23,521.94,-40.59,40.69,0.01,1.32,18.59,0.05,0
7.89,4284.21,519.82,521.53,-40.53,40.63,0.02,1.32,18.59,0.05,0
7.9,4289.41,519.42,521.13,-40.46,40.58,0.03,1.32,18.59,0.05,0
7.91,4294.6,519.01,520.72,-40.4,40.52,0.04,1.32,18.59,0.05,0
7.92,4299.79,518.61,520.32,-40.35,40.47,0.03,1.32,18.59,0.05,0
7.93,4304.97,518.21,519.91,-40.3,40.42,0.03,1.32,18.59,0.05,0
7.94,4310.15,517.8,519.51,-40.26,40.37,0.03,1.32,18.59,0.05,0
7.95,4315.33,517.4,519.1,-40.21,40.32,0.02,1.31,18.59,0.05,0
7.96,4320.5,517,518.7,-40.17,40.26,0.01,1.31,18.59,0.05,0
7.97,4325.67,516.6,518.3,-40.12,40.21,0.01,1.31,18.59,0.05,0
7.98,4330.83,516.2,517.9,-40.08,40.16,0.01,1.31,18.59,0.05,0
7.99,4335.99,515.8,517.5,-40.03,40.11,0.02,1.31,18.59,0.05,0
8,4341.15,515.4,517.1,-39.99,40.06,0.03,1.31,18.59,0.05,0
8.01,4346.3,515,516.69,-39.94,40.01,0.03,1.31,18.59,0.05,0
8.02,4351.45,514.6,516.3,-39.88,39.96,0.03,1.31,18.59,0.05,0
8.03,4356.59,514.2,515.9,-39.83,39.91,0.03,1.31,18.59,0.05,0
8.04,4361.73,513.8,515.5,-39.78,39.86,0.03,1.31,18.59,0.05,0
8.05,4366.87,513.4,515.1,-39.72,39.8,0.02,1.3,18.59,0.05,0
8.06,4372,513.01,514.7,-39.67,39.75,0.01,1.3,18.59,0.05,0
8.07,4377.13,512.61,514.3,-39.62,39.7,0.01,1.3,18.59,0.05,0
8.08,4382.25,512.22,513.91,-39.57,39.65,0.01,1.3,18.59,0.05,0
8.09,4387.37,511.82,513.51,-39.52,39.6,0.02,1.3,18.59,0.05,0
8.1,4392.49,511.42,513.12,-39.47,39.55,0.02,1.3,18.59,0.05,0
8.11,4397.6,511.03,512.72,-39.42,39.5,0.03,1.3,18.59,0.05,0
8.12,4402.71,510.64,512.33,-39.36,39.44,0.03,1.3,18.59,0.05,0
8.13,4407.81,510.24,511.93,-39.31,39.39,0.03,1.3,18.59,0.05,0
8.14,4412.91,509.85,511.54,-39.25,39.34,0.03,1.3,18.59,0.05,0
8.15,4418.01,509.46,511.15,-39.2,39.29,0.02,1.29,18.59,0.05,0
8.16,4423.1,509.07,510.75,-39.14,39.24,0.02,1.29,18.59,0.05,0
8.17,4428.19,508.68,510.36,-39.08,39.18,0.02,1.29,18.59,0.05,0
8.18,4433.28,508.28,509.97,-39.03,39.13,0.02,1.29,18.59,0.05,0
8.19,4438.36,507.89,509.58,-38.97,39.08,0.02,1.29,18.59,0.05,0
8.2,4443.43,507.51,509.19,-38.92,39.03,0.02,1.29,18.59,0.05,0
8.21,4448.51,507.12,508.8,-38.87,38.98,0.02,1.29,18.59,0.05,0
8.22,4453.58,506.73,508.41,-38.83,38.93,0.02,1.29,18.59,0.05,0
8.23,4458.64,506.34,508.02,-38.79,38.88,0.02,1.29,18.59,0.05,0
8.24,4463.7,505.95,507.63,-38.75,38.83,0.02,1.29,18.59,0.05,0
8.25,4468.76,505.56,507.24,-38.7,38.78,0.03,1.28,18.59,0.05,0
8.26,4473.81,505.18,506.85,-38.65,38.73,0.03,1.28,18.59,0.05,0
8.27,4478.86,504.79,506.47,-38.6,38.68,0.02,1.28,18.59,0.05,0
8.28,4483.91,504.41,506.08,-38.55,38.63,0.02,1.28,18.59,0.05,0
8.29,4488.95,504.02,505.7,-38.5,38.57,0.01,1.28,18.59,0.05,0
8.3,4493.99,503.64,505.31,-38.45,38.52,0.01,1.28,18.59,0.05,0
8.31,4499.02,503.25,504.93,-38.4,38.47,0.01,1.28,18.59,0.05,0
8.32,4504.05,502.87,504.54,-38.35,38.42,0.01,1.28,18.59,0.05,0
8.33,4509.08,502.48,504.16,-38.3,38.37,0.02,1.28,18.59,0.05,0
8.34,4514.1,502.1,503.77,-38.25,38.33,0.02,1.28,18.59,0.05,0
8.35,4519.12,501.72,503.39,-38.2,38.28,0.02,1.27,18.59,0.05,0
8.36,4524.14,501.34,503.01,-38.15,38.22,0.02,1.27,18.59,0.05,0
8.37,4529.15,500.96,502.63,-38.09,38.17,0.02,1.27,18.59,0.05,0
8.38,4534.16,500.58,502.24,-38.03,38.12,0.02,1.27,18.59,0.05,0
8.39,4539.16,500.2,501.86,-37.97,38.07,0.02,1.27,18.59,0.05,0
8.4,4544.16,499.82,501.48,-37.92,38.02,0.02,1.27,18.59,0.05,0
8.41,4549.16,499.44,501.1,-37.87,37.97,0.02,1.27,18.59,0.05,0
8.42,4554.15,499.06,500.72,-37.82,37.92,0.02,1.27,18.59,0.05,0
8.43,4559.14,498.68,500.35,-37.77,37.87,0.02,1.27,18.59,0.05,0
8.44,4564.12,498.3,499.97,-37.72,37.82,0.02,1.27,18.59,0.05,0
8.45,4569.11,497.93,499.59,-37.68,37.78,0.02,1.27,18.59,0.05,0
8.46,4574.08,497.55,499.21,-37.64,37.73,0.02,1.26,18.59,0.05,0
8.47,4579.06,497.17,498.83,-37.59,37.68,0.02,1.26,18.59,0.05,0
8.48,4584.03,496.8,498.46,-37.55,37.63,0.02,1.26,18.59,0.05,0
8.49,4588.99,496.42,498.08,-37.51,37.59,0.02,1.26,18.59,0.05,0
8.5,4593.95,496.05,497.71,-37.47,37.54,0.02,1.26,18.59,0.05,0
8.51,4598.91,495.67,497.33,-37.42,37.49,0.02,1.26,18.59,0.05,0
8.52,4603.87,495.3,496.96,-37.38,37.45,0.02,1.26,18.59,0.05,0
8.53,4608.82,494.93,496.58,-37.34,37.4,0.02,1.26,18.59,0.05,0
8.54,4613.77,494.55,496.21,-37.29,37.35,0.02,1.26,18.59,0.05,0
8.55,4618.71,494.18,495.84,-37.24,37.3,0.02,1.26,18.59,0.05,0
8.56,4623.65,493.81,495.46,-37.2,37.26,0.02,1.25,18.59,0.05,0
8.57,4628.59,493.44,495.09,-37.15,37.21,0.02,1.25,18.59,0.05,0
8.58,4633.52,493.07,494.72,-37.1,37.16,0.02,1.25,18.59,0.05,0
8.59,4638.45,492.69,494.35,-37.05,37.12,0.02,1.25,18.59,0.05,0
8.6,4643.37,492.32,493.98,-37,37.07,0.02,1.25,18.59,0.05,0
8.61,4648.29,491.95,493.61,-36.94,37.02,0.02,1.25,18.59,0.05,0
8.62,4653.21,491.59,493.24,-36.89,36.97,0.02,1.25,18.59,0.05,0
8.63,4658.13,491.22,492.87,-36.84,36.92,0.02,1.25,18.59,0.05,0
8.64,4663.04,490.85,492.5,-36.79,36.88,0.02,1.25,18.59,0.05,0
8.65,4667.94,490.48,492.13,-36.74,36.83,0.02,1.25,18.59,0.05,0
8.66,4672.85,490.11,491.76,-36.69,36.78,0.02,1.25,18.59,0.05,0
8.67,4677.75,489.75,491.39,-36.64,36.74,0.02,1.24,18.59,0.05,0
8.68,4682.64,489.38,491.03,-36.6,36.69,0.02,1.24,18.59,0.05,0
8.69,4687.53,489.02,490.66,-36.55,36.65,0.02,1.24,18.59,0.05,0
8.7,4692.42,488.65,490.29,-36.51,36.6,0.02,1.24,18.59,0.05,0
8.71,4697.31,488.28,489.93,-36.47,36.56,0.02,1.24,18.59,0.05,0
8.72,4702.19,487.92,489.56,-36.42,36.51,0.02,1.24,18.59,0.05,0
8.73,4707.06,487.56,489.2,-36.38,36.47,0.02,1.24,18.59,0.05,0
8.74,4711.94,487.19,488.83,-36.34,36.42,0.02,1.24,18.59,0.05,0
8.75,4716.81,486.83,488.47,-36.3,36.38,0.01,1.24,18.59,0.05,0
8.76,4721.67,486.47,488.11,-36.26,36.33,0.01,1.24,18.59,0.05,0
8.77,4726.54,486.1,487.74,-36.22,36.29,0.01,1.23,18.59,0.05,0
8.78,4731.4,485.74,487.38,-36.18,36.25,0.01,1.23,18.59,0.05,0
8.79,4736.25,485.38,487.02,-36.13,36.2,0.01,1.23,18.59,0.05,0
8.8,4741.1,485.02,486.66,-36.09,36.16,0.01,1.23,18.59,0.05,0
8.81,4745.95,484.66,486.3,-36.05,36.11,0.01,1.23,18.59,0.05,0
8.82,4750.8,484.3,485.93,-36,36.07,0.01,1.23,18.59,0.05,0
8.83,4755.64,483.94,485.57,-35.96,36.02,0.01,1.23,18.59,0.05,0
8.84,4760.48,483.58,485.21,-35.91,35.98,0.01,1.23,18.59,0.05,0
8.85,4765.31,483.22,484.86,-35.87,35.93,0.01,1.23,18.59,0.05,0
8.86,4770.14,482.86,484.5,-35.82,35.89,0.01,1.23,18.59,0.05,0
8.87,4774.97,482.5,484.14,-35.77,35.84,0.01,1.23,18.59,0.05,0
8.88,4779.79,482.15,483.78,-35.73,35.8,0.01,1.22,18.59,0.05,0
8.89,4784.61,481.79,483.42,-35.68,35.75,0.01,1.22,18.59,0.05,0
8.9,4789.43,481.43,483.06,-35.63,35.71,0.01,1.22,18.59,0.05,0
8.91,4794.24,481.08,482.71,-35.59,35.67,0,1.22,18.59,0.05,0
8.92,4799.05,480.72,482.35,-35.55,35.62,0,1.22,18.59,0.05,0
8.93,4803.85,480.37,482,-35.5,35.58,0,1.22,18.59,0.05,0
8.94,4808.66,480.01,481.64,-35.46,35.53,0,1.22,18.59,0.05,0
8.95,4813.45,479.66,481.28,-35.42,35.49,0,1.22,18.59,0.05,0
8.96,4818.25,479.3,480.93,-35.37,35.45,0.01,1.22,18.59,0.05,0
8.97,4823.04,478.95,480.58,-35.32,35.4,0.01,1.22,18.59,0.05,0
8.98,4827.83,478.6,480.22,-35.28,35.36,0.01,1.22,18.59,0.05,0
8.99,4832.61,478.24,479.87,-35.23,35.32,0.02,1.21,18.59,0.05,0
9,4837.39,477.89,479.52,-35.19,35.27,0.02,1.21,18.59,0.05,0
9.01,4842.17,477.54,479.16,-35.14,35.23,0.02,1.21,18.59,0.05,0
9.02,4846.94,477.19,478.81,-35.1,35.19,0.01,1.21,18.59,0.05,0
9.03,4851.71,476.84,478.46,-35.06,35.15,0.01,1.21,18.59,0.05,0
9.04,4856.48,476.49,478.11,-35.03,35.1,0.01,1.21,18.59,0.05,0
9.05,4861.24,476.14,477.76,-34.99,35.06,0,1.21,18.59,0.05,0
9.06,4866,475.79,477.41,-34.96,35.02,0.01,1.21,18.59,0.05,0
9.07,4870.76,475.44,477.06,-34.92,34.98,0.02,1.21,18.59,0.05,0
9.08,4875.51,475.09,476.71,-34.89,34.94,0.02,1.21,18.59,0.05,0
9.09,4880.26,474.74,476.36,-34.85,34.9,0.03,1.21,18.59,0.05,0
9.1,4885.01,474.39,476.01,-34.82,34.86,0.03,1.21,18.59,0.05,0
9.11,4889.75,474.04,475.66,-34.77,34.82,0.03,1.2,18.59,0.05,0
9.12,4894.49,473.7,475.31,-34.72,34.78,0.03,1.2,18.59,0.05,0
9.13,4898.59,473.4,475.01,-34.68,34.74,0.02,1.19,18.59,0.05,0
9.13,4901.77,473.16,474.78,-34.65,34.71,0.01,1.19,18.59,0.05,0
9.14,4904.53,472.96,474.58,-34.62,34.68,0.01,1.18,18.59,0.05,0
9.14,4907.03,472.78,474.39,-34.59,34.66,0.01,1.17,18.59,0.05,0
9.15,4909.36,472.61,474.22,-34.57,34.63,0,1.17,18.59,0.05,0
9.15,4911.56,472.45,474.06,-34.54,34.61,0,1.16,18.59,0.05,0
9.16,4913.67,472.29,473.91,-34.52,34.59,0.01,1.16,18.59,0.05,0
9.16,4915.7,472.14,473.76,-34.49,34.58,0.01,1.15,18.59,0.05,0
9.17,4917.67,472,473.61,-34.47,34.56,0.02,1.15,18.59,0.05,0
9.17,4919.58,471.86,473.47,-34.45,34.54,0.02,1.14,18.59,0.05,0
9.17,4921.46,471.72,473.34,-34.43,34.52,0.03,1.13,18.59,0.05,0
9.18,4923.3,471.59,473.2,-34.41,34.51,0.03,1.13,18.59,0.05,0
9.18,4925.11,471.46,473.07,-34.39,34.49,0.03,1.12,18.59,0.05,0
9.19,4926.89,471.33,472.94,-34.38,34.47,0.03,1.12,18.59,0.05,0
9.19,4928.65,471.2,472.81,-34.36,34.46,0.04,1.11,18.59,0.05,0
9.19,4930.4,471.07,472.68,-34.34,34.44,0.04,1.11,18.59,0.05,0
9.2,4932.13,470.95,472.56,-34.33,34.43,0.04,1.1,18.59,0.05,0
9.2,4933.84,470.82,472.43,-34.31,34.41,0.04,1.1,18.59,0.05,0
9.2,4935.55,470.7,472.31,-34.3,34.4,0.04,1.09,18.59,0.05,0
9.21,4937.24,470.57,472.18,-34.28,34.38,0.04,1.08,18.59,0.05,0
9.21,4938.93,470.45,472.06,-34.27,34.37,0.04,1.08,18.59,0.05,0
9.21,4940.61,470.33,471.94,-34.26,34.35,0.04,1.07,18.59,0.05,0
9.22,4942.29,470.21,471.81,-34.24,34.34,0.03,1.07,18.59,0.05,0
9.22,4943.96,470.08,471.69,-34.23,34.33,0.03,1.06,18.59,0.05,0
9.23,4945.64,469.96,471.57,-34.22,34.31,0.03,1.06,18.59,0.05,0
9.23,4947.31,469.84,471.45,-34.21,34.3,0.03,1.05,18.59,0.05,0
9.23,4948.98,469.72,471.33,-34.2,34.28,0.02,1.05,18.59,0.05,0
9.24,4950.66,469.6,471.2,-34.18,34.27,0.02,1.04,18.59,0.05,0
9.24,4952.34,469.47,471.08,-34.17,34.25,0.02,1.03,18.59,0.05,0
9.24,4954.02,469.35,470.96,-34.16,34.24,0.01,1.03,18.59,0.05,0
9.25,4955.7,469.23,470.84,-34.15,34.23,0.01,1.02,18.59,0.05,0
9.25,4957.4,469.11,470.71,-34.14,34.21,0.01,1.02,18.59,0.05,0
9.25,4959.09,468.98,470.59,-34.13,34.2,0,1.01,18.59,0.05,0
9.26,4960.8,468.86,470.46,-34.12,34.19,0.01,1.01,18.59,0.05,0
9.26,4962.51,468.73,470.34,-34.11,34.17,0.01,1,18.59,0.05,0
9.26,4964.24,468.61,470.21,-34.1,34.16,0.01,1,18.59,0.05,0
9.27,4965.97,468.48,470.09,-34.09,34.14,0.02,0.99,18.59,0.05,0
9.27,4967.71,468.36,469.96,-34.08,34.13,0.02,0.98,18.59,0.05,0
9.28,4969.47,468.23,469.83,-34.07,34.12,0.03,0.98,18.59,0.05,0
9.28,4971.24,468.1,469.7,-34.05,34.1,0.03,0.97,18.59,0.05,0
9.28,4973.02,467.97,469.57,-34.04,34.09,0.04,0.97,18.59,0.05,0
9.29,4974.82,467.84,469.44,-34.03,34.08,0.04,0.96,18.59,0.05,0
9.29,4976.63,467.71,469.31,-34.02,34.06,0.04,0.96,18.59,0.05,0
9.3,4978.46,467.57,469.18,-34,34.05,0.04,0.95,18.59,0.05,0
9.3,4980.3,467.44,469.04,-33.99,34.03,0.05,0.95,18.59,0.05,0
9.3,4982.16,467.3,468.91,-33.97,34.01,0.05,0.94,18.59,0.05,0
9.31,4984.04,467.17,468.77,-33.95,34,0.04,0.93,18.59,0.05,0
9.31,4985.93,467.03,468.63,-33.93,33.98,0.04,0.93,18.59,0.05,0
9.32,4987.84,466.89,468.5,-33.92,33.96,0.04,0.92,18.59,0.05,0
9.32,4989.78,466.75,468.35,-33.9,33.94,0.04,0.92,18.59,0.05,0
9.32,4991.73,466.61,468.21,-33.87,33.93,0.04,0.91,18.59,0.05,0
9.33,4993.71,466.47,468.07,-33.85,33.91,0.03,0.91,18.59,0.05,0
9.33,4995.7,466.32,467.92,-33.83,33.89,0.03,0.9,18.59,0.05,0
9.34,4997.72,466.17,467.78,-33.81,33.87,0.02,0.9,18.59,0.05,0
9.34,4999.76,466.03,467.63,-33.79,33.85,0.02,0.89,18.59,0.05,0
9.35,5001.82,465.88,467.48,-33.77,33.83,0.01,0.89,18.59,0.05,0
9.35,5003.91,465.73,467.33,-33.74,33.81,0.01,0.88,18.59,0.05,0
9.35,5006.03,465.57,467.17,-33.72,33.79,0.01,0.87,18.59,0.05,0
9.36,5008.17,465.42,467.02,-33.7,33.77,0.01,0.87,18.59,0.05,0
9.36,5010.34,465.26,466.86,-33.68,33.75,0.01,0.86,18.59,0.05,0
9.37,5012.54,465.1,466.7,-33.65,33.73,0.02,0.86,18.59,0.05,0
9.37,5014.76,464.94,466.54,-33.63,33.71,0.02,0.85,18.59,0.05,0
9.38,5017.03,464.78,466.38,-33.61,33.69,0.02,0.85,18.59,0.05,0
9.38,5019.32,464.61,466.21,-33.59,33.67,0.03,0.84,18.59,0.05,0
9.39,5021.65,464.44,466.04,-33.57,33.65,0.03,0.84,18.59,0.05,0
9.39,5024.01,464.27,465.87,-33.54,33.63,0.03,0.83,18.59,0.05,0
9.4,5026.41,464.1,465.7,-33.52,33.61,0.04,0.82,18.59,0.05,0
9.4,5028.84,463.92,465.52,-33.5,33.59,0.04,0.82,18.59,0.05,0
9.41,5031.31,463.74,465.34,-33.48,33.57,0.04,0.81,18.59,0.05,0
9.41,5033.81,463.56,465.16,-33.46,33.55,0.04,0.81,18.59,0.05,0
9.42,5036.35,463.38,464.98,-33.44,33.53,0.04,0.8,18.59,0.05,0
9.43,5038.93,463.19,464.79,-33.43,33.51,0.03,0.8,18.59,0.05,0
9.43,5041.54,463.01,464.6,-33.41,33.49,0.03,0.79,18.59,0.05,0
9.44,5044.2,462.81,464.41,-33.39,33.46,0.03,0.79,18.59,0.05,0
9.44,5046.89,462.62,464.22,-33.37,33.44,0.02,0.78,18.59,0.05,0
9.45,5049.63,462.42,464.02,-33.35,33.42,0.02,0.77,18.59,0.05,0
9.45,5052.4,462.22,463.82,-33.33,33.39,0.01,0.77,18.59,0.05,0
9.46,5055.23,462.02,463.61,-33.31,33.37,0.01,0.76,18.59,0.05,0
9.47,5058.1,461.81,463.41,-33.28,33.35,0,0.76,18.59,0.05,0
9.47,5061.01,461.6,463.2,-33.26,33.32,0.01,0.75,18.59,0.05,0
9.48,5063.98,461.39,462.98,-33.24,33.3,0.01,0.75,18.59,0.05,0
9.49,5067.01,461.17,462.76,-33.21,33.27,0.02,0.74,18.59,0.05,0
9.49,5070.09,460.95,462.54,-33.18,33.25,0.02,0.74,18.59,0.05,0
9.5,5073.24,460.72,462.31,-33.16,33.22,0.03,0.73,18.59,0.05,0
9.51,5076.44,460.49,462.08,-33.13,33.19,0.03,0.73,18.59,0.05,0
9.51,5079.7,460.26,461.85,-33.1,33.17,0.03,0.72,18.59,0.05,0
9.52,5083.02,460.02,461.61,-33.07,33.14,0.03,0.71,18.59,0.05,0
9.53,5086.4,459.77,461.37,-33.04,33.11,0.03,0.71,18.59,0.05,0
9.54,5089.85,459.53,461.12,-33.01,33.08,0.03,0.7,18.59,0.05,0
9.54,5093.36,459.28,460.86,-32.97,33.05,0.03,0.7,18.59,0.05,0
9.55,5096.93,459.02,460.61,-32.94,33.02,0.03,0.69,18.59,0.05,0
9.56,5100.57,458.76,460.35,-32.91,32.99,0.02,0.69,18.59,0.05,0
9.57,5104.27,458.49,460.08,-32.88,32.96,0.02,0.68,18.59,0.05,0
9.58,5108.03,458.22,459.81,-32.85,32.92,0.01,0.68,18.59,0.05,0
9.58,5111.85,457.95,459.54,-32.83,32.89,0,0.67,18.59,0.05,0
9.59,5115.75,457.67,459.26,-32.8,32.86,0.01,0.66,18.59,0.05,0
9.6,5119.72,457.38,458.97,-32.77,32.83,0.01,0.66,18.59,0.05,0
9.61,5123.78,457.09,458.68,-32.74,32.8,0.02,0.65,18.59,0.05,0
9.62,5127.91,456.8,458.38,-32.71,32.77,0.03,0.65,18.59,0.05,0
9.63,5132.13,456.5,458.08,-32.68,32.74,0.03,0.64,18.59,0.05,0
9.64,5136.43,456.19,457.77,-32.65,32.7,0.03,0.64,18.59,0.05,0
9.65,5140.82,455.87,457.46,-32.62,32.67,0.03,0.63,18.59,0.05,0
9.66,5145.28,455.55,457.14,-32.58,32.63,0.03,0.63,18.59,0.05,0
9.67,5149.83,455.23,456.81,-32.53,32.59,0.02,0.62,18.59,0.05,0
9.68,5154.38,454.9,456.49,-32.49,32.55,0.01,0.62,18.59,0.05,0
9.69,5158.93,454.58,456.16,-32.44,32.51,0,0.61,18.59,0.05,0
9.7,5163.48,454.26,455.84,-32.4,32.47,0.01,0.6,18.59,0.05,0
9.71,5168.02,453.93,455.51,-32.36,32.43,0.02,0.6,18.59,0.05,0
9.72,5172.55,453.61,455.19,-32.32,32.4,0.02,0.59,18.59,0.05,0
9.73,5177.09,453.29,454.86,-32.28,32.36,0.03,0.59,18.59,0.05,0
9.74,5181.62,452.96,454.54,-32.24,32.32,0.03,0.59,18.59,0.05,0
9.75,5186.15,452.64,454.22,-32.21,32.29,0.03,0.58,18.59,0.05,0
9.76,5190.67,452.32,453.9,-32.17,32.25,0.03,0.58,18.59,0.05,0
9.77,5195.19,452,453.57,-32.14,32.21,0.02,0.57,18.59,0.05,0
9.78,5199.71,451.68,453.25,-32.11,32.18,0.02,0.57,18.59,0.05,0
9.79,5204.23,451.35,452.93,-32.08,32.14,0.01,0.56,18.59,0.05,0
9.8,5208.74,451.03,452.61,-32.05,32.11,0.01,0.56,18.59,0.05,0
9.81,5213.25,450.71,452.29,-32.02,32.07,0.01,0.55,18.59,0.05,0
9.82,5217.75,450.39,451.97,-31.99,32.04,0.01,0.55,18.59,0.05,0
9.83,5222.26,450.07,451.65,-31.95,32,0.02,0.55,18.59,0.05,0
9.84,5226.76,449.75,451.33,-31.92,31.97,0.02,0.54,18.59,0.05,0
9.85,5231.25,449.44,451.01,-31.88,31.93,0.02,0.54,18.59,0.05,0
9.86,5235.74,449.12,450.69,-31.85,31.9,0.02,0.53,18.59,0.05,0
9.87,5240.23,448.8,450.37,-31.81,31.86,0.02,0.53,18.59,0.05,0
9.88,5244.72,448.48,450.05,-31.77,31.82,0.02,0.53,18.59,0.05,0
9.89,5249.2,448.16,449.73,-31.73,31.79,0.01,0.52,18.59,0.05,0
9.9,5253.68,447.85,449.42,-31.69,31.75,0.01,0.52,18.59,0.05,0
9.91,5258.16,447.53,449.1,-31.65,31.71,0.01,0.52,18.59,0.05,0
9.92,5262.63,447.21,448.78,-31.61,31.68,0.01,0.51,18.59,0.05,0
9.93,5267.1,446.9,448.47,-31.57,31.64,0.01,0.51,18.59,0.05,0
9.94,5271.57,446.58,448.15,-31.53,31.6,0.01,0.51,18.59,0.05,0
9.95,5276.04,446.27,447.83,-31.5,31.57,0.02,0.5,18.59,0.05,0
9.96,5280.5,445.95,447.52,-31.46,31.53,0.02,0.5,18.59,0.05,0
9.97,5284.96,445.64,447.2,-31.42,31.5,0.02,0.5,18.59,0.05,0
9.98,5289.41,445.32,446.89,-31.39,31.46,0.02,0.49,18.59,0.05,0
9.99,5293.86,445.01,446.57,-31.35,31.43,0.02,0.49,18.59,0.05,0
10,5298.31,444.7,446.26,-31.32,31.39,0.02,0.49,18.59,0.05,0
10.01,5302.76,444.38,445.95,-31.29,31.36,0.02,0.48,18.59,0.05,0
10.02,5307.2,444.07,445.63,-31.26,31.33,0.01,0.48,18.59,0.05,0
10.03,5311.64,443.76,445.32,-31.23,31.29,0.01,0.48,18.59,0.05,0
10.04,5316.07,443.45,445.01,-31.2,31.26,0,0.47,18.59,0.05,0
10.05,5320.51,443.13,444.69,-31.17,31.23,0.01,0.47,18.59,0.05,0
10.06,5324.94,442.82,444.38,-31.14,31.19,0.01,0.47,18.59,0.05,0
10.07,5329.36,442.51,444.07,-31.11,31.16,0.01,0.47,18.59,0.05,0
10.08,5333.79,442.2,443.76,-31.08,31.13,0.02,0.46,18.59,0.05,0
10.09,5338.21,441.89,443.45,-31.04,31.09,0.02,0.46,18.59,0.05,0
10.1,5342.62,441.58,443.14,-31.01,31.06,0.02,0.46,18.59,0.05,0
10.11,5347.04,441.27,442.83,-30.98,31.02,0.02,0.45,18.59,0.05,0
10.12,5351.45,440.96,442.52,-30.94,30.99,0.02,0.45,18.59,0.05,0
10.13,5355.86,440.65,442.21,-30.9,30.95,0.02,0.45,18.59,0.05,0
10.14,5360.26,440.34,441.9,-30.87,30.92,0.01,0.45,18.59,0.05,0
10.15,5364.66,440.03,441.59,-30.83,30.88,0.01,0.44,18.59,0.05,0
10.16,5369.06,439.73,441.28,-30.79,30.85,0,0.44,18.59,0.05,0
10.17,5373.46,439.42,440.97,-30.75,30.81,0,0.44,18.59,0.05,0
10.18,5377.85,439.11,440.67,-30.7,30.77,0.01,0.44,18.59,0.05,0
10.19,5382.24,438.8,440.36,-30.66,30.73,0.02,0.43,18.59,0.05,0
10.2,5386.63,438.5,440.05,-30.62,30.7,0.02,0.43,18.59,0.05,0
10.21,5391.01,438.19,439.74,-30.59,30.66,0.02,0.43,18.59,0.05,0
10.22,5395.39,437.89,439.44,-30.55,30.63,0.02,0.43,18.59,0.05,0
10.23,5399.77,437.58,439.13,-30.52,30.59,0.02,0.43,18.59,0.05,0
10.24,5404.14,437.28,438.83,-30.49,30.56,0.01,0.42,18.59,0.05,0
10.25,5408.51,436.97,438.52,-30.46,30.52,0.01,0.42,18.59,0.05,0
10.26,5412.88,436.67,438.22,-30.43,30.49,0,0.42,18.59,0.05,0
10.27,5417.25,436.36,437.91,-30.4,30.46,0,0.42,18.59,0.05,0
10.28,5421.61,436.06,437.61,-30.36,30.42,0,0.41,18.59,0.05,0
10.29,5425.97,435.75,437.3,-30.33,30.39,0,0.41,18.59,0.05,0
10.3,5430.32,435.45,437,-30.3,30.35,0,0.41,18.59,0.05,0
10.31,5434.68,435.15,436.7,-30.27,30.32,0.01,0.41,18.59,0.05,0
10.32,5439.03,434.85,436.39,-30.24,30.29,0.01,0.41,18.59,0.05,0
10.33,5443.37,434.54,436.09,-30.2,30.25,0.01,0.4,18.59,0.05,0
10.34,5447.72,434.24,435.79,-30.17,30.22,0.02,0.4,18.59,0.05,0
10.35,5452.06,433.94,435.49,-30.14,30.18,0.02,0.4,18.59,0.05,0
10.36,5456.4,433.64,435.18,-30.1,30.15,0.01,0.4,18.59,0.05,0
10.37,5460.73,433.34,434.88,-30.06,30.11,0.01,0.4,18.59,0.05,0
10.38,5465.06,433.04,434.58,-30.03,30.08,0.01,0.39,18.59,0.05,0
10.39,5469.39,432.74,434.28,-29.99,30.04,0,0.39,18.59,0.05,0
10.4,5473.72,432.44,433.98,-29.95,30.01,0,0.39,18.59,0.05,0
10.41,5478.04,432.14,433.68,-29.91,29.97,0,0.39,18.59,0.05,0
10.42,5482.36,431.84,433.38,-29.87,29.94,0.01,0.39,18.59,0.05,0
10.43,5486.68,431.54,433.08,-29.84,29.9,0.01,0.39,18.59,0.05,0
10.44,5490.99,431.24,432.78,-29.8,29.87,0.02,0.38,18.59,0.05,0
10.45,5495.3,430.95,432.49,-29.77,29.83,0.02,0.38,18.59,0.05,0
10.46,5499.61,430.65,432.19,-29.73,29.8,0.02,0.38,18.59,0.05,0
10.47,5503.92,430.35,431.89,-29.7,29.77,0.02,0.38,18.59,0.05,0
10.48,5508.22,430.05,431.59,-29.67,29.74,0.01,0.38,18.59,0.05,0
10.49,5512.52,429.76,431.3,-29.64,29.7,0.01,0.37,18.59,0.05,0
10.5,5516.81,429.46,431,-29.61,29.67,0.01,0.37,18.59,0.05,0
10.51,5521.11,429.17,430.7,-29.58,29.64,0,0.37,18.59,0.05,0
10.52,5525.4,428.87,430.41,-29.55,29.61,0,0.37,18.59,0.05,0
10.53,5529.68,428.57,430.11,-29.52,29.57,0.01,0.37,18.59,0.05,0
10.54,5533.97,428.28,429.81,-29.49,29.54,0.01,0.37,18.59,0.05,0
10.55,5538.25,427.98,429.52,-29.46,29.51,0.01,0.36,18.59,0.05,0
10.56,5542.53,427.69,429.22,-29.43,29.48,0.01,0.36,18.59,0.05,0
10.57,5546.8,427.4,428.93,-29.4,29.45,0.02,0.36,18.59,0.05,0
10.58,5551.08,427.1,428.64,-29.37,29.41,0.02,0.36,18.59,0.05,0
10.59,5555.35,426.81,428.34,-29.33,29.38,0.02,0.36,18.59,0.05,0
10.6,5559.61,426.52,428.05,-29.3,29.35,0.02,0.36,18.59,0.05,0
10.61,5563.88,426.22,427.76,-29.26,29.31,0.01,0.36,18.59,0.05,0
10.62,5568.14,425.93,427.46,-29.23,29.28,0.01,0.35,18.59,0.05,0
10.63,5572.39,425.64,427.17,-29.19,29.24,0,0.35,18.59,0.05,0
10.64,5576.65,425.35,426.88,-29.15,29.21,0,0.35,18.59,0.05,0
10.65,5580.9,425.05,426.59,-29.12,29.18,0.01,0.35,18.59,0.05,0
10.66,5585.15,424.76,426.29,-29.08,29.14,0.01,0.35,18.59,0.05,0
10.67,5589.4,424.47,426,-29.05,29.11,0.01,0.35,18.59,0.05,0
10.68,5593.64,424.18,425.71,-29.01,29.08,0.02,0.35,18.59,0.05,0
10.69,5597.88,423.89,425.42,-28.98,29.05,0.02,0.34,18.59,0.05,0
10.7,5602.12,423.6,425.13,-28.95,29.01,0.02,0.34,18.59,0.05,0
10.71,5606.35,423.31,424.84,-28.92,28.98,0.01,0.34,18.59,0.05,0
10.72,5610.58,423.02,424.55,-28.89,28.95,0.01,0.34,18.59,0.05,0
10.73,5614.81,422.74,424.26,-28.86,28.92,0.01,0.34,18.59,0.05,0
10.74,5619.04,422.45,423.97,-28.84,28.89,0,0.34,18.59,0.05,0
10.75,5623.26,422.16,423.69,-28.81,28.86,0.01,0.34,18.59,0.05,0
10.76,5627.48,421.87,423.4,-28.78,28.83,0.01,0.33,18.59,0.05,0
10.77,5631.7,421.58,423.11,-28.75,28.8,0.01,0.33,18.59,0.05,0
10.78,5635.91,421.3,422.82,-28.72,28.77,0.01,0.33,18.59,0.05,0
10.79,5640.12,421.01,422.53,-28.69,28.74,0.01,0.33,18.59,0.05,0
10.8,5644.33,420.72,422.25,-28.66,28.71,0.01,0.33,18.59,0.05,0
10.81,5648.54,420.44,421.96,-28.62,28.68,0.01,0.33,18.59,0.05,0
10.82,5652.74,420.15,421.67,-28.59,28.65,0.01,0.33,18.59,0.05,0
10.83,5656.94,419.86,421.39,-28.56,28.61,0.01,0.33,18.59,0.05,0
10.84,5661.14,419.58,421.1,-28.53,28.58,0.01,0.32,18.59,0.05,0
10.85,5665.33,419.29,420.82,-28.5,28.55,0.01,0.32,18.59,0.05,0
10.86,5669.53,419.01,420.53,-28.47,28.52,0,0.32,18.59,0.05,0
10.87,5673.71,418.72,420.24,-28.43,28.49,0,0.32,18.59,0.05,0
10.88,5677.9,418.44,419.96,-28.4,28.46,0.01,0.32,18.59,0.05,0
10.89,5682.08,418.16,419.68,-28.36,28.43,0.01,0.32,18.59,0.05,0
10.9,5686.26,417.87,419.39,-28.33,28.4,0.02,0.32,18.59,0.05,0
10.91,5690.44,417.59,419.11,-28.3,28.37,0.02,0.32,18.59,0.05,0
10.92,5694.61,417.31,418.82,-28.27,28.34,0.02,0.32,18.59,0.05,0
10.93,5698.79,417.02,418.54,-28.24,28.31,0.02,0.31,18.59,0.05,0
10.94,5702.96,416.74,418.26,-28.22,28.28,0.01,0.31,18.59,0.05,0
10.95,5707.12,416.46,417.98,-28.19,28.25,0.01,0.31,18.59,0.05,0
10.96,5711.28,416.18,417.69,-28.17,28.22,0,0.31,18.59,0.05,0
10.97,5715.44,415.9,417.41,-28.15,28.19,0.01,0.31,18.59,0.05,0
10.98,5719.6,415.62,417.13,-28.13,28.17,0.02,0.31,18.59,0.05,0
10.99,5723.76,415.33,416.85,-28.1,28.14,0.03,0.31,18.59,0.05,0
11,5727.91,415.05,416.57,-28.08,28.11,0.03,0.31,18.59,0.05,0
11.01,5732.06,414.77,416.29,-28.05,28.08,0.04,0.31,18.59,0.05,0
11.02,5736.2,414.49,416.01,-28.02,28.05,0.04,0.3,18.59,0.05,0
11.03,5740.35,414.21,415.73,-27.99,28.02,0.03,0.3,18.59,0.05,0
11.04,5744.49,413.93,415.45,-27.96,27.99,0.03,0.3,18.59,0.05,0
11.05,5748.63,413.65,415.17,-27.92,27.96,0.02,0.3,18.59,0.05,0
11.06,5752.76,413.37,414.89,-27.88,27.93,0.02,0.3,18.59,0.05,0
11.07,5756.89,413.1,414.61,-27.85,27.9,0.01,0.3,18.59,0.05,0
11.08,5761.02,412.82,414.33,-27.81,27.86,0,0.3,18.59,0.05,0
11.09,5765.15,412.54,414.05,-27.77,27.83,0.01,0.3,18.59,0.05,0
11.1,5769.27,412.26,413.77,-27.74,27.8,0.02,0.3,18.59,0.05,0
11.11,5773.4,411.98,413.5,-27.7,27.77,0.03,0.29,18.59,0.05,0
11.12,5777.51,411.71,413.22,-27.67,27.74,0.03,0.29,18.59,0.05,0
11.13,5781.63,411.43,412.94,-27.63,27.71,0.04,0.29,18.59,0.05,0
11.14,5785.74,411.15,412.66,-27.6,27.68,0.04,0.29,18.59,0.05,0
11.15,5789.85,410.88,412.39,-27.58,27.65,0.04,0.29,18.59,0.05,0
11.16,5793.96,410.6,412.11,-27.55,27.62,0.04,0.29,18.59,0.05,0
11.17,5798.07,410.33,411.83,-27.52,27.59,0.03,0.29,18.59,0.05,0
11.18,5802.17,410.05,411.56,-27.5,27.57,0.03,0.29,18.59,0.05,0
11.19,5806.27,409.78,411.28,-27.48,27.54,0.02,0.29,18.59,0.05,0
11.2,5810.36,409.5,411.01,-27.45,27.51,0.01,0.29,18.59,0.05,0
11.21,5814.46,409.23,410.73,-27.43,27.49,0,0.29,18.59,0.05,0
11.22,5818.55,408.95,410.46,-27.42,27.46,0.01,0.28,18.59,0.05,0
11.23,5822.64,408.68,410.18,-27.4,27.44,0.02,0.28,18.59,0.05,0
11.24,5826.72,408.41,409.91,-27.38,27.41,0.03,0.28,18.59,0.05,0
11.25,5830.8,408.13,409.64,-27.35,27.39,0.04,0.28,18.59,0.05,0
11.26,5834.88,407.86,409.36,-27.33,27.36,0.04,0.28,18.59,0.05,0
11.27,5838.96,407.59,409.09,-27.3,27.33,0.04,0.28,18.59,0.05,0
11.28,5843.04,407.31,408.82,-27.28,27.31,0.04,0.28,18.59,0.05,0
11.29,5847.11,407.04,408.54,-27.25,27.28,0.04,0.28,18.59,0.05,0
11.3,5851.18,406.77,408.27,-27.21,27.25,0.04,0.28,18.59,0.05,0
11.31,5855.24,406.5,408,-27.18,27.21,0.03,0.28,18.59,0.05,0
11.32,5859.31,406.23,407.73,-27.14,27.18,0.01,0.28,18.59,0.05,0
11.33,5863.37,405.95,407.46,-27.1,27.15,0,0.27,18.59,0.05,0
11.34,5867.42,405.68,407.18,-27.06,27.12,0.01,0.27,18.59,0.05,0
11.35,5871.48,405.41,406.91,-27.02,27.09,0.03,0.27,18.59,0.05,0
11.36,5875.53,405.14,406.64,-26.99,27.06,0.03,0.27,18.59,0.05,0
11.37,5879.58,404.87,406.37,-26.96,27.03,0.03,0.27,18.59,0.05,0
11.38,5883.63,404.6,406.1,-26.94,27,0.03,0.27,18.59,0.05,0
11.39,5887.68,404.33,405.83,-26.91,26.98,0.03,0.27,18.59,0.05,0
11.4,5891.72,404.07,405.56,-26.89,26.95,0.02,0.27,18.59,0.05,0
11.41,5895.76,403.8,405.29,-26.86,26.92,0.02,0.27,18.59,0.05,0
11.42,5899.79,403.53,405.02,-26.84,26.89,0.02,0.27,18.59,0.05,0
11.43,5903.83,403.26,404.76,-26.81,26.87,0.02,0.27,18.59,0.05,0
11.44,5907.86,402.99,404.49,-26.78,26.84,0.02,0.27,18.59,0.05,0
11.45,5911.89,402.72,404.22,-26.76,26.81,0.01,0.26,18.59,0.05,0
11.46,5915.91,402.46,403.95,-26.74,26.79,0.01,0.26,18.59,0.05,0
11.47,5919.94,402.19,403.68,-26.71,26.76,0.01,0.26,18.59,0.05,0
11.48,5923.96,401.92,403.42,-26.69,26.74,0.01,0.26,18.59,0.05,0
11.49,5927.97,401.66,403.15,-26.67,26.71,0.02,0.26,18.59,0.05,0
11.5,5931.99,401.39,402.88,-26.65,26.69,0.02,0.26,18.59,0.05,0
11.51,5936,401.12,402.62,-26.62,26.66,0.03,0.26,18.59,0.05,0
11.52,5940.01,400.86,402.35,-26.6,26.63,0.03,0.26,18.59,0.05,0
11.53,5944.02,400.59,402.08,-26.57,26.61,0.03,0.26,18.59,0.05,0
11.54,5948.02,400.32,401.82,-26.54,26.58,0.03,0.26,18.59,0.05,0
11.55,5952.03,400.06,401.55,-26.52,26.55,0.02,0.26,18.59,0.05,0
11.56,5956.03,399.79,401.29,-26.49,26.53,0.02,0.26,18.59,0.05,0
11.57,5960.02,399.53,401.02,-26.46,26.5,0.02,0.26,18.59,0.05,0
11.58,5964.02,399.27,400.76,-26.43,26.47,0.01,0.26,18.59,0.05,0
11.59,5968.01,399,400.49,-26.4,26.44,0.01,0.25,18.59,0.05,0
11.6,5972,398.74,400.23,-26.37,26.41,0.01,0.25,18.59,0.05,0
11.61,5975.98,398.47,399.96,-26.34,26.39,0.01,0.25,18.59,0.05,0
11.62,5979.97,398.21,399.7,-26.31,26.36,0.01,0.25,18.59,0.05,0
11.63,5983.95,397.95,399.44,-26.28,26.33,0.02,0.25,18.59,0.05,0
11.64,5987.92,397.69,399.17,-26.25,26.3,0.02,0.25,18.59,0.05,0
11.65,5991.9,397.42,398.91,-26.22,26.28,0.02,0.25,18.59,0.05,0
11.66,5995.87,397.16,398.65,-26.2,26.25,0.02,0.25,18.59,0.05,0
11.67,5999.84,396.9,398.39,-26.17,26.23,0.02,0.25,18.59,0.05,0
11.68,6003.81,396.64,398.12,-26.15,26.2,0.02,0.25,18.59,0.05,0
11.69,6007.78,396.38,397.86,-26.13,26.17,0.01,0.25,18.59,0.05,0
11.7,6011.74,396.11,397.6,-26.1,26.15,0.01,0.25,18.59,0.05,0
11.71,6015.7,395.85,397.34,-26.08,26.12,0,0.25,18.59,0.05,0
11.72,6019.66,395.59,397.08,-26.05,26.1,0,0.25,18.59,0.05,0
11.73,6023.61,395.33,396.82,-26.03,26.07,0.01,0.24,18.59,0.05,0
11.74,6027.56,395.07,396.56,-26,26.05,0.01,0.24,18.59,0.05,0
11.75,6031.51,394.81,396.3,-25.97,26.02,0.01,0.24,18.59,0.05,0
11.76,6035.46,394.55,396.04,-25.95,25.99,0.02,0.24,18.59,0.05,0
11.77,6039.4,394.29,395.78,-25.92,25.97,0.02,0.24,18.59,0.05,0
11.78,6043.34,394.03,395.52,-25.89,25.94,0.02,0.24,18.59,0.05,0
11.79,6047.28,393.78,395.26,-25.87,25.92,0.02,0.24,18.59,0.05,0
11.8,6051.22,393.52,395,-25.84,25.89,0.02,0.24,18.59,0.05,0
11.81,6055.15,393.26,394.74,-25.82,25.86,0.01,0.24,18.59,0.05,0
11.82,6059.08,393,394.48,-25.79,25.84,0.01,0.24,18.59,0.05,0
11.83,6063.01,392.74,394.22,-25.77,25.81,0.01,0.24,18.59,0.05,0
11.84,6066.94,392.49,393.97,-25.74,25.79,0,0.24,18.59,0.05,0
11.85,6070.86,392.23,393.71,-25.72,25.76,0,0.24,18.59,0.05,0
11.86,6074.78,391.97,393.45,-25.7,25.74,0.01,0.24,18.59,0.05,0
11.87,6078.7,391.71,393.19,-25.67,25.72,0.01,0.24,18.59,0.05,0
11.88,6082.62,391.46,392.94,-25.65,25.69,0.02,0.24,18.59,0.05,0
11.89,6086.53,391.2,392.68,-25.63,25.67,0.02,0.23,18.59,0.05,0
11.9,6090.44,390.95,392.42,-25.61,25.64,0.02,0.23,18.59,0.05,0
11.91,6094.35,390.69,392.17,-25.58,25.62,0.02,0.23,18.59,0.05,0
11.92,6098.26,390.43,391.91,-25.55,25.59,0.02,0.23,18.59,0.05,0
11.93,6102.16,390.18,391.66,-25.53,25.57,0.02,0.23,18.59,0.05,0
11.94,6106.06,389.92,391.4,-25.5,25.54,0.01,0.23,18.59,0.05,0
11.95,6109.96,389.67,391.15,-25.47,25.51,0.01,0.23,18.59,0.05,0
11.96,6113.85,389.41,390.89,-25.45,25.49,0.01,0.23,18.59,0.05,0
11.97,6117.75,389.16,390.64,-25.42,25.46,0,0.23,18.59,0.05,0
11.98,6121.64,388.91,390.38,-25.39,25.44,0,0.23,18.59,0.05,0
11.99,6125.52,388.65,390.13,-25.37,25.41,0.01,0.23,18.59,0.05,0
12,6129.41,388.4,389.87,-25.34,25.39,0.01,0.23,18.59,0.05,0
12.01,6133.29,388.14,389.62,-25.32,25.36,0.01,0.23,18.59,0.05,0
12.02,6137.17,387.89,389.37,-25.29,25.34,0.01,0.23,18.59,0.05,0
12.03,6141.05,387.64,389.11,-25.27,25.32,0.02,0.23,18.59,0.05,0
12.04,6144.93,387.39,388.86,-25.24,25.29,0.02,0.23,18.59,0.05,0
12.05,6148.8,387.13,388.61,-25.22,25.27,0.01,0.23,18.59,0.05,0
12.06,6152.67,386.88,388.36,-25.2,25.24,0.01,0.22,18.59,0.05,0
12.07,6156.54,386.63,388.1,-25.18,25.22,0.01,0.22,18.59,0.05,0
12.08,6160.4,386.38,387.85,-25.16,25.2,0.01,0.22,18.59,0.05,0
12.09,6164.26,386.13,387.6,-25.14,25.18,0.01,0.22,18.59,0.05,0
12.1,6168.12,385.88,387.35,-25.12,25.15,0.02,0.22,18.59,0.05,0
12.11,6171.98,385.62,387.1,-25.09,25.13,0.01,0.22,18.59,0.05,0
12.12,6175.84,385.37,386.85,-25.07,25.1,0.01,0.22,18.59,0.05,0
12.13,6179.69,385.12,386.6,-25.04,25.08,0.01,0.22,18.59,0.05,0
12.14,6183.54,384.87,386.34,-25.01,25.05,0.01,0.22,18.59,0.05,0
12.15,6187.39,384.62,386.09,-24.98,25.03,0.01,0.22,18.59,0.05,0
12.16,6191.23,384.37,385.84,-24.96,25.01,0.01,0.22,18.59,0.05,0
12.17,6195.07,384.12,385.59,-24.93,24.98,0.02,0.22,18.59,0.05,0
12.18,6198.91,383.87,385.35,-24.91,24.96,0.02,0.22,18.59,0.05,0
12.19,6202.75,383.63,385.1,-24.88,24.93,0.02,0.22,18.59,0.05,0
12.2,6206.59,383.38,384.85,-24.86,24.91,0.02,0.22,18.59,0.05,0
12.21,6210.42,383.13,384.6,-24.84,24.89,0.02,0.22,18.59,0.05,0
12.22,6214.25,382.88,384.35,-24.82,24.86,0.01,0.22,18.59,0.05,0
12.23,6218.08,382.63,384.1,-24.8,24.84,0.01,0.22,18.59,0.05,0
12.24,6221.9,382.38,383.85,-24.78,24.82,0,0.21,18.59,0.05,0
12.25,6225.72,382.14,383.6,-24.76,24.8,0,0.21,18.59,0.05,0
12.26,6229.54,381.89,383.36,-24.73,24.77,0,0.21,18.59,0.05,0
12.27,6233.36,381.64,383.11,-24.71,24.75,0.01,0.21,18.59,0.05,0
12.28,6237.18,381.39,382.86,-24.69,24.73,0.01,0.21,18.59,0.05,0
12.29,6240.99,381.15,382.61,-24.67,24.71,0.01,0.21,18.59,0.05,0
12.3,6244.8,380.9,382.37,-24.65,24.68,0.01,0.21,18.59,0.05,0
12.31,6248.61,380.66,382.12,-24.62,24.66,0.01,0.21,18.59,0.05,0
12.32,6252.41,380.41,381.87,-24.6,24.64,0.01,0.21,18.59,0.05,0
12.33,6256.22,380.16,381.63,-24.58,24.61,0.01,0.21,18.59,0.05,0
12.34,6260.02,379.92,381.38,-24.55,24.59,0.01,0.21,18.59,0.05,0
12.35,6263.81,379.67,381.14,-24.53,24.57,0.01,0.21,18.59,0.05,0
12.36,6267.61,379.43,380.89,-24.51,24.55,0.01,0.21,18.59,0.05,0
12.37,6271.4,379.18,380.65,-24.48,24.52,0,0.21,18.59,0.05,0
12.38,6275.19,378.94,380.4,-24.46,24.5,0,0.21,18.59,0.05,0
12.39,6278.98,378.69,380.16,-24.44,24.48,0,0.21,18.59,0.05,0
12.4,6282.77,378.45,379.91,-24.41,24.45,0,0.21,18.59,0.05,0
12.41,6286.55,378.2,379.67,-24.39,24.43,0.01,0.21,18.59,0.05,0
12.42,6290.33,377.96,379.42,-24.37,24.41,0.01,0.21,18.59,0.05,0
12.43,6294.11,377.72,379.18,-24.34,24.39,0.01,0.21,18.59,0.05,0
12.44,6297.88,377.47,378.94,-24.32,24.36,0.01,0.21,18.59,0.05,0
12.45,6301.66,377.23,378.69,-24.3,24.34,0.01,0.2,18.59,0.05,0
12.46,6305.43,376.99,378.45,-24.28,24.32,0.01,0.2,18.59,0.05,0
12.47,6309.2,376.75,378.21,-24.26,24.3,0.01,0.2,18.59,0.05,0
12.48,6312.96,376.5,377.96,-24.24,24.27,0.01,0.2,18.59,0.05,0
12.49,6316.73,376.26,377.72,-24.22,24.25,0.01,0.2,18.59,0.05,0
12.5,6320.49,376.02,377.48,-24.19,24.23,0.01,0.2,18.59,0.05,0
12.51,6324.25,375.78,377.24,-24.17,24.21,0,0.2,18.59,0.05,0
12.52,6328.01,375.53,377,-24.15,24.18,0,0.2,18.59,0.05,0
12.53,6331.76,375.29,376.75,-24.12,24.16,0.01,0.2,18.59,0.05,0
12.54,6335.51,375.05,376.51,-24.09,24.14,0.01,0.2,18.59,0.05,0
12.55,6339.26,374.81,376.27,-24.07,24.12,0.01,0.2,18.59,0.05,0
12.56,6343.01,374.57,376.03,-24.05,24.09,0.02,0.2,18.59,0.05,0
12.57,6346.75,374.33,375.79,-24.03,24.07,0.02,0.2,18.59,0.05,0
12.58,6350.49,374.09,375.55,-24.01,24.05,0.02,0.2,18.59,0.05,0
12.59,6354.23,373.85,375.31,-23.98,24.03,0.01,0.2,18.59,0.05,0
12.6,6357.97,373.61,375.07,-23.96,24.01,0.01,0.2,18.59,0.05,0
12.61,6361.71,373.37,374.83,-23.95,23.99,0.01,0.2,18.59,0.05,0
12.62,6365.44,373.13,374.59,-23.93,23.97,0.01,0.2,18.59,0.05,0
12.63,6369.17,372.89,374.35,-23.91,23.95,0.01,0.2,18.59,0.05,0
12.64,6372.9,372.65,374.11,-23.89,23.92,0.01,0.2,18.59,0.05,0
12.65,6376.62,372.41,373.87,-23.87,23.9,0.01,0.2,18.59,0.05,0
12.66,6380.34,372.18,373.63,-23.85,23.88,0.01,0.2,18.59,0.05,0
12.67,6384.06,371.94,373.39,-23.82,23.86,0.01,0.2,18.59,0.05,0
12.68,6387.78,371.7,373.16,-23.8,23.84,0.01,0.19,18.59,0.05,0
12.69,6391.5,371.46,372.92,-23.77,23.81,0.01,0.19,18.59,0.05,0
12.7,6395.21,371.22,372.68,-23.75,23.79,0.01,0.19,18.59,0.05,0
12.71,6398.92,370.99,372.44,-23.73,23.77,0.01,0.19,18.59,0.05,0
12.72,6402.63,370.75,372.2,-23.71,23.75,0.01,0.19,18.59,0.05,0
12.73,6406.34,370.51,371.97,-23.69,23.73,0.01,0.19,18.59,0.05,0
12.74,6410.04,370.28,371.73,-23.67,23.7,0.01,0.19,18.59,0.05,0
12.75,6413.74,370.04,371.49,-23.65,23.68,0.01,0.19,18.59,0.05,0
12.76,6417.44,369.8,371.26,-23.63,23.66,0.01,0.19,18.59,0.05,0
12.77,6421.14,369.57,371.02,-23.6,23.64,0.01,0.19,18.59,0.05,0
12.78,6424.83,369.33,370.78,-23.58,23.62,0.01,0.19,18.59,0.05,0
12.79,6428.53,369.1,370.55,-23.56,23.6,0.01,0.19,18.59,0.05,0
12.8,6432.22,368.86,370.31,-23.54,23.57,0.01,0.19,18.59,0.05,0
12.81,6435.9,368.62,370.08,-23.51,23.55,0,0.19,18.59,0.05,0
12.82,6439.59,368.39,369.84,-23.49,23.53,0.01,0.19,18.59,0.05,0
12.83,6443.27,368.15,369.61,-23.46,23.5,0.01,0.19,18.59,0.05,0
12.84,6446.95,367.92,369.37,-23.44,23.48,0.02,0.19,18.59,0.05,0
12.85,6450.63,367.69,369.14,-23.41,23.46,0.03,0.19,18.59,0.05,0
12.86,6454.31,367.45,368.9,-23.39,23.44,0.03,0.19,18.59,0.05,0
12.87,6457.98,367.22,368.67,-23.37,23.42,0.03,0.19,18.59,0.05,0
12.88,6461.65,366.98,368.43,-23.35,23.39,0.03,0.19,18.59,0.05,0
12.89,6465.32,366.75,368.2,-23.33,23.37,0.02,0.19,18.59,0.05,0
12.9,6468.99,366.52,367.97,-23.31,23.35,0.02,0.19,18.59,0.05,0
12.91,6472.65,366.29,367.73,-23.29,23.33,0.02,0.19,18.59,0.05,0
12.92,6476.31,366.05,367.5,-23.27,23.31,0.01,0.19,18.59,0.05,0
12.93,6479.97,365.82,367.27,-23.26,23.29,0,0.18,18.59,0.05,0
12.94,6483.63,365.59,367.04,-23.24,23.28,0.01,0.18,18.59,0.05,0
12.95,6487.28,365.36,366.8,-23.23,23.26,0.01,0.18,18.59,0.05,0
12.96,6490.93,365.12,366.57,-23.2,23.24,0.01,0.18,18.59,0.05,0
12.97,6494.58,364.89,366.34,-23.18,23.21,0.01,0.18,18.59,0.05,0
12.98,6498.23,364.66,366.11,-23.16,23.19,0.01,0.18,18.59,0.05,0
12.99,6501.88,364.43,365.87,-23.13,23.17,0,0.18,18.59,0.05,0
13,6505.52,364.2,365.64,-23.11,23.15,0.01,0.18,18.59,0.05,0
13.01,6509.16,363.97,365.41,-23.09,23.13,0,0.18,18.59,0.05,0
13.02,6512.8,363.73,365.18,-23.07,23.11,0,0.18,18.59,0.05,0
13.03,6516.44,363.5,364.95,-23.05,23.09,0.01,0.18,18.59,0.05,0
13.04,6520.07,363.27,364.72,-23.04,23.07,0.01,0.18,18.59,0.05,0
13.05,6523.7,363.04,364.49,-23.02,23.05,0.02,0.18,18.59,0.05,0
13.06,6527.33,362.81,364.26,-23,23.03,0.02,0.18,18.59,0.05,0
13.07,6530.96,362.58,364.03,-22.99,23.01,0.03,0.18,18.59,0.05,0
13.08,6534.58,362.35,363.8,-22.97,22.99,0.03,0.18,18.59,0.05,0
13.09,6538.21,362.12,363.57,-22.95,22.97,0.03,0.18,18.59,0.05,0
13.1,6541.83,361.89,363.34,-22.93,22.95,0.03,0.18,18.59,0.05,0
13.11,6545.44,361.67,363.11,-22.91,22.93,0.03,0.18,18.59,0.05,0
13.12,6549.06,361.44,362.88,-22.88,22.91,0.03,0.18,18.59,0.05,0
13.13,6552.67,361.21,362.65,-22.86,22.89,0.02,0.18,18.59,0.05,0
13.14,6556.28,360.98,362.42,-22.83,22.86,0.01,0.18,18.59,0.05,0
13.15,6559.89,360.75,362.2,-22.81,22.84,0.01,0.18,18.59,0.05,0
13.16,6563.5,360.52,361.97,-22.78,22.82,0,0.18,18.59,0.05,0
13.17,6567.1,360.3,361.74,-22.76,22.8,0.01,0.18,18.59,0.05,0
13.18,6570.7,360.07,361.51,-22.73,22.77,0.02,0.18,18.59,0.05,0
13.19,6574.3,359.84,361.28,-22.71,22.75,0.03,0.18,18.59,0.05,0
13.2,6577.9,359.61,361.06,-22.68,22.73,0.03,0.18,18.59,0.05,0
13.21,6581.5,359.39,360.83,-22.66,22.71,0.04,0.17,18.59,0.05,0
13.22,6585.09,359.16,360.6,-22.64,22.69,0.04,0.17,18.59,0.05,0
13.23,6588.68,358.93,360.38,-22.61,22.67,0.04,0.17,18.59,0.05,0
13.24,6592.27,358.71,360.15,-22.59,22.65,0.04,0.17,18.59,0.05,0
13.25,6595.85,358.48,359.92,-22.58,22.63,0.04,0.17,18.59,0.05,0
13.26,6599.44,358.26,359.7,-22.56,22.61,0.04,0.17,18.59,0.05,0
13.27,6603.02,358.03,359.47,-22.54,22.59,0.03,0.17,18.59,0.05,0
13.28,6606.6,357.81,359.25,-22.53,22.57,0.03,0.17,18.59,0.05,0
13.29,6610.17,357.58,359.02,-22.51,22.55,0.02,0.17,18.59,0.05,0
13.3,6613.75,357.36,358.79,-22.5,22.54,0.01,0.17,18.59,0.05,0
13.31,6617.32,357.13,358.57,-22.48,22.52,0,0.17,18.59,0.05,0
13.32,6620.89,356.91,358.34,-22.47,22.5,0.01,0.17,18.59,0.05,0
13.33,6624.46,356.68,358.12,-22.45,22.49,0.01,0.17,18.59,0.05,0
13.34,6628.02,356.46,357.9,-22.44,22.47,0.02,0.17,18.59,0.05,0
13.35,6631.59,356.23,357.67,-22.42,22.45,0.03,0.17,18.59,0.05,0
13.36,6635.15,356.01,357.45,-22.41,22.44,0.04,0.17,18.59,0.05,0
13.37,6638.71,355.78,357.22,-22.4,22.42,0.05,0.17,18.59,0.05,0
13.38,6642.27,355.56,357,-22.39,22.41,0.06,0.17,18.59,0.05,0
13.39,6645.82,355.34,356.77,-22.37,22.39,0.06,0.17,18.59,0.05,0
13.4,6649.37,355.11,356.55,-22.36,22.37,0.07,0.17,18.59,0.05,0
13.41,6652.92,354.89,356.33,-22.34,22.35,0.07,0.17,18.59,0.05,0
13.42,6656.47,354.67,356.11,-22.31,22.33,0.06,0.17,18.59,0.05,0
13.43,6660.02,354.44,355.88,-22.29,22.31,0.05,0.17,18.59,0.05,0
13.44,6663.56,354.22,355.66,-22.26,22.28,0.04,0.17,18.59,0.05,0
13.45,6667.1,354,355.44,-22.23,22.26,0.03,0.17,18.59,0.05,0
13.46,6670.64,353.78,355.21,-22.21,22.24,0.01,0.17,18.59,0.05,0
13.47,6674.18,353.55,354.99,-22.18,22.21,0,0.17,18.59,0.05,0
13.48,6677.71,353.33,354.77,-22.15,22.19,0.02,0.17,18.59,0.05,0
13.49,6681.24,353.11,354.55,-22.12,22.17,0.03,0.17,18.59,0.05,0
13.5,6684.77,352.89,354.33,-22.1,22.15,0.04,0.17,18.59,0.05,0
13.51,6688.3,352.67,354.11,-22.08,22.13,0.05,0.17,18.59,0.05,0
13.52,6691.83,352.45,353.88,-22.06,22.11,0.05,0.16,18.59,0.05,0
13.53,6695.35,352.23,353.66,-22.04,22.09,0.05,0.16,18.59,0.05,0
13.54,6698.87,352.01,353.44,-22.02,22.07,0.04,0.16,18.59,0.05,0
13.55,6702.39,351.79,353.22,-22.01,22.06,0.04,0.16,18.59,0.05,0
13.56,6705.91,351.57,353,-21.99,22.04,0.04,0.16,18.59,0.05,0
13.57,6709.42,351.35,352.78,-21.97,22.02,0.04,0.16,18.59,0.05,0
13.58,6712.93,351.13,352.56,-21.95,22,0.04,0.16,18.59,0.05,0
13.59,6716.44,350.91,352.34,-21.93,21.98,0.04,0.16,18.59,0.05,0
13.6,6719.95,350.69,352.12,-21.92,21.96,0.03,0.16,18.59,0.05,0
13.61,6723.46,350.47,351.9,-21.9,21.95,0.03,0.16,18.59,0.05,0
13.62,6726.96,350.25,351.68,-21.89,21.93,0.02,0.16,18.59,0.05,0
13.63,6730.46,350.03,351.46,-21.87,21.91,0.01,0.16,18.59,0.05,0
13.64,6733.96,349.81,351.25,-21.86,21.9,0.01,0.16,18.59,0.05,0
13.65,6737.46,349.6,351.03,-21.85,21.88,0.01,0.16,18.59,0.05,0
13.66,6740.95,349.38,350.81,-21.84,21.86,0.02,0.16,18.59,0.05,0
13.67,6744.45,349.16,350.59,-21.82,21.85,0.03,0.16,18.59,0.05,0
13.68,6747.94,348.94,350.37,-21.81,21.83,0.04,0.16,18.59,0.05,0
13.69,6751.42,348.72,350.15,-21.8,21.82,0.04,0.16,18.59,0.05,0
13.7,6754.91,348.5,349.94,-21.78,21.8,0.05,0.16,18.59,0.05,0
13.71,6758.39,348.29,349.72,-21.77,21.79,0.05,0.16,18.59,0.05,0
13.72,6761.88,348.07,349.5,-21.75,21.77,0.05,0.16,18.59,0.05,0
13.73,6765.36,347.85,349.28,-21.73,21.75,0.05,0.16,18.59,0.05,0
13.74,6768.83,347.63,349.07,-21.71,21.73,0.05,0.16,18.59,0.05,0
13.75,6772.31,347.42,348.85,-21.69,21.71,0.04,0.16,18.59,0.05,0
13.76,6775.78,347.2,348.63,-21.66,21.69,0.03,0.16,18.59,0.05,0
13.77,6779.25,346.98,348.42,-21.64,21.67,0.02,0.16,18.59,0.05,0
13.78,6782.72,346.77,348.2,-21.61,21.64,0,0.16,18.59,0.05,0
13.79,6786.19,346.55,347.98,-21.59,21.62,0.01,0.16,18.59,0.05,0
13.8,6789.65,346.34,347.77,-21.56,21.6,0.03,0.16,18.59,0.05,0
13.81,6793.11,346.12,347.55,-21.54,21.58,0.04,0.16,18.59,0.05,0
13.82,6796.57,345.91,347.34,-21.51,21.56,0.04,0.16,18.59,0.05,0
13.83,6800.03,345.69,347.12,-21.49,21.54,0.05,0.16,18.59,0.05,0
13.84,6803.49,345.48,346.9,-21.47,21.53,0.06,0.16,18.59,0.05,0
13.85,6806.94,345.26,346.69,-21.45,21.51,0.06,0.16,18.59,0.05,0
13.86,6810.39,345.05,346.47,-21.44,21.49,0.06,0.16,18.59,0.05,0
13.87,6813.84,344.83,346.26,-21.42,21.47,0.05,0.15,18.59,0.05,0
13.88,6817.29,344.62,346.05,-21.41,21.46,0.04,0.15,18.59,0.05,0
13.89,6820.74,344.4,345.83,-21.4,21.44,0.03,0.15,18.59,0.05,0
13.9,6824.18,344.19,345.62,-21.39,21.43,0.02,0.15,18.59,0.05,0
13.91,6827.62,343.98,345.4,-21.38,21.41,0.01,0.15,18.59,0.05,0
13.92,6831.06,343.76,345.19,-21.36,21.4,0.01,0.15,18.59,0.05,0
13.93,6834.49,343.55,344.98,-21.35,21.38,0.01,0.15,18.59,0.05,0
13.94,6837.93,343.34,344.76,-21.34,21.37,0.02,0.15,18.59,0.05,0
13.95,6841.36,343.12,344.55,-21.33,21.35,0.03,0.15,18.59,0.05,0
13.96,6844.79,342.91,344.33,-21.32,21.34,0.04,0.15,18.59,0.05,0
13.97,6848.22,342.7,344.12,-21.3,21.32,0.05,0.15,18.59,0.05,0
13.98,6851.65,342.48,343.91,-21.29,21.31,0.05,0.15,18.59,0.05,0
13.99,6855.07,342.27,343.7,-21.28,21.29,0.06,0.15,18.59,0.05,0
14,6858.49,342.06,343.48,-21.26,21.28,0.06,0.15,18.59,0.05,0
14.01,6861.91,341.85,343.27,-21.24,21.26,0.06,0.15,18.59,0.05,0
14.02,6865.33,341.63,343.06,-21.22,21.24,0.06,0.15,18.59,0.05,0
14.03,6868.74,341.42,342.85,-21.2,21.22,0.05,0.15,18.59,0.05,0
14.04,6872.16,341.21,342.64,-21.18,21.2,0.04,0.15,18.59,0.05,0
14.05,6875.57,341,342.42,-21.16,21.18,0.03,0.15,18.59,0.05,0
14.06,6878.98,340.79,342.21,-21.13,21.16,0.02,0.15,18.59,0.05,0
14.07,6882.38,340.57,342,-21.11,21.14,0.01,0.15,18.59,0.05,0
14.08,6885.79,340.36,341.79,-21.09,21.12,0.01,0.15,18.59,0.05,0
14.09,6889.19,340.15,341.58,-21.07,21.1,0.01,0.15,18.59,0.05,0
14.1,6892.59,339.94,341.37,-21.04,21.08,0.02,0.15,18.59,0.05,0
14.11,6895.99,339.73,341.16,-21.02,21.06,0.03,0.15,18.59,0.05,0
14.12,6899.39,339.52,340.95,-21,21.04,0.05,0.15,18.59,0.05,0
14.13,6902.78,339.31,340.74,-20.97,21.02,0.06,0.15,18.59,0.05,0
14.14,6906.17,339.1,340.53,-20.95,21.01,0.06,0.15,18.59,0.05,0
14.15,6909.56,338.89,340.32,-20.93,20.99,0.07,0.15,18.59,0.05,0
14.16,6912.95,338.68,340.11,-20.92,20.97,0.07,0.15,18.59,0.05,0
14.17,6916.34,338.47,339.9,-20.9,20.95,0.06,0.15,18.59,0.05,0
14.18,6919.72,338.27,339.69,-20.89,20.94,0.06,0.15,18.59,0.05,0
14.19,6923.1,338.06,339.48,-20.88,20.92,0.05,0.15,18.59,0.05,0
14.2,6926.48,337.85,339.27,-20.86,20.91,0.04,0.15,18.59,0.05,0
14.21,6929.86,337.64,339.06,-20.85,20.89,0.02,0.15,18.59,0.05,0
14.22,6933.23,337.43,338.85,-20.84,20.88,0.01,0.15,18.59,0.05,0
14.23,6936.61,337.22,338.64,-20.83,20.86,0.01,0.15,18.59,0.05,0
14.24,6939.98,337.01,338.43,-20.82,20.85,0.02,0.15,18.59,0.05,0
14.25,6943.35,336.81,338.23,-20.81,20.83,0.03,0.15,18.59,0.05,0
14.26,6946.71,336.6,338.02,-20.8,20.82,0.03,0.14,18.59,0.05,0
14.27,6950.08,336.39,337.81,-20.78,20.8,0.04,0.14,18.59,0.05,0
14.28,6953.44,336.18,337.6,-20.77,20.79,0.04,0.14,18.59,0.05,0
14.29,6956.8,335.97,337.4,-20.75,20.77,0.05,0.14,18.59,0.05,0
14.3,6960.16,335.77,337.19,-20.73,20.75,0.05,0.14,18.59,0.05,0
14.31,6963.52,335.56,336.98,-20.72,20.74,0.05,0.14,18.59,0.05,0
14.32,6966.87,335.35,336.77,-20.7,20.72,0.06,0.14,18.59,0.05,0
14.33,6970.22,335.15,336.57,-20.69,20.7,0.06,0.14,18.59,0.05,0
14.34,6973.57,334.94,336.36,-20.67,20.69,0.06,0.14,18.59,0.05,0
14.35,6976.92,334.73,336.15,-20.65,20.67,0.06,0.14,18.59,0.05,0
14.36,6980.27,334.53,335.95,-20.63,20.65,0.05,0.14,18.59,0.05,0
14.37,6983.61,334.32,335.74,-20.61,20.63,0.04,0.14,18.59,0.05,0
14.38,6986.96,334.11,335.54,-20.58,20.61,0.03,0.14,18.59,0.05,0
14.39,6990.3,333.91,335.33,-20.56,20.59,0.02,0.14,18.59,0.05,0
14.4,6993.63,333.7,335.12,-20.54,20.57,0.01,0.14,18.59,0.05,0
14.41,6996.97,333.5,334.92,-20.51,20.54,0.02,0.14,18.59,0.05,0
14.42,7000.3,333.29,334.71,-20.49,20.52,0.03,0.14,18.59,0.05,0
14.43,7003.64,333.09,334.51,-20.46,20.51,0.05,0.14,18.59,0.05,0
14.44,7006.97,332.88,334.3,-20.44,20.49,0.06,0.14,18.59,0.05,0
14.45,7010.29,332.68,334.1,-20.42,20.47,0.07,0.14,18.59,0.05,0
14.46,7013.62,332.48,333.89,-20.4,20.45,0.08,0.14,18.59,0.05,0
14.47,7016.94,332.27,333.69,-20.38,20.43,0.08,0.14,18.59,0.05,0
14.48,7020.26,332.07,333.49,-20.36,20.42,0.09,0.14,18.59,0.05,0
14.49,7023.58,331.86,333.28,-20.34,20.4,0.08,0.14,18.59,0.05,0
14.5,7026.9,331.66,333.08,-20.33,20.39,0.08,0.14,18.59,0.05,0
14.51,7030.22,331.46,332.87,-20.32,20.37,0.07,0.14,18.59,0.05,0
14.52,7033.53,331.25,332.67,-20.3,20.35,0.07,0.14,18.59,0.05,0
14.53,7036.84,331.05,332.47,-20.29,20.34,0.06,0.14,18.59,0.05,0
14.54,7040.15,330.85,332.26,-20.28,20.32,0.05,0.14,18.59,0.05,0
14.55,7043.46,330.65,332.06,-20.27,20.31,0.04,0.14,18.59,0.05,0
14.56,7046.77,330.44,331.86,-20.26,20.3,0.02,0.14,18.59,0.05,0
14.57,7050.07,330.24,331.66,-20.26,20.28,0.01,0.14,18.59,0.05,0
14.58,7053.37,330.04,331.45,-20.25,20.27,0.03,0.14,18.59,0.05,0
14.59,7056.67,329.84,331.25,-20.25,20.26,0.05,0.14,18.59,0.05,0
14.6,7059.97,329.63,331.05,-20.24,20.25,0.07,0.14,18.59,0.05,0
14.61,7063.26,329.43,330.85,-20.23,20.24,0.08,0.14,18.59,0.05,0
14.62,7066.56,329.23,330.64,-20.22,20.23,0.09,0.14,18.59,0.05,0
14.63,7069.85,329.03,330.44,-20.21,20.22,0.1,0.14,18.59,0.05,0
14.64,7073.14,328.82,330.24,-20.19,20.2,0.1,0.14,18.59,0.05,0
14.65,7076.42,328.62,330.04,-20.18,20.19,0.1,0.14,18.59,0.05,0
14.66,7079.71,328.42,329.84,-20.16,20.17,0.1,0.14,18.59,0.05,0
14.67,7082.99,328.22,329.64,-20.14,20.15,0.09,0.14,18.59,0.05,0
14.68,7086.27,328.02,329.44,-20.11,20.12,0.07,0.14,18.59,0.05,0
14.69,7089.55,327.82,329.23,-20.09,20.1,0.06,0.14,18.59,0.05,0
14.7,7092.83,327.62,329.03,-20.06,20.08,0.04,0.14,18.59,0.05,0
14.71,7096.1,327.42,328.83,-20.04,20.06,0.02,0.14,18.59,0.05,0
14.72,7099.38,327.22,328.63,-20.01,20.04,0.01,0.13,18.59,0.05,0
14.73,7102.65,327.02,328.43,-19.99,20.02,0.01,0.13,18.59,0.05,0
14.74,7105.92,326.82,328.23,-19.97,20,0.02,0.13,18.59,0.05,0
14.75,7109.18,326.62,328.03,-19.95,19.98,0.04,0.13,18.59,0.05,0
14.76,7112.45,326.42,327.83,-19.92,19.97,0.05,0.13,18.59,0.05,0
14.77,7115.71,326.22,327.63,-19.9,19.95,0.06,0.13,18.59,0.05,0
14.78,7118.97,326.02,327.43,-19.88,19.93,0.07,0.13,18.59,0.05,0
14.79,7122.23,325.82,327.24,-19.86,19.92,0.08,0.13,18.59,0.05,0
14.8,7125.49,325.62,327.04,-19.85,19.9,0.08,0.13,18.59,0.05,0
14.81,7128.75,325.42,326.84,-19.83,19.88,0.09,0.13,18.59,0.05,0
14.82,7132,325.22,326.64,-19.82,19.87,0.09,0.13,18.59,0.05,0
14.83,7135.25,325.03,326.44,-19.8,19.85,0.08,0.13,18.59,0.05,0
14.84,7138.5,324.83,326.24,-19.79,19.84,0.08,0.13,18.59,0.05,0
14.85,7141.75,324.63,326.04,-19.78,19.82,0.07,0.13,18.59,0.05,0
14.86,7144.99,324.43,325.85,-19.77,19.81,0.06,0.13,18.59,0.05,0
14.87,7148.24,324.24,325.65,-19.76,19.8,0.04,0.13,18.59,0.05,0
14.88,7151.48,324.04,325.45,-19.75,19.79,0.03,0.13,18.59,0.05,0
14.89,7154.72,323.84,325.25,-19.75,19.77,0.01,0.13,18.59,0.05,0
14.9,7157.95,323.64,325.05,-19.74,19.76,0.01,0.13,18.59,0.05,0
14.91,7161.19,323.45,324.86,-19.73,19.75,0.03,0.13,18.59,0.05,0
14.92,7164.42,323.25,324.66,-19.72,19.74,0.04,0.13,18.59,0.05,0
14.93,7167.65,323.05,324.46,-19.72,19.73,0.06,0.13,18.59,0.05,0
14.94,7170.88,322.85,324.27,-19.71,19.72,0.07,0.13,18.59,0.05,0
14.95,7174.11,322.66,324.07,-19.7,19.71,0.08,0.13,18.59,0.05,0
14.96,7177.34,322.46,323.87,-19.69,19.69,0.09,0.13,18.59,0.05,0
14.97,7180.56,322.26,323.68,-19.67,19.68,0.09,0.13,18.59,0.05,0
14.98,7183.78,322.07,323.48,-19.65,19.66,0.09,0.13,18.59,0.05,0
14.99,7187,321.87,323.28,-19.63,19.64,0.09,0.13,18.59,0.05,0
15,7190.22,321.67,323.09,-19.61,19.62,0.09,0.13,18.59,0.05,0
15.01,7193.44,321.48,322.89,-19.59,19.6,0.08,0.13,18.59,0.05,0
15.02,7196.65,321.28,322.7,-19.57,19.58,0.07,0.13,18.59,0.05,0
15.03,7199.86,321.09,322.5,-19.55,19.56,0.06,0.13,18.59,0.05,0
15.04,7203.07,320.89,322.31,-19.52,19.54,0.04,0.13,18.59,0.05,0
15.05,7206.28,320.7,322.11,-19.5,19.52,0.03,0.13,18.59,0.05,0
15.06,7209.48,320.5,321.92,-19.47,19.5,0.01,0.13,18.59,0.05,0
15.07,7212.69,320.31,321.72,-19.45,19.48,0.02,0.13,18.59,0.05,0
15.08,7215.89,320.11,321.53,-19.42,19.46,0.03,0.13,18.59,0.05,0
15.09,7219.09,319.92,321.33,-19.4,19.44,0.05,0.13,18.59,0.05,0
15.1,7222.29,319.72,321.14,-19.38,19.42,0.06,0.13,18.59,0.05,0
15.11,7225.49,319.53,320.94,-19.36,19.4,0.07,0.13,18.59,0.05,0
15.12,7228.68,319.34,320.75,-19.33,19.38,0.09,0.13,18.59,0.05,0
15.13,7231.87,319.14,320.56,-19.31,19.37,0.09,0.13,18.59,0.05,0
15.14,7235.06,318.95,320.36,-19.3,19.35,0.1,0.13,18.59,0.05,0
15.15,7238.25,318.76,320.17,-19.28,19.33,0.1,0.13,18.59,0.05,0
15.16,7241.44,318.57,319.98,-19.26,19.32,0.1,0.13,18.59,0.05,0
15.17,7244.62,318.37,319.78,-19.25,19.3,0.1,0.13,18.59,0.05,0
15.18,7247.81,318.18,319.59,-19.23,19.29,0.1,0.13,18.59,0.05,0
15.19,7250.99,317.99,319.4,-19.22,19.27,0.09,0.13,18.59,0.05,0
15.2,7254.17,317.8,319.21,-19.21,19.26,0.08,0.13,18.59,0.05,0
15.21,7257.34,317.6,319.01,-19.2,19.24,0.06,0.13,18.59,0.05,0
15.22,7260.52,317.41,318.82,-19.19,19.23,0.05,0.13,18.59,0.05,0
15.23,7263.69,317.22,318.63,-19.18,19.21,0.03,0.13,18.59,0.05,0
15.24,7266.86,317.03,318.44,-19.18,19.2,0.01,0.12,18.59,0.05,0
15.25,7270.03,316.84,318.24,-19.17,19.19,0.01,0.12,18.59,0.05,0
15.26,7273.2,316.65,318.05,-19.16,19.18,0.03,0.12,18.59,0.05,0
15.27,7276.36,316.45,317.86,-19.15,19.17,0.04,0.12,18.59,0.05,0
15.28,7279.53,316.26,317.67,-19.14,19.15,0.05,0.12,18.59,0.05,0
15.29,7282.69,316.07,317.48,-19.13,19.14,0.06,0.12,18.59,0.05,0
15.3,7285.85,315.88,317.29,-19.12,19.13,0.07,0.12,18.59,0.05,0
15.31,7289.01,315.69,317.1,-19.1,19.11,0.08,0.12,18.59,0.05,0
15.32,7292.16,315.5,316.91,-19.09,19.1,0.09,0.12,18.59,0.05,0
15.33,7295.32,315.31,316.72,-19.07,19.08,0.09,0.12,18.59,0.05,0
15.34,7298.47,315.12,316.53,-19.06,19.07,0.09,0.12,18.59,0.05,0
15.35,7301.62,314.93,316.34,-19.04,19.05,0.09,0.12,18.59,0.05,0
15.36,7304.77,314.74,316.15,-19.02,19.03,0.08,0.12,18.59,0.05,0
15.37,7307.91,314.55,315.96,-19.01,19.02,0.08,0.12,18.59,0.05,0
15.38,7311.06,314.36,315.77,-18.99,19,0.07,0.12,18.59,0.05,0
15.39,7314.2,314.17,315.58,-18.97,18.98,0.06,0.12,18.59,0.05,0
15.4,7317.34,313.98,315.39,-18.95,18.96,0.05,0.12,18.59,0.05,0
15.41,7320.48,313.79,315.2,-18.92,18.94,0.03,0.12,18.59,0.05,0
15.42,7323.62,313.6,315.01,-18.9,18.92,0.02,0.12,18.59,0.05,0
15.43,7326.75,313.41,314.82,-18.88,18.9,0.01,0.12,18.59,0.05,0
15.44,7329.89,313.22,314.63,-18.85,18.88,0.02,0.12,18.59,0.05,0
15.45,7333.02,313.03,314.44,-18.83,18.87,0.04,0.12,18.59,0.05,0
15.46,7336.15,312.84,314.25,-18.81,18.85,0.05,0.12,18.59,0.05,0
15.47,7339.27,312.66,314.07,-18.79,18.83,0.06,0.12,18.59,0.05,0
15.48,7342.4,312.47,313.88,-18.78,18.82,0.07,0.12,18.59,0.05,0
15.49,7345.52,312.28,313.69,-18.76,18.8,0.07,0.12,18.59,0.05,0
15.5,7348.64,312.09,313.5,-18.75,18.79,0.07,0.12,18.59,0.05,0
15.51,7351.76,311.9,313.31,-18.73,18.77,0.07,0.12,18.59,0.05,0
15.52,7354.88,311.72,313.13,-18.72,18.76,0.07,0.12,18.59,0.05,0
15.53,7358,311.53,312.94,-18.7,18.74,0.07,0.12,18.59,0.05,0
15.54,7361.11,311.34,312.75,-18.69,18.73,0.07,0.12,18.59,0.05,0
15.55,7364.23,311.16,312.56,-18.67,18.71,0.06,0.12,18.59,0.05,0
15.56,7367.34,310.97,312.38,-18.66,18.7,0.06,0.12,18.59,0.05,0
15.57,7370.45,310.78,312.19,-18.65,18.69,0.05,0.12,18.59,0.05,0
15.58,7373.55,310.6,312,-18.64,18.67,0.03,0.12,18.59,0.05,0
15.59,7376.66,310.41,311.82,-18.63,18.66,0.02,0.12,18.59,0.05,0
15.6,7379.76,310.22,311.63,-18.62,18.65,0.01,0.12,18.59,0.05,0
15.61,7382.86,310.04,311.44,-18.62,18.64,0.02,0.12,18.59,0.05,0
15.62,7385.96,309.85,311.26,-18.61,18.62,0.03,0.12,18.59,0.05,0
15.63,7389.06,309.67,311.07,-18.6,18.61,0.05,0.12,18.59,0.05,0
15.64,7392.15,309.48,310.89,-18.59,18.6,0.07,0.12,18.59,0.05,0
15.65,7395.25,309.29,310.7,-18.58,18.59,0.08,0.12,18.59,0.05,0
15.66,7398.34,309.11,310.52,-18.57,18.58,0.09,0.12,18.59,0.05,0
15.67,7401.43,308.92,310.33,-18.55,18.56,0.09,0.12,18.59,0.05,0
15.68,7404.52,308.74,310.15,-18.54,18.55,0.08,0.12,18.59,0.05,0
15.69,7407.61,308.55,309.96,-18.52,18.53,0.08,0.12,18.59,0.05,0
15.7,7410.69,308.37,309.78,-18.5,18.51,0.08,0.12,18.59,0.05,0
15.71,7413.77,308.18,309.59,-18.48,18.5,0.07,0.12,18.59,0.05,0
15.72,7416.85,308,309.41,-18.46,18.48,0.06,0.12,18.59,0.05,0
15.73,7419.93,307.81,309.22,-18.44,18.46,0.05,0.12,18.59,0.05,0
15.74,7423.01,307.63,309.04,-18.42,18.44,0.04,0.12,18.59,0.05,0
15.75,7426.09,307.44,308.85,-18.4,18.43,0.04,0.12,18.59,0.05,0
15.76,7429.16,307.26,308.67,-18.38,18.41,0.03,0.12,18.59,0.05,0
15.77,7432.23,307.08,308.49,-18.36,18.39,0.03,0.12,18.59,0.05,0
15.78,7435.3,306.89,308.3,-18.34,18.37,0.03,0.12,18.59,0.05,0
15.79,7438.37,306.71,308.12,-18.33,18.36,0.04,0.12,18.59,0.05,0
15.8,7441.43,306.53,307.93,-18.31,18.34,0.05,0.12,18.59,0.05,0
15.81,7444.5,306.34,307.75,-18.29,18.33,0.06,0.12,18.59,0.05,0
15.82,7447.56,306.16,307.57,-18.27,18.31,0.06,0.12,18.59,0.05,0
15.83,7450.62,305.98,307.39,-18.26,18.3,0.06,0.12,18.59,0.05,0
15.84,7453.68,305.8,307.2,-18.24,18.28,0.07,0.12,18.59,0.05,0
15.85,7456.74,305.61,307.02,-18.23,18.27,0.07,0.12,18.59,0.05,0
15.86,7459.79,305.43,306.84,-18.22,18.26,0.07,0.11,18.59,0.05,0
15.87,7462.85,305.25,306.66,-18.21,18.24,0.07,0.11,18.59,0.05,0
15.88,7465.9,305.07,306.47,-18.19,18.23,0.07,0.11,18.59,0.05,0
15.89,7468.95,304.88,306.29,-18.18,18.22,0.06,0.11,18.59,0.05,0
15.9,7472,304.7,306.11,-18.17,18.2,0.06,0.11,18.59,0.05,0
15.91,7475.04,304.52,305.93,-18.16,18.19,0.05,0.11,18.59,0.05,0
15.92,7478.09,304.34,305.75,-18.15,18.18,0.04,0.11,18.59,0.05,0
15.93,7481.13,304.16,305.56,-18.14,18.17,0.04,0.11,18.59,0.05,0
15.94,7484.17,303.98,305.38,-18.13,18.15,0.03,0.11,18.59,0.05,0
15.95,7487.21,303.8,305.2,-18.12,18.14,0.03,0.11,18.59,0.05,0
15.96,7490.25,303.61,305.02,-18.11,18.13,0.03,0.11,18.59,0.05,0
15.97,7493.28,303.43,304.84,-18.1,18.12,0.04,0.11,18.59,0.05,0
15.98,7496.31,303.25,304.66,-18.09,18.11,0.04,0.11,18.59,0.05,0
15.99,7499.35,303.07,304.48,-18.08,18.09,0.05,0.11,18.59,0.05,0
16,7502.38,302.89,304.3,-18.07,18.08,0.05,0.11,18.59,0.05,0
16.01,7505.4,302.71,304.12,-18.06,18.07,0.06,0.11,18.59,0.05,0
16.02,7508.43,302.53,303.94,-18.04,18.06,0.06,0.11,18.59,0.05,0
16.03,7511.45,302.35,303.76,-18.03,18.04,0.07,0.11,18.59,0.05,0
16.04,7514.48,302.17,303.58,-18.02,18.03,0.07,0.11,18.59,0.05,0
16.05,7517.5,301.99,303.4,-18,18.02,0.07,0.11,18.59,0.05,0
16.06,7520.52,301.81,303.22,-17.99,18,0.07,0.11,18.59,0.05,0
16.07,7523.53,301.63,303.04,-17.97,17.98,0.06,0.11,18.59,0.05,0
16.08,7526.55,301.45,302.86,-17.95,17.97,0.06,0.11,18.59,0.05,0
16.09,7529.56,301.27,302.68,-17.93,17.95,0.05,0.11,18.59,0.05,0
16.1,7532.57,301.09,302.5,-17.91,17.93,0.04,0.11,18.59,0.05,0
16.11,7535.58,300.91,302.32,-17.89,17.92,0.04,0.11,18.59,0.05,0
16.12,7538.59,300.73,302.14,-17.88,17.9,0.04,0.11,18.59,0.05,0
16.13,7541.6,300.55,301.96,-17.86,17.89,0.04,0.11,18.59,0.05,0
16.14,7544.6,300.38,301.78,-17.84,17.87,0.04,0.11,18.59,0.05,0
16.15,7547.61,300.2,301.61,-17.83,17.86,0.04,0.11,18.59,0.05,0
16.16,7550.61,300.02,301.43,-17.81,17.84,0.04,0.11,18.59,0.05,0
16.17,7553.61,299.84,301.25,-17.8,17.83,0.04,0.11,18.59,0.05,0
16.18,7556.6,299.66,301.07,-17.78,17.81,0.04,0.11,18.59,0.05,0
16.19,7559.6,299.49,300.89,-17.77,17.8,0.05,0.11,18.59,0.05,0
16.2,7562.59,299.31,300.71,-17.75,17.78,0.05,0.11,18.59,0.05,0
16.21,7565.59,299.13,300.54,-17.74,17.77,0.05,0.11,18.59,0.05,0
16.22,7568.58,298.95,300.36,-17.73,17.76,0.05,0.11,18.59,0.05,0
16.23,7571.57,298.78,300.18,-17.72,17.75,0.05,0.11,18.59,0.05,0
16.24,7574.55,298.6,300,-17.7,17.73,0.05,0.11,18.59,0.05,0
16.25,7577.54,298.42,299.83,-17.69,17.72,0.05,0.11,18.59,0.05,0
16.26,7580.52,298.25,299.65,-17.68,17.71,0.05,0.11,18.59,0.05,0
16.27,7583.5,298.07,299.47,-17.67,17.7,0.05,0.11,18.59,0.05,0
16.28,7586.48,297.89,299.3,-17.66,17.68,0.05,0.11,18.59,0.05,0
16.29,7589.46,297.72,299.12,-17.65,17.67,0.04,0.11,18.59,0.05,0
16.3,7592.44,297.54,298.94,-17.64,17.66,0.04,0.11,18.59,0.05,0
16.31,7595.41,297.36,298.77,-17.63,17.65,0.04,0.11,18.59,0.05,0
16.32,7598.38,297.19,298.59,-17.61,17.64,0.03,0.11,18.59,0.05,0
16.33,7601.35,297.01,298.42,-17.6,17.62,0.03,0.11,18.59,0.05,0
16.34,7604.32,296.83,298.24,-17.59,17.61,0.02,0.11,18.59,0.05,0
16.35,7607.29,296.66,298.06,-17.58,17.6,0.02,0.11,18.59,0.05,0
16.36,7610.26,296.48,297.89,-17.57,17.59,0.01,0.11,18.59,0.05,0
16.37,7613.22,296.31,297.71,-17.55,17.57,0.01,0.11,18.59,0.05,0
16.38,7616.18,296.13,297.54,-17.54,17.56,0.01,0.11,18.59,0.05,0
16.39,7619.14,295.96,297.36,-17.53,17.55,0.02,0.11,18.59,0.05,0
16.4,7622.1,295.78,297.19,-17.52,17.54,0.02,0.11,18.59,0.05,0
16.41,7625.06,295.61,297.01,-17.51,17.52,0.03,0.11,18.59,0.05,0
16.42,7628.01,295.43,296.84,-17.49,17.51,0.04,0.11,18.59,0.05,0
16.43,7630.97,295.26,296.66,-17.48,17.5,0.04,0.11,18.59,0.05,0
16.44,7633.92,295.08,296.49,-17.47,17.49,0.05,0.11,18.59,0.05,0
16.45,7636.87,294.91,296.31,-17.46,17.48,0.05,0.11,18.59,0.05,0
16.46,7639.82,294.73,296.14,-17.45,17.46,0.05,0.11,18.59,0.05,0
16.47,7642.76,294.56,295.96,-17.43,17.45,0.05,0.11,18.59,0.05,0
16.48,7645.71,294.38,295.79,-17.42,17.44,0.05,0.11,18.59,0.05,0
16.49,7648.65,294.21,295.62,-17.41,17.42,0.05,0.11,18.59,0.05,0
16.5,7651.59,294.04,295.44,-17.39,17.41,0.04,0.11,18.59,0.05,0
16.51,7654.53,293.86,295.27,-17.38,17.4,0.04,0.11,18.59,0.05,0
16.52,7657.47,293.69,295.09,-17.37,17.39,0.04,0.11,18.59,0.05,0
16.53,7660.41,293.51,294.92,-17.36,17.38,0.04,0.11,18.59,0.05,0
16.54,7663.34,293.34,294.75,-17.35,17.36,0.04,0.11,18.59,0.05,0
16.55,7666.27,293.17,294.57,-17.34,17.35,0.03,0.11,18.59,0.05,0
16.56,7669.2,292.99,294.4,-17.32,17.34,0.03,0.11,18.59,0.05,0
16.57,7672.13,292.82,294.23,-17.31,17.32,0.03,0.11,18.59,0.05,0
16.58,7675.06,292.65,294.05,-17.29,17.31,0.02,0.11,18.59,0.05,0
16.59,7677.99,292.47,293.88,-17.28,17.3,0.02,0.11,18.59,0.05,0
16.6,7680.91,292.3,293.71,-17.27,17.28,0.02,0.11,18.59,0.05,0
16.61,7683.83,292.13,293.54,-17.25,17.27,0.02,0.1,18.59,0.05,0
16.62,7686.75,291.96,293.36,-17.24,17.26,0.03,0.1,18.59,0.05,0
16.63,7689.67,291.78,293.19,-17.22,17.24,0.03,0.1,18.59,0.05,0
16.64,7692.59,291.61,293.02,-17.21,17.23,0.04,0.1,18.59,0.05,0
16.65,7695.5,291.44,292.85,-17.19,17.22,0.04,0.1,18.59,0.05,0
16.66,7698.42,291.27,292.68,-17.18,17.2,0.05,0.1,18.59,0.05,0
16.67,7701.33,291.1,292.5,-17.17,17.19,0.05,0.1,18.59,0.05,0
16.68,7704.24,290.93,292.33,-17.16,17.18,0.05,0.1,18.59,0.05,0
16.69,7707.15,290.75,292.16,-17.14,17.17,0.05,0.1,18.59,0.05,0
16.7,7710.05,290.58,291.99,-17.13,17.16,0.05,0.1,18.59,0.05,0
16.71,7712.96,290.41,291.82,-17.12,17.14,0.05,0.1,18.59,0.05,0
16.72,7715.86,290.24,291.65,-17.1,17.13,0.05,0.1,18.59,0.05,0
16.73,7718.76,290.07,291.48,-17.09,17.12,0.05,0.1,18.59,0.05,0
16.74,7721.66,289.9,291.3,-17.08,17.1,0.05,0.1,18.59,0.05,0
16.75,7724.56,289.73,291.13,-17.06,17.09,0.05,0.1,18.59,0.05,0
16.76,7727.46,289.56,290.96,-17.05,17.08,0.05,0.1,18.59,0.05,0
16.77,7730.35,289.39,290.79,-17.04,17.07,0.05,0.1,18.59,0.05,0
16.78,7733.25,289.22,290.62,-17.03,17.06,0.05,0.1,18.59,0.05,0
16.79,7736.14,289.05,290.45,-17.02,17.05,0.05,0.1,18.59,0.05,0
16.8,7739.03,288.88,290.28,-17.01,17.03,0.05,0.1,18.59,0.05,0
16.81,7741.91,288.71,290.11,-17,17.02,0.05,0.1,18.59,0.05,0
16.82,7744.8,288.54,289.94,-16.99,17.01,0.05,0.1,18.59,0.05,0
16.83,7747.69,288.37,289.77,-16.98,17,0.05,0.1,18.59,0.05,0
16.84,7750.57,288.2,289.6,-16.97,16.99,0.05,0.1,18.59,0.05,0
16.85,7753.45,288.03,289.43,-16.96,16.98,0.05,0.1,18.59,0.05,0
16.86,7756.33,287.86,289.26,-16.95,16.97,0.05,0.1,18.59,0.05,0
16.87,7759.21,287.69,289.09,-16.94,16.97,0.04,0.1,18.59,0.05,0
16.88,7762.08,287.52,288.92,-16.94,16.96,0.04,0.1,18.59,0.05,0
16.89,7764.96,287.35,288.75,-16.93,16.95,0.04,0.1,18.59,0.05,0
16.9,7767.83,287.18,288.58,-16.92,16.94,0.05,0.1,18.59,0.05,0
16.91,7770.7,287.01,288.42,-16.92,16.93,0.05,0.1,18.59,0.05,0
16.92,7773.57,286.84,288.25,-16.91,16.92,0.05,0.1,18.59,0.05,0
16.93,7776.44,286.67,288.08,-16.9,16.91,0.06,0.1,18.59,0.05,0
16.94,7779.3,286.5,287.91,-16.9,16.91,0.06,0.1,18.59,0.05,0
16.95,7782.17,286.33,287.74,-16.89,16.9,0.07,0.1,18.59,0.05,0
16.96,7785.03,286.17,287.57,-16.88,16.89,0.07,0.1,18.59,0.05,0
16.97,7787.89,286,287.4,-16.87,16.88,0.07,0.1,18.59,0.05,0
16.98,7790.75,285.83,287.24,-16.86,16.87,0.07,0.1,18.59,0.05,0
16.99,7793.61,285.66,287.07,-16.85,16.86,0.07,0.1,18.59,0.05,0
17,7796.46,285.49,286.9,-16.84,16.85,0.07,0.1,18.59,0.05,0
17.01,7799.32,285.32,286.73,-16.83,16.83,0.07,0.1,18.59,0.05,0
17.02,7802.17,285.15,286.56,-16.81,16.82,0.07,0.1,18.59,0.05,0
17.03,7805.02,284.99,286.4,-16.8,16.81,0.06,0.1,18.59,0.05,0
17.04,7807.87,284.82,286.23,-16.79,16.8,0.06,0.1,18.59,0.05,0
17.05,7810.72,284.65,286.06,-16.77,16.79,0.05,0.1,18.59,0.05,0
17.06,7813.56,284.48,285.89,-16.76,16.77,0.05,0.1,18.59,0.05,0
17.07,7816.41,284.32,285.72,-16.75,16.76,0.04,0.1,18.59,0.05,0
17.08,7819.25,284.15,285.56,-16.73,16.75,0.04,0.1,18.59,0.05,0
17.09,7822.09,283.98,285.39,-16.72,16.74,0.04,0.1,18.59,0.05,0
17.1,7824.93,283.81,285.22,-16.7,16.72,0.04,0.1,18.59,0.05,0
17.11,7827.77,283.65,285.06,-16.69,16.71,0.04,0.1,18.59,0.05,0
17.12,7830.6,283.48,284.89,-16.68,16.7,0.04,0.1,18.59,0.05,0
17.13,7833.43,283.31,284.72,-16.66,16.69,0.05,0.1,18.59,0.05,0
17.14,7836.27,283.15,284.56,-16.65,16.68,0.05,0.1,18.59,0.05,0
17.15,7839.1,282.98,284.39,-16.64,16.66,0.05,0.1,18.59,0.05,0
17.16,7841.93,282.81,284.22,-16.62,16.65,0.06,0.1,18.59,0.05,0
17.17,7844.75,282.65,284.06,-16.61,16.64,0.06,0.1,18.59,0.05,0
17.18,7847.58,282.48,283.89,-16.6,16.63,0.07,0.1,18.59,0.05,0
17.19,7850.4,282.32,283.72,-16.59,16.62,0.07,0.1,18.59,0.05,0
17.2,7853.23,282.15,283.56,-16.57,16.61,0.07,0.1,18.59,0.05,0
17.21,7856.05,281.98,283.39,-16.56,16.6,0.07,0.1,18.59,0.05,0
17.22,7858.87,281.82,283.23,-16.56,16.59,0.07,0.1,18.59,0.05,0
17.23,7861.68,281.65,283.06,-16.55,16.58,0.07,0.1,18.59,0.05,0
17.24,7864.5,281.49,282.9,-16.54,16.57,0.06,0.1,18.59,0.05,0
17.25,7867.31,281.32,282.73,-16.53,16.56,0.05,0.1,18.59,0.05,0
17.26,7870.13,281.16,282.57,-16.52,16.55,0.05,0.1,18.59,0.05,0
17.27,7872.94,280.99,282.4,-16.52,16.54,0.05,0.1,18.59,0.05,0
17.28,7875.75,280.83,282.23,-16.51,16.53,0.04,0.1,18.59,0.05,0
17.29,7878.55,280.66,282.07,-16.5,16.52,0.04,0.1,18.59,0.05,0
17.3,7881.36,280.5,281.9,-16.49,16.51,0.04,0.1,18.59,0.05,0
17.31,7884.16,280.33,281.74,-16.49,16.51,0.04,0.1,18.59,0.05,0
17.32,7886.96,280.17,281.57,-16.48,16.5,0.04,0.1,18.59,0.05,0
17.33,7889.77,280,281.41,-16.47,16.49,0.04,0.1,18.59,0.05,0
17.34,7892.56,279.84,281.25,-16.47,16.48,0.04,0.1,18.59,0.05,0
17.35,7895.36,279.67,281.08,-16.46,16.47,0.05,0.1,18.59,0.05,0
17.36,7898.16,279.51,280.92,-16.45,16.47,0.05,0.1,18.59,0.05,0
17.37,7900.95,279.34,280.75,-16.45,16.46,0.06,0.1,18.59,0.05,0
17.38,7903.75,279.18,280.59,-16.44,16.45,0.07,0.1,18.59,0.05,0
17.39,7906.54,279.02,280.42,-16.44,16.45,0.08,0.1,18.59,0.05,0
17.4,7909.33,278.85,280.26,-16.43,16.44,0.09,0.1,18.59,0.05,0
17.41,7912.11,278.69,280.1,-16.42,16.43,0.1,0.1,18.59,0.05,0
17.42,7914.9,278.52,279.93,-16.41,16.42,0.09,0.1,18.59,0.05,0
17.43,7917.68,278.36,279.77,-16.4,16.41,0.09,0.1,18.59,0.05,0
17.44,7920.47,278.19,279.61,-16.39,16.39,0.08,0.1,18.59,0.05,0
17.45,7923.25,278.03,279.44,-16.38,16.38,0.07,0.1,18.59,0.05,0
17.46,7926.03,277.87,279.28,-16.36,16.37,0.06,0.1,18.59,0.05,0
17.47,7928.8,277.7,279.12,-16.35,16.36,0.05,0.1,18.59,0.05,0
17.48,7931.58,277.54,278.95,-16.33,16.34,0.04,0.1,18.59,0.05,0
17.49,7934.36,277.38,278.79,-16.32,16.33,0.03,0.1,18.59,0.05,0
17.5,7937.13,277.21,278.63,-16.3,16.32,0.03,0.1,18.59,0.05,0
17.51,7939.9,277.05,278.46,-16.29,16.31,0.03,0.1,18.59,0.05,0
17.52,7942.67,276.89,278.3,-16.28,16.3,0.03,0.1,18.59,0.05,0
17.53,7945.44,276.73,278.14,-16.27,16.29,0.04,0.09,18.59,0.05,0
17.54,7948.2,276.56,277.97,-16.25,16.27,0.04,0.09,18.59,0.05,0
17.55,7950.97,276.4,277.81,-16.24,16.26,0.04,0.09,18.59,0.05,0
17.56,7953.73,276.24,277.65,-16.23,16.25,0.05,0.09,18.59,0.05,0
17.57,7956.49,276.08,277.49,-16.22,16.24,0.05,0.09,18.59,0.05,0
17.58,7959.25,275.91,277.33,-16.21,16.23,0.06,0.09,18.59,0.05,0
17.59,7962.01,275.75,277.16,-16.2,16.22,0.06,0.09,18.59,0.05,0
17.6,7964.77,275.59,277,-16.18,16.21,0.06,0.09,18.59,0.05,0
17.61,7967.52,275.43,276.84,-16.17,16.2,0.06,0.09,18.59,0.05,0
17.62,7970.28,275.27,276.68,-16.17,16.19,0.06,0.09,18.59,0.05,0
17.63,7973.03,275.1,276.52,-16.16,16.18,0.06,0.09,18.59,0.05,0
17.64,7975.78,274.94,276.35,-16.15,16.17,0.05,0.09,18.59,0.05,0
17.65,7978.53,274.78,276.19,-16.14,16.16,0.04,0.09,18.59,0.05,0
17.66,7981.28,274.62,276.03,-16.13,16.15,0.04,0.09,18.59,0.05,0
17.67,7984.02,274.46,275.87,-16.12,16.14,0.04,0.09,18.59,0.05,0
17.68,7986.76,274.3,275.71,-16.11,16.14,0.04,0.09,18.59,0.05,0
17.69,7989.51,274.14,275.55,-16.11,16.13,0.03,0.09,18.59,0.05,0
17.7,7992.25,273.98,275.39,-16.1,16.12,0.03,0.09,18.59,0.05,0
17.71,7994.99,273.81,275.23,-16.09,16.11,0.03,0.09,18.59,0.05,0
17.72,7997.72,273.65,275.07,-16.08,16.1,0.04,0.09,18.59,0.05,0
17.73,8000.46,273.49,274.9,-16.07,16.09,0.04,0.09,18.59,0.05,0
17.74,8003.19,273.33,274.74,-16.06,16.08,0.04,0.09,18.59,0.05,0
17.75,8005.93,273.17,274.58,-16.05,16.07,0.04,0.09,18.59,0.05,0
17.76,8008.66,273.01,274.42,-16.04,16.06,0.04,0.09,18.59,0.05,0
17.77,8011.39,272.85,274.26,-16.03,16.05,0.04,0.09,18.59,0.05,0
17.78,8014.11,272.69,274.1,-16.01,16.03,0.04,0.09,18.59,0.05,0
17.79,8016.84,272.53,273.94,-16,16.02,0.04,0.09,18.59,0.05,0
17.8,8019.56,272.37,273.78,-15.99,16.01,0.04,0.09,18.59,0.05,0
17.81,8022.29,272.21,273.62,-15.98,16,0.04,0.09,18.59,0.05,0
17.82,8025.01,272.05,273.46,-15.97,15.99,0.04,0.09,18.59,0.05,0
17.83,8027.73,271.89,273.3,-15.97,15.98,0.04,0.09,18.59,0.05,0
17.84,8030.45,271.73,273.14,-15.96,15.97,0.04,0.09,18.59,0.05,0
17.85,8033.16,271.57,272.98,-15.95,15.96,0.05,0.09,18.59,0.05,0
17.86,8035.88,271.41,272.83,-15.94,15.95,0.05,0.09,18.59,0.05,0
17.87,8038.59,271.25,272.67,-15.93,15.94,0.06,0.09,18.59,0.05,0
17.88,8041.3,271.09,272.51,-15.92,15.93,0.06,0.09,18.59,0.05,0
17.89,8044.01,270.93,272.35,-15.91,15.91,0.06,0.09,18.59,0.05,0
17.9,8046.72,270.78,272.19,-15.89,15.9,0.06,0.09,18.59,0.05,0
17.91,8049.43,270.62,272.03,-15.88,15.89,0.06,0.09,18.59,0.05,0
17.92,8052.13,270.46,271.87,-15.87,15.88,0.06,0.09,18.59,0.05,0
17.93,8054.84,270.3,271.71,-15.86,15.87,0.06,0.09,18.59,0.05,0
17.94,8057.54,270.14,271.56,-15.85,15.85,0.05,0.09,18.59,0.05,0
17.95,8060.24,269.98,271.4,-15.83,15.84,0.05,0.09,18.59,0.05,0
17.96,8062.94,269.82,271.24,-15.82,15.83,0.05,0.09,18.59,0.05,0
17.97,8065.64,269.67,271.08,-15.81,15.82,0.06,0.09,18.59,0.05,0
17.98,8068.33,269.51,270.92,-15.8,15.81,0.06,0.09,18.59,0.05,0
17.99,8071.03,269.35,270.77,-15.79,15.8,0.06,0.09,18.59,0.05,0
18,8073.72,269.19,270.61,-15.77,15.78,0.06,0.09,18.59,0.05,0
18.01,8076.41,269.03,270.45,-15.76,15.77,0.06,0.09,18.59,0.05,0
18.02,8079.1,268.88,270.29,-15.75,15.76,0.05,0.09,18.59,0.05,0
18.03,8081.79,268.72,270.14,-15.73,15.74,0.04,0.09,18.59,0.05,0
18.04,8084.47,268.56,269.98,-15.71,15.73,0.04,0.09,18.59,0.05,0
18.05,8087.16,268.41,269.82,-15.7,15.71,0.03,0.09,18.59,0.05,0
18.06,8089.84,268.25,269.67,-15.68,15.7,0.03,0.09,18.59,0.05,0
18.07,8092.52,268.09,269.51,-15.67,15.69,0.04,0.09,18.59,0.05,0
18.08,8095.2,267.94,269.35,-15.66,15.68,0.04,0.09,18.59,0.05,0
18.09,8097.88,267.78,269.2,-15.64,15.66,0.04,0.09,18.59,0.05,0
18.1,8100.56,267.62,269.04,-15.63,15.65,0.05,0.09,18.59,0.05,0
18.11,8103.24,267.47,268.88,-15.62,15.64,0.05,0.09,18.59,0.05,0
18.12,8105.91,267.31,268.73,-15.6,15.63,0.06,0.09,18.59,0.05,0
18.13,8108.58,267.15,268.57,-15.59,15.61,0.06,0.09,18.59,0.05,0
18.14,8111.25,267,268.42,-15.58,15.6,0.06,0.09,18.59,0.05,0
18.15,8113.92,266.84,268.26,-15.57,15.59,0.06,0.09,18.59,0.05,0
18.16,8116.59,266.69,268.1,-15.56,15.58,0.07,0.09,18.59,0.05,0
18.17,8119.26,266.53,267.95,-15.55,15.57,0.07,0.09,18.59,0.05,0
18.18,8121.92,266.38,267.79,-15.54,15.56,0.07,0.09,18.59,0.05,0
18.19,8124.58,266.22,267.64,-15.53,15.55,0.06,0.09,18.59,0.05,0
18.2,8127.24,266.07,267.48,-15.52,15.54,0.06,0.09,18.59,0.05,0
18.21,8129.9,265.91,267.33,-15.51,15.53,0.06,0.09,18.59,0.05,0
18.22,8132.56,265.76,267.17,-15.5,15.52,0.05,0.09,18.59,0.05,0
18.23,8135.22,265.6,267.02,-15.49,15.51,0.05,0.1,18.59,0.05,0
18.24,8137.87,265.45,266.86,-15.48,15.5,0.05,0.1,18.59,0.05,0
18.25,8140.53,265.29,266.71,-15.47,15.49,0.04,0.1,18.59,0.05,0
18.26,8143.18,265.14,266.55,-15.46,15.48,0.04,0.1,18.59,0.05,0
18.27,8145.83,264.98,266.4,-15.46,15.47,0.03,0.1,18.59,0.05,0
18.28,8148.48,264.83,266.24,-15.45,15.46,0.03,0.1,18.59,0.05,0
18.29,8151.13,264.67,266.09,-15.44,15.46,0.03,0.1,18.59,0.05,0
18.3,8153.77,264.52,265.94,-15.44,15.45,0.04,0.1,18.59,0.05,0
18.31,8156.42,264.36,265.78,-15.43,15.44,0.04,0.1,18.59,0.05,0
18.32,8159.06,264.21,265.63,-15.42,15.43,0.04,0.1,18.59,0.05,0
18.33,8161.7,264.06,265.47,-15.41,15.42,0.05,0.1,18.59,0.05,0
18.34,8164.34,263.9,265.32,-15.4,15.41,0.05,0.1,18.59,0.05,0
18.35,8166.98,263.75,265.17,-15.39,15.4,0.05,0.1,18.59,0.05,0
18.36,8169.62,263.59,265.01,-15.38,15.39,0.05,0.1,18.59,0.05,0
18.37,8172.25,263.44,264.86,-15.37,15.38,0.05,0.1,18.59,0.05,0
18.38,8174.89,263.29,264.71,-15.36,15.37,0.05,0.1,18.59,0.05,0
18.39,8177.52,263.13,264.55,-15.35,15.36,0.05,0.1,18.59,0.05,0
18.4,8180.15,262.98,264.4,-15.34,15.35,0.05,0.1,18.59,0.05,0
18.41,8182.78,262.83,264.25,-15.33,15.34,0.05,0.1,18.59,0.05,0
18.42,8185.41,262.67,264.09,-15.32,15.33,0.05,0.1,18.59,0.05,0
18.43,8188.03,262.52,263.94,-15.31,15.32,0.05,0.1,18.59,0.05,0
18.44,8190.66,262.37,263.79,-15.3,15.31,0.05,0.1,18.59,0.05,0
18.45,8193.28,262.21,263.64,-15.29,15.3,0.05,0.1,18.59,0.05,0
18.46,8195.9,262.06,263.48,-15.28,15.29,0.05,0.1,18.59,0.05,0
18.47,8198.52,261.91,263.33,-15.27,15.28,0.05,0.1,18.59,0.05,0
18.48,8201.14,261.76,263.18,-15.26,15.27,0.04,0.1,18.59,0.05,0
18.49,8203.75,261.6,263.03,-15.24,15.25,0.04,0.1,18.59,0.05,0
18.5,8206.37,261.45,262.87,-15.23,15.24,0.04,0.1,18.59,0.05,0
18.51,8208.98,261.3,262.72,-15.22,15.23,0.03,0.1,18.59,0.05,0
18.52,8211.6,261.15,262.57,-15.21,15.22,0.03,0.1,18.59,0.05,0
18.53,8214.21,260.99,262.42,-15.19,15.21,0.03,0.1,18.59,0.05,0
18.54,8216.82,260.84,262.27,-15.18,15.2,0.03,0.1,18.59,0.05,0
18.55,8219.42,260.69,262.12,-15.17,15.19,0.04,0.1,18.59,0.05,0
18.56,8222.03,260.54,261.96,-15.16,15.17,0.04,0.1,18.59,0.05,0
18.57,8224.63,260.39,261.81,-15.14,15.16,0.05,0.1,18.59,0.05,0
18.58,8227.24,260.24,261.66,-15.13,15.15,0.06,0.1,18.59,0.05,0
18.59,8229.84,260.08,261.51,-15.12,15.14,0.06,0.1,18.59,0.05,0
18.6,8232.44,259.93,261.36,-15.11,15.13,0.07,0.1,18.59,0.05,0
18.61,8235.04,259.78,261.21,-15.1,15.12,0.07,0.1,18.59,0.05,0
18.62,8237.63,259.63,261.06,-15.09,15.11,0.07,0.1,18.59,0.05,0
18.63,8240.23,259.48,260.91,-15.08,15.1,0.07,0.1,18.59,0.05,0
18.64,8242.82,259.33,260.75,-15.07,15.09,0.06,0.1,18.59,0.05,0
18.65,8245.42,259.18,260.6,-15.06,15.08,0.06,0.1,18.59,0.05,0
18.66,8248.01,259.03,260.45,-15.05,15.07,0.06,0.1,18.59,0.05,0
18.67,8250.6,258.88,260.3,-15.04,15.06,0.06,0.1,18.59,0.05,0
18.68,8253.19,258.73,260.15,-15.03,15.05,0.06,0.1,18.59,0.05,0
18.69,8255.77,258.58,260,-15.02,15.05,0.06,0.1,18.59,0.05,0
18.7,8258.36,258.43,259.85,-15.02,15.04,0.06,0.1,18.59,0.05,0
18.71,8260.94,258.28,259.7,-15.01,15.03,0.06,0.1,18.59,0.05,0
18.72,8263.52,258.13,259.55,-15,15.02,0.05,0.1,18.59,0.05,0
18.73,8266.1,257.98,259.4,-14.99,15.01,0.05,0.1,18.59,0.05,0
18.74,8268.68,257.83,259.25,-14.99,15,0.04,0.1,18.59,0.05,0
18.75,8271.26,257.68,259.1,-14.98,15,0.03,0.1,18.59,0.05,0
18.76,8273.84,257.53,258.95,-14.98,14.99,0.03,0.1,18.59,0.05,0
18.77,8276.41,257.38,258.8,-14.97,14.98,0.03,0.1,18.59,0.05,0
18.78,8278.98,257.23,258.65,-14.96,14.97,0.03,0.1,18.59,0.05,0
18.79,8281.55,257.08,258.5,-14.96,14.97,0.03,0.1,18.59,0.05,0
18.8,8284.12,256.93,258.36,-14.95,14.96,0.04,0.1,18.59,0.05,0
18.81,8286.69,256.78,258.21,-14.94,14.95,0.04,0.1,18.59,0.05,0
18.82,8289.26,256.63,258.06,-14.93,14.94,0.04,0.1,18.59,0.05,0
18.83,8291.83,256.48,257.91,-14.92,14.93,0.04,0.1,18.59,0.05,0
18.84,8294.39,256.33,257.76,-14.92,14.93,0.04,0.1,18.59,0.05,0
18.85,8296.95,256.18,257.61,-14.91,14.92,0.04,0.1,18.59,0.05,0
18.86,8299.51,256.03,257.46,-14.9,14.91,0.05,0.1,18.59,0.05,0
18.87,8302.07,255.88,257.31,-14.89,14.9,0.05,0.1,18.59,0.05,0
18.88,8304.63,255.74,257.16,-14.89,14.89,0.05,0.1,18.59,0.05,0
18.89,8307.19,255.59,257.02,-14.88,14.88,0.06,0.1,18.59,0.05,0
18.9,8309.74,255.44,256.87,-14.87,14.88,0.06,0.1,18.59,0.05,0
18.91,8312.3,255.29,256.72,-14.86,14.87,0.06,0.1,18.59,0.05,0
18.92,8314.85,255.14,256.57,-14.85,14.86,0.06,0.1,18.59,0.05,0
18.93,8317.4,254.99,256.42,-14.84,14.85,0.06,0.1,18.59,0.05,0
18.94,8319.95,254.84,256.27,-14.83,14.84,0.05,0.1,18.59,0.05,0
18.95,8322.5,254.7,256.13,-14.82,14.83,0.05,0.1,18.59,0.05,0
18.96,8325.04,254.55,255.98,-14.81,14.82,0.05,0.1,18.59,0.05,0
18.97,8327.59,254.4,255.83,-14.81,14.81,0.05,0.1,18.59,0.05,0
18.98,8330.13,254.25,255.68,-14.8,14.8,0.06,0.1,18.59,0.05,0
18.99,8332.67,254.1,255.54,-14.79,14.8,0.06,0.1,18.59,0.05,0
19,8335.21,253.96,255.39,-14.78,14.79,0.06,0.1,18.59,0.05,0
19.01,8337.75,253.81,255.24,-14.77,14.78,0.05,0.1,18.59,0.05,0
19.02,8340.29,253.66,255.09,-14.76,14.77,0.04,0.1,18.59,0.05,0
19.03,8342.82,253.51,254.95,-14.75,14.76,0.04,0.1,18.59,0.05,0
19.04,8345.36,253.37,254.8,-14.73,14.74,0.03,0.1,18.59,0.05,0
19.05,8347.89,253.22,254.65,-14.72,14.73,0.03,0.1,18.59,0.05,0
19.06,8350.42,253.07,254.5,-14.71,14.72,0.03,0.1,18.59,0.05,0
19.07,8352.95,252.92,254.36,-14.7,14.71,0.03,0.1,18.59,0.05,0
19.08,8355.48,252.78,254.21,-14.69,14.7,0.03,0.1,18.59,0.05,0
19.09,8358.01,252.63,254.06,-14.68,14.7,0.03,0.1,18.59,0.05,0
19.1,8360.53,252.48,253.92,-14.67,14.69,0.03,0.1,18.59,0.05,0
19.11,8363.06,252.34,253.77,-14.66,14.68,0.04,0.1,18.59,0.05,0
19.12,8365.58,252.19,253.62,-14.65,14.67,0.04,0.1,18.59,0.05,0
19.13,8368.1,252.04,253.48,-14.64,14.66,0.05,0.1,18.59,0.05,0
19.14,8370.62,251.9,253.33,-14.63,14.65,0.06,0.1,18.59,0.05,0
19.15,8373.14,251.75,253.19,-14.62,14.64,0.06,0.1,18.59,0.05,0
19.16,8375.66,251.61,253.04,-14.61,14.63,0.07,0.1,18.59,0.05,0
19.17,8378.17,251.46,252.89,-14.6,14.62,0.08,0.1,18.59,0.05,0
19.18,8380.69,251.31,252.75,-14.59,14.61,0.09,0.1,18.59,0.05,0
19.19,8383.2,251.17,252.6,-14.58,14.6,0.1,0.1,18.59,0.05,0
19.2,8385.71,251.02,252.46,-14.57,14.59,0.1,0.1,18.59,0.05,0
19.21,8388.22,250.88,252.31,-14.56,14.58,0.09,0.1,18.59,0.05,0
19.22,8390.73,250.73,252.17,-14.56,14.58,0.08,0.1,18.59,0.05,0
19.23,8393.23,250.59,252.02,-14.55,14.57,0.07,0.1,18.59,0.05,0
19.24,8395.74,250.44,251.87,-14.55,14.56,0.05,0.1,18.59,0.05,0
19.25,8398.24,250.29,251.73,-14.54,14.56,0.04,0.1,18.59,0.05,0
19.26,8400.75,250.15,251.58,-14.54,14.55,0.03,0.1,18.59,0.05,0
19.27,8403.25,250,251.44,-14.54,14.55,0.02,0.1,18.59,0.05,0
19.28,8405.75,249.86,251.29,-14.53,14.54,0.03,0.1,18.59,0.05,0
19.29,8408.24,249.71,251.15,-14.53,14.54,0.04,0.1,18.59,0.05,0
19.3,8410.74,249.57,251,-14.52,14.53,0.05,0.1,18.59,0.05,0
19.31,8413.23,249.42,250.86,-14.52,14.53,0.06,0.1,18.59,0.05,0
19.32,8415.73,249.28,250.71,-14.51,14.52,0.07,0.1,18.59,0.05,0
19.33,8418.22,249.13,250.57,-14.51,14.51,0.07,0.1,18.59,0.05,0
19.34,8420.71,248.99,250.42,-14.5,14.5,0.08,0.1,18.59,0.05,0
19.35,8423.2,248.84,250.28,-14.49,14.5,0.08,0.1,18.59,0.05,0
19.36,8425.69,248.7,250.14,-14.49,14.49,0.09,0.1,18.59,0.05,0
19.37,8428.17,248.55,249.99,-14.48,14.48,0.09,0.1,18.59,0.05,0
19.38,8430.66,248.41,249.85,-14.47,14.48,0.1,0.1,18.59,0.05,0
19.39,8433.14,248.26,249.7,-14.47,14.47,0.1,0.1,18.59,0.05,0
19.4,8435.62,248.12,249.56,-14.46,14.46,0.1,0.1,18.59,0.05,0
19.41,8438.1,247.97,249.41,-14.45,14.45,0.1,0.1,18.59,0.05,0
19.42,8440.58,247.83,249.27,-14.44,14.44,0.09,0.1,18.59,0.05,0
19.43,8443.06,247.68,249.13,-14.43,14.43,0.08,0.1,18.59,0.05,0
19.44,8445.54,247.54,248.98,-14.42,14.42,0.07,0.1,18.59,0.05,0
19.45,8448.01,247.4,248.84,-14.41,14.41,0.06,0.1,18.59,0.05,0
19.46,8450.48,247.25,248.7,-14.4,14.4,0.05,0.1,18.59,0.05,0
19.47,8452.96,247.11,248.55,-14.38,14.39,0.04,0.1,18.59,0.05,0
19.48,8455.43,246.96,248.41,-14.37,14.38,0.02,0.1,18.59,0.05,0
19.49,8457.9,246.82,248.26,-14.36,14.37,0.01,0.1,18.59,0.05,0
19.5,8460.36,246.68,248.12,-14.35,14.36,0.01,0.1,18.59,0.05,0
19.51,8462.83,246.53,247.98,-14.34,14.35,0.02,0.1,18.59,0.05,0
19.52,8465.29,246.39,247.83,-14.33,14.34,0.02,0.1,18.59,0.05,0
19.53,8467.76,246.25,247.69,-14.32,14.34,0.03,0.1,18.59,0.05,0
19.54,8470.22,246.1,247.55,-14.31,14.33,0.03,0.1,18.59,0.05,0
19.55,8472.68,245.96,247.41,-14.31,14.32,0.04,0.1,18.59,0.05,0
19.56,8475.14,245.82,247.26,-14.29,14.31,0.05,0.1,18.59,0.05,0
19.57,8477.6,245.68,247.12,-14.28,14.3,0.06,0.1,18.59,0.05,0
19.58,8480.05,245.53,246.98,-14.27,14.29,0.08,0.1,18.59,0.05,0
19.59,8482.51,245.39,246.83,-14.26,14.28,0.09,0.1,18.59,0.05,0
19.6,8484.96,245.25,246.69,-14.25,14.27,0.11,0.1,18.59,0.05,0
19.61,8487.41,245.1,246.55,-14.24,14.26,0.12,0.1,18.59,0.05,0
19.62,8489.86,244.96,246.41,-14.23,14.25,0.13,0.1,18.59,0.05,0
19.63,8492.31,244.82,246.27,-14.22,14.24,0.13,0.1,18.59,0.05,0
19.64,8494.76,244.68,246.12,-14.21,14.24,0.14,0.1,18.59,0.05,0
19.65,8497.2,244.54,245.98,-14.2,14.23,0.14,0.1,18.59,0.05,0
19.66,8499.65,244.39,245.84,-14.19,14.22,0.14,0.1,18.59,0.05,0
19.67,8502.09,244.25,245.7,-14.19,14.21,0.13,0.1,18.59,0.05,0
19.68,8504.53,244.11,245.55,-14.18,14.21,0.12,0.1,18.59,0.05,0
19.69,8506.97,243.97,245.41,-14.18,14.2,0.11,0.1,18.59,0.05,0
19.7,8509.41,243.83,245.27,-14.18,14.2,0.09,0.1,18.59,0.05,0
19.71,8511.85,243.69,245.13,-14.17,14.19,0.08,0.1,18.59,0.05,0
19.72,8514.29,243.54,244.99,-14.17,14.18,0.07,0.1,18.59,0.05,0
19.73,8516.72,243.4,244.85,-14.16,14.18,0.05,0.1,18.59,0.05,0
19.74,8519.15,243.26,244.7,-14.16,14.17,0.04,0.1,18.59,0.05,0
19.75,8521.59,243.12,244.56,-14.16,14.17,0.02,0.1,18.59,0.05,0
19.76,8524.02,242.98,244.42,-14.15,14.16,0.01,0.1,18.59,0.05,0
19.77,8526.45,242.84,244.28,-14.15,14.16,0.01,0.1,18.59,0.05,0
19.78,8528.87,242.69,244.14,-14.14,14.15,0.03,0.1,18.59,0.05,0
19.79,8531.3,242.55,244,-14.14,14.15,0.04,0.1,18.59,0.05,0
19.8,8533.72,242.41,243.86,-14.14,14.14,0.05,0.1,18.59,0.05,0
19.81,8536.15,242.27,243.72,-14.13,14.14,0.06,0.1,18.59,0.05,0
19.82,8538.57,242.13,243.58,-14.13,14.13,0.07,0.1,18.59,0.05,0
19.83,8540.99,241.99,243.43,-14.12,14.13,0.09,0.1,18.59,0.05,0
19.84,8543.41,241.85,243.29,-14.12,14.12,0.1,0.1,18.59,0.05,0
19.85,8545.83,241.7,243.15,-14.12,14.12,0.1,0.1,18.59,0.05,0
19.86,8548.24,241.56,243.01,-14.11,14.11,0.11,0.1,18.59,0.05,0
19.87,8550.66,241.42,242.87,-14.11,14.11,0.12,0.1,18.59,0.05,0
19.88,8553.07,241.28,242.73,-14.1,14.1,0.13,0.1,18.59,0.05,0
19.89,8555.48,241.14,242.59,-14.09,14.1,0.13,0.1,18.59,0.05,0
19.9,8557.9,241,242.45,-14.09,14.09,0.14,0.1,18.59,0.05,0
19.91,8560.3,240.86,242.31,-14.08,14.08,0.14,0.1,18.59,0.05,0
19.92,8562.71,240.72,242.17,-14.07,14.08,0.14,0.1,18.59,0.05,0
19.93,8565.12,240.58,242.03,-14.07,14.07,0.14,0.11,18.59,0.05,0
19.94,8567.52,240.44,241.89,-14.06,14.06,0.13,0.11,18.59,0.05,0
19.95,8569.93,240.3,241.75,-14.05,14.05,0.13,0.11,18.59,0.05,0
19.96,8572.33,240.16,241.61,-14.04,14.04,0.12,0.11,18.59,0.05,0
19.97,8574.73,240.02,241.47,-14.03,14.03,0.1,0.11,18.59,0.05,0
19.98,8577.13,239.88,241.33,-14.02,14.02,0.09,0.11,18.59,0.05,0
19.99,8579.53,239.74,241.19,-14.01,14.01,0.08,0.11,18.59,0.05,0
20,8581.93,239.6,241.05,-14,14,0.06,0.11,18.59,0.05,0
20.01,8584.32,239.46,240.91,-13.99,13.99,0.05,0.11,18.59,0.05,0
20.02,8586.71,239.32,240.77,-13.98,13.98,0.03,0.11,18.59,0.05,0
20.03,8589.11,239.18,240.63,-13.96,13.97,0.01,0.11,18.59,0.05,0
20.04,8591.5,239.04,240.49,-13.95,13.96,0.01,0.11,18.59,0.05,0
20.05,8593.89,238.9,240.35,-13.94,13.95,0.02,0.11,18.59,0.05,0
20.06,8596.28,238.76,240.22,-13.93,13.94,0.04,0.11,18.59,0.05,0
20.07,8598.66,238.62,240.08,-13.92,13.93,0.06,0.11,18.59,0.05,0
20.08,8601.05,238.48,239.94,-13.91,13.92,0.08,0.11,18.59,0.05,0
20.09,8603.43,238.34,239.8,-13.9,13.92,0.09,0.11,18.59,0.05,0
20.1,8605.81,238.2,239.66,-13.89,13.91,0.11,0.11,18.59,0.05,0
20.11,8608.2,238.06,239.52,-13.88,13.9,0.12,0.11,18.59,0.05,0
20.12,8610.58,237.92,239.38,-13.87,13.89,0.13,0.11,18.59,0.05,0
20.13,8612.95,237.78,239.24,-13.86,13.88,0.14,0.11,18.59,0.05,0
20.14,8615.33,237.65,239.1,-13.85,13.88,0.14,0.11,18.59,0.05,0
20.15,8617.71,237.51,238.97,-13.84,13.87,0.15,0.11,18.59,0.05,0
20.16,8620.08,237.37,238.83,-13.84,13.86,0.15,0.11,18.59,0.05,0
20.17,8622.45,237.23,238.69,-13.83,13.86,0.14,0.11,18.59,0.05,0
20.18,8624.83,237.09,238.55,-13.83,13.85,0.14,0.11,18.59,0.05,0
20.19,8627.2,236.95,238.41,-13.82,13.84,0.13,0.11,18.59,0.05,0
20.2,8629.57,236.82,238.27,-13.82,13.84,0.12,0.11,18.59,0.05,0
20.21,8631.93,236.68,238.14,-13.81,13.83,0.12,0.11,18.59,0.05,0
20.22,8634.3,236.54,238,-13.8,13.83,0.12,0.11,18.59,0.05,0
20.23,8636.66,236.4,237.86,-13.8,13.82,0.11,0.11,18.59,0.05,0
20.24,8639.03,236.26,237.72,-13.79,13.81,0.11,0.11,18.59,0.05,0
20.25,8641.39,236.13,237.58,-13.79,13.81,0.1,0.11,18.59,0.05,0
20.26,8643.75,235.99,237.45,-13.78,13.8,0.09,0.11,18.59,0.05,0
20.27,8646.11,235.85,237.31,-13.78,13.8,0.07,0.11,18.59,0.05,0
20.28,8648.47,235.71,237.17,-13.78,13.79,0.05,0.11,18.59,0.05,0
20.29,8650.82,235.57,237.03,-13.78,13.79,0.03,0.11,18.59,0.05,0
20.3,8653.18,235.44,236.9,-13.78,13.79,0.01,0.11,18.59,0.05,0
20.31,8655.53,235.3,236.76,-13.78,13.78,0.02,0.11,18.59,0.05,0
20.32,8657.88,235.16,236.62,-13.77,13.78,0.04,0.11,18.59,0.05,0
20.33,8660.24,235.02,236.48,-13.77,13.78,0.06,0.11,18.59,0.05,0
20.34,8662.58,234.89,236.35,-13.77,13.77,0.07,0.11,18.59,0.05,0
20.35,8664.93,234.75,236.21,-13.77,13.77,0.09,0.11,18.59,0.05,0
20.36,8667.28,234.61,236.07,-13.77,13.77,0.11,0.11,18.59,0.05,0
20.37,8669.63,234.47,235.94,-13.76,13.76,0.12,0.11,18.59,0.05,0
20.38,8671.97,234.34,235.8,-13.76,13.76,0.14,0.11,18.59,0.05,0
20.39,8674.31,234.2,235.66,-13.76,13.76,0.15,0.11,18.59,0.05,0
20.4,8676.65,234.06,235.52,-13.75,13.75,0.16,0.11,18.59,0.05,0
20.41,8678.99,233.92,235.39,-13.75,13.75,0.16,0.11,18.59,0.05,0
20.42,8681.33,233.79,235.25,-13.74,13.74,0.17,0.11,18.59,0.05,0
20.43,8683.67,233.65,235.11,-13.73,13.73,0.17,0.11,18.59,0.05,0
20.44,8686,233.51,234.98,-13.73,13.73,0.16,0.11,18.59,0.05,0
20.45,8688.34,233.37,234.84,-13.72,13.72,0.16,0.11,18.59,0.05,0
20.46,8690.67,233.24,234.7,-13.71,13.71,0.15,0.11,18.59,0.05,0
20.47,8693,233.1,234.57,-13.7,13.7,0.14,0.11,18.59,0.05,0
20.48,8695.33,232.96,234.43,-13.69,13.7,0.13,0.11,18.59,0.05,0
20.49,8697.66,232.83,234.3,-13.68,13.69,0.12,0.11,18.59,0.05,0
20.5,8699.99,232.69,234.16,-13.67,13.68,0.11,0.11,18.59,0.05,0
20.51,8702.32,232.55,234.02,-13.67,13.67,0.1,0.11,18.59,0.05,0
20.52,8704.64,232.42,233.89,-13.66,13.66,0.09,0.11,18.59,0.05,0
20.53,8706.97,232.28,233.75,-13.65,13.65,0.08,0.11,18.59,0.05,0
20.54,8709.29,232.14,233.61,-13.64,13.64,0.07,0.11,18.59,0.05,0
20.55,8711.61,232.01,233.48,-13.63,13.64,0.06,0.11,18.59,0.05,0
20.56,8713.93,231.87,233.34,-13.62,13.63,0.04,0.11,18.59,0.05,0
20.57,8716.25,231.73,233.21,-13.61,13.62,0.01,0.11,18.59,0.05,0
20.58,8718.56,231.6,233.07,-13.6,13.61,0.02,0.11,18.59,0.05,0
20.59,8720.88,231.46,232.94,-13.58,13.6,0.04,0.11,18.59,0.05,0
20.6,8723.19,231.33,232.8,-13.57,13.59,0.06,0.11,18.59,0.05,0
20.61,8725.5,231.19,232.66,-13.56,13.58,0.08,0.11,18.59,0.05,0
20.62,8727.82,231.05,232.53,-13.55,13.57,0.1,0.11,18.59,0.05,0
20.63,8730.12,230.92,232.39,-13.54,13.56,0.11,0.11,18.59,0.05,0
20.64,8732.43,230.78,232.26,-13.53,13.55,0.13,0.11,18.59,0.05,0
20.65,8734.74,230.65,232.12,-13.52,13.55,0.14,0.11,18.59,0.05,0
20.66,8737.05,230.51,231.99,-13.52,13.54,0.15,0.11,18.59,0.05,0
20.67,8739.35,230.38,231.85,-13.51,13.53,0.16,0.11,18.59,0.05,0
20.68,8741.65,230.24,231.72,-13.5,13.52,0.17,0.11,18.59,0.05,0
20.69,8743.96,230.11,231.58,-13.49,13.52,0.18,0.11,18.59,0.05,0
20.7,8746.26,229.97,231.45,-13.49,13.51,0.19,0.11,18.59,0.05,0
20.71,8748.56,229.84,231.31,-13.48,13.51,0.19,0.11,18.59,0.05,0
20.72,8750.85,229.7,231.18,-13.47,13.5,0.18,0.11,18.59,0.05,0
20.73,8753.15,229.57,231.04,-13.47,13.49,0.18,0.11,18.59,0.05,0
20.74,8755.44,229.43,230.91,-13.47,13.49,0.17,0.11,18.59,0.05,0
20.75,8757.74,229.3,230.77,-13.46,13.48,0.16,0.11,18.59,0.05,0
20.76,8760.03,229.17,230.64,-13.46,13.48,0.15,0.11,18.59,0.05,0
20.77,8762.32,229.03,230.5,-13.45,13.47,0.14,0.11,18.59,0.05,0
20.78,8764.61,228.9,230.37,-13.45,13.47,0.13,0.11,18.59,0.05,0
20.79,8766.9,228.76,230.24,-13.45,13.46,0.12,0.11,18.59,0.05,0
20.8,8769.19,228.63,230.1,-13.44,13.46,0.11,0.11,18.59,0.05,0
20.81,8771.47,228.49,229.97,-13.44,13.46,0.09,0.11,18.59,0.05,0
20.82,8773.76,228.36,229.83,-13.44,13.45,0.07,0.11,18.59,0.05,0
20.83,8776.04,228.22,229.7,-13.44,13.45,0.05,0.11,18.59,0.05,0
20.84,8778.32,228.09,229.56,-13.44,13.45,0.03,0.11,18.59,0.05,0
20.85,8780.6,227.96,229.43,-13.44,13.44,0.01,0.11,18.59,0.05,0
20.86,8782.88,227.82,229.3,-13.44,13.44,0.03,0.11,18.59,0.05,0
20.87,8785.16,227.69,229.16,-13.44,13.44,0.05,0.11,18.59,0.05,0
20.88,8787.43,227.55,229.03,-13.43,13.44,0.07,0.11,18.59,0.05,0
20.89,8789.71,227.42,228.89,-13.43,13.44,0.09,0.11,18.59,0.05,0
20.9,8791.98,227.28,228.76,-13.43,13.43,0.11,0.11,18.59,0.05,0
20.91,8794.25,227.15,228.63,-13.43,13.43,0.13,0.11,18.59,0.05,0
20.92,8796.52,227.02,228.49,-13.43,13.43,0.14,0.11,18.59,0.05,0
20.93,8798.79,226.88,228.36,-13.42,13.42,0.15,0.11,18.59,0.05,0
20.94,8801.06,226.75,228.23,-13.42,13.42,0.15,0.11,18.59,0.05,0
20.95,8803.33,226.61,228.09,-13.41,13.41,0.16,0.11,18.59,0.05,0
20.96,8805.59,226.48,227.96,-13.4,13.41,0.16,0.11,18.59,0.05,0
20.97,8807.86,226.34,227.83,-13.4,13.4,0.16,0.11,18.59,0.05,0
20.98,8810.12,226.21,227.69,-13.39,13.39,0.15,0.11,18.59,0.05,0
20.99,8812.38,226.08,227.56,-13.38,13.39,0.15,0.11,18.59,0.05,0
21,8814.64,225.94,227.43,-13.38,13.38,0.14,0.11,18.59,0.05,0
21.01,8816.9,225.81,227.29,-13.37,13.37,0.15,0.11,18.59,0.05,0
21.02,8819.16,225.68,227.16,-13.37,13.37,0.15,0.11,18.59,0.05,0
21.03,8821.42,225.54,227.03,-13.36,13.37,0.16,0.11,18.59,0.05,0
21.04,8823.67,225.41,226.89,-13.36,13.36,0.16,0.11,18.59,0.05,0
21.05,8825.92,225.27,226.76,-13.35,13.35,0.16,0.11,18.59,0.05,0
21.06,8828.18,225.14,226.63,-13.34,13.35,0.15,0.11,18.59,0.05,0
21.07,8830.43,225.01,226.5,-13.34,13.34,0.14,0.11,18.59,0.05,0
21.08,8832.68,224.87,226.36,-13.33,13.33,0.13,0.11,18.59,0.05,0
21.09,8834.92,224.74,226.23,-13.32,13.32,0.12,0.11,18.59,0.05,0
21.1,8837.17,224.61,226.1,-13.31,13.31,0.1,0.11,18.59,0.05,0
21.11,8839.42,224.47,225.96,-13.3,13.31,0.08,0.11,18.59,0.05,0
21.12,8841.66,224.34,225.83,-13.29,13.3,0.07,0.11,18.59,0.05,0
21.13,8843.9,224.21,225.7,-13.28,13.29,0.05,0.11,18.59,0.05,0
21.14,8846.14,224.08,225.57,-13.27,13.28,0.03,0.11,18.59,0.05,0
21.15,8848.38,223.94,225.44,-13.26,13.27,0.02,0.11,18.59,0.05,0
21.16,8850.62,223.81,225.3,-13.25,13.26,0.01,0.11,18.59,0.05,0
21.17,8852.86,223.68,225.17,-13.25,13.26,0.02,0.11,18.59,0.05,0
21.18,8855.1,223.55,225.04,-13.24,13.25,0.03,0.11,18.59,0.05,0
21.19,8857.33,223.41,224.91,-13.23,13.24,0.04,0.11,18.59,0.05,0
21.2,8859.56,223.28,224.77,-13.22,13.24,0.05,0.11,18.59,0.05,0
21.21,8861.8,223.15,224.64,-13.22,13.23,0.06,0.11,18.59,0.05,0
21.22,8864.03,223.02,224.51,-13.21,13.22,0.07,0.11,18.59,0.05,0
21.23,8866.26,222.89,224.38,-13.2,13.21,0.08,0.11,18.59,0.05,0
21.24,8868.49,222.75,224.25,-13.19,13.21,0.09,0.11,18.59,0.05,0
21.25,8870.71,222.62,224.12,-13.19,13.2,0.1,0.11,18.59,0.05,0
21.26,8872.94,222.49,223.98,-13.18,13.2,0.12,0.11,18.59,0.05,0
21.27,8875.16,222.36,223.85,-13.17,13.19,0.13,0.11,18.59,0.05,0
21.28,8877.39,222.23,223.72,-13.16,13.18,0.14,0.11,18.59,0.05,0
21.29,8879.61,222.09,223.59,-13.16,13.17,0.15,0.11,18.59,0.05,0
21.3,8881.83,221.96,223.46,-13.15,13.17,0.16,0.11,18.59,0.05,0
21.31,8884.05,221.83,223.33,-13.14,13.16,0.17,0.11,18.59,0.05,0
21.32,8886.26,221.7,223.2,-13.14,13.16,0.17,0.11,18.59,0.05,0
21.33,8888.48,221.57,223.06,-13.13,13.15,0.17,0.11,18.59,0.05,0
21.34,8890.7,221.44,222.93,-13.12,13.14,0.17,0.11,18.59,0.05,0
21.35,8892.91,221.31,222.8,-13.12,13.14,0.17,0.11,18.59,0.05,0
21.36,8895.12,221.18,222.67,-13.11,13.13,0.17,0.11,18.59,0.05,0
21.37,8897.33,221.04,222.54,-13.11,13.13,0.17,0.11,18.59,0.05,0
21.38,8899.54,220.91,222.41,-13.1,13.12,0.16,0.11,18.59,0.05,0
21.39,8901.75,220.78,222.28,-13.1,13.12,0.16,0.11,18.59,0.05,0
21.4,8903.96,220.65,222.15,-13.09,13.11,0.16,0.11,18.59,0.05,0
21.41,8906.16,220.52,222.02,-13.09,13.11,0.14,0.11,18.59,0.05,0
21.42,8908.37,220.39,221.88,-13.09,13.1,0.13,0.11,18.59,0.05,0
21.43,8910.57,220.26,221.75,-13.08,13.1,0.12,0.11,18.59,0.05,0
21.44,8912.77,220.13,221.62,-13.08,13.1,0.1,0.11,18.59,0.05,0
21.45,8914.97,220,221.49,-13.08,13.09,0.08,0.11,18.59,0.05,0
21.46,8917.17,219.87,221.36,-13.08,13.09,0.07,0.11,18.59,0.05,0
21.47,8919.37,219.74,221.23,-13.07,13.08,0.07,0.11,18.59,0.05,0
21.48,8921.57,219.6,221.1,-13.07,13.08,0.06,0.11,18.59,0.05,0
21.49,8923.76,219.47,220.97,-13.06,13.08,0.05,0.11,18.59,0.05,0
21.5,8925.96,219.34,220.84,-13.06,13.07,0.05,0.11,18.59,0.05,0
21.51,8928.15,219.21,220.71,-13.06,13.07,0.05,0.11,18.59,0.05,0
21.52,8930.34,219.08,220.58,-13.06,13.07,0.05,0.11,18.59,0.05,0
21.53,8932.53,218.95,220.45,-13.06,13.06,0.06,0.11,18.59,0.05,0
21.54,8934.72,218.82,220.32,-13.06,13.06,0.07,0.11,18.59,0.05,0
21.55,8936.91,218.69,220.19,-13.06,13.06,0.09,0.11,18.59,0.05,0
21.56,8939.09,218.56,220.06,-13.06,13.06,0.11,0.11,18.59,0.05,0
21.57,8941.28,218.43,219.93,-13.06,13.06,0.14,0.11,18.59,0.05,0
21.58,8943.46,218.3,219.8,-13.06,13.06,0.16,0.11,18.59,0.05,0
21.59,8945.65,218.17,219.67,-13.06,13.06,0.19,0.11,18.59,0.05,0
21.6,8947.83,218.04,219.54,-13.06,13.06,0.21,0.11,18.59,0.05,0
21.61,8950.01,217.91,219.41,-13.06,13.06,0.22,0.11,18.59,0.05,0
21.62,8952.18,217.78,219.28,-13.05,13.05,0.23,0.11,18.59,0.05,0
21.63,8954.36,217.65,219.15,-13.05,13.05,0.24,0.11,18.59,0.05,0
21.64,8956.54,217.52,219.02,-13.05,13.05,0.24,0.11,18.59,0.05,0
21.65,8958.71,217.38,218.89,-13.04,13.04,0.24,0.11,18.59,0.05,0
21.66,8960.89,217.25,218.76,-13.03,13.04,0.24,0.11,18.59,0.05,0
21.67,8963.06,217.12,218.63,-13.03,13.03,0.23,0.11,18.59,0.05,0
21.68,8965.23,216.99,218.5,-13.02,13.02,0.22,0.11,18.59,0.05,0
21.69,8967.4,216.86,218.37,-13.01,13.01,0.21,0.11,18.59,0.05,0
21.7,8969.56,216.73,218.24,-13.01,13.01,0.2,0.11,18.59,0.05,0
21.71,8971.73,216.6,218.11,-13,13,0.18,0.11,18.59,0.05,0
21.72,8973.9,216.47,217.99,-12.99,12.99,0.17,0.11,18.59,0.05,0
21.73,8976.06,216.34,217.86,-12.98,12.98,0.15,0.11,18.59,0.05,0
21.74,8978.22,216.21,217.73,-12.97,12.97,0.13,0.11,18.59,0.05,0
21.75,8980.39,216.08,217.6,-12.96,12.96,0.11,0.11,18.59,0.05,0
21.76,8982.55,215.95,217.47,-12.95,12.96,0.09,0.11,18.59,0.05,0
21.77,8984.7,215.83,217.34,-12.94,12.95,0.08,0.11,18.59,0.05,0
21.78,8986.86,215.7,217.21,-12.94,12.94,0.06,0.11,18.59,0.05,0
21.79,8989.02,215.57,217.08,-12.93,12.93,0.04,0.11,18.59,0.05,0
21.8,8991.17,215.44,216.95,-12.92,12.93,0.02,0.11,18.59,0.05,0
21.81,8993.33,215.31,216.82,-12.91,12.92,0.02,0.11,18.59,0.05,0
21.82,8995.48,215.18,216.7,-12.9,12.91,0.03,0.11,18.59,0.05,0
21.83,8997.63,215.05,216.57,-12.89,12.9,0.06,0.11,18.59,0.05,0
21.84,8999.78,214.92,216.44,-12.88,12.89,0.08,0.11,18.59,0.05,0
21.85,9001.93,214.79,216.31,-12.87,12.88,0.1,0.11,18.59,0.05,0
21.86,9004.08,214.66,216.18,-12.86,12.88,0.13,0.11,18.59,0.05,0
21.87,9006.22,214.54,216.05,-12.85,12.87,0.15,0.11,18.59,0.05,0
21.88,9008.37,214.41,215.93,-12.85,12.86,0.17,0.11,18.59,0.05,0
21.89,9010.51,214.28,215.8,-12.84,12.86,0.18,0.11,18.59,0.05,0
21.9,9012.65,214.15,215.67,-12.83,12.85,0.2,0.11,18.59,0.05,0
21.91,9014.79,214.02,215.54,-12.82,12.84,0.21,0.11,18.59,0.05,0
21.92,9016.93,213.89,215.41,-12.82,12.84,0.22,0.11,18.59,0.05,0
21.93,9019.07,213.77,215.28,-12.81,12.83,0.22,0.11,18.59,0.05,0
21.94,9021.21,213.64,215.16,-12.81,12.83,0.23,0.11,18.59,0.05,0
21.95,9023.34,213.51,215.03,-12.8,12.82,0.23,0.11,18.59,0.05,0
21.96,9025.48,213.38,214.9,-12.8,12.82,0.23,0.11,18.59,0.05,0
21.97,9027.61,213.25,214.77,-12.79,12.81,0.22,0.11,18.59,0.05,0
21.98,9029.74,213.13,214.64,-12.79,12.81,0.22,0.11,18.59,0.05,0
21.99,9031.87,213,214.52,-12.78,12.8,0.22,0.11,18.59,0.05,0
22,9034,212.87,214.39,-12.78,12.8,0.21,0.11,18.59,0.05,0
22.01,9036.13,212.74,214.26,-12.78,12.8,0.2,0.11,18.59,0.05,0
22.02,9038.26,212.61,214.13,-12.77,12.79,0.19,0.11,18.59,0.05,0
22.03,9040.38,212.49,214.01,-12.77,12.79,0.17,0.11,18.59,0.05,0
22.04,9042.51,212.36,213.88,-12.77,12.79,0.16,0.11,18.59,0.05,0
22.05,9044.63,212.23,213.75,-12.77,12.78,0.14,0.11,18.59,0.05,0
22.06,9046.75,212.1,213.62,-12.77,12.78,0.12,0.11,18.59,0.05,0
22.07,9048.87,211.98,213.5,-12.77,12.78,0.09,0.11,18.59,0.05,0
22.08,9050.99,211.85,213.37,-12.77,12.78,0.06,0.11,18.59,0.05,0
22.09,9053.11,211.72,213.24,-12.77,12.77,0.04,0.11,18.59,0.05,0
22.1,9055.23,211.59,213.11,-12.77,12.77,0.02,0.11,18.59,0.05,0
22.11,9057.34,211.47,212.99,-12.76,12.77,0.02,0.11,18.59,0.05,0
22.12,9059.46,211.34,212.86,-12.76,12.77,0.02,0.11,18.59,0.05,0
22.13,9061.57,211.21,212.73,-12.76,12.76,0.04,0.11,18.59,0.05,0
22.14,9063.68,211.08,212.61,-12.76,12.76,0.05,0.11,18.59,0.05,0
22.15,9065.79,210.96,212.48,-12.75,12.76,0.07,0.11,18.59,0.05,0
22.16,9067.9,210.83,212.35,-12.75,12.76,0.08,0.11,18.59,0.05,0
22.17,9070.01,210.7,212.22,-12.75,12.75,0.1,0.11,18.59,0.05,0
22.18,9072.11,210.57,212.1,-12.75,12.75,0.11,0.11,18.59,0.05,0
22.19,9074.22,210.45,211.97,-12.74,12.75,0.13,0.11,18.59,0.05,0
22.2,9076.32,210.32,211.84,-12.74,12.74,0.14,0.11,18.59,0.05,0
22.21,9078.42,210.19,211.72,-12.74,12.74,0.15,0.11,18.59,0.05,0
22.22,9080.53,210.06,211.59,-12.74,12.74,0.17,0.11,18.59,0.05,0
22.23,9082.63,209.94,211.46,-12.73,12.74,0.18,0.11,18.59,0.05,0
22.24,9084.72,209.81,211.34,-12.73,12.73,0.19,0.11,18.59,0.05,0
22.25,9086.82,209.68,211.21,-12.73,12.73,0.2,0.11,18.59,0.05,0
22.26,9088.92,209.55,211.08,-12.73,12.73,0.21,0.11,18.59,0.05,0
22.27,9091.01,209.43,210.96,-12.72,12.73,0.22,0.11,18.59,0.05,0
22.28,9093.11,209.3,210.83,-12.72,12.72,0.22,0.11,18.59,0.05,0
22.29,9095.2,209.17,210.7,-12.71,12.72,0.22,0.11,18.59,0.05,0
22.3,9097.29,209.04,210.58,-12.71,12.71,0.22,0.11,18.59,0.05,0
22.31,9099.38,208.92,210.45,-12.7,12.71,0.22,0.11,18.59,0.05,0
22.32,9101.47,208.79,210.33,-12.7,12.7,0.21,0.11,18.59,0.05,0
22.33,9103.56,208.66,210.2,-12.69,12.69,0.2,0.11,18.59,0.05,0
22.34,9105.64,208.54,210.07,-12.68,12.69,0.19,0.11,18.59,0.05,0
22.35,9107.73,208.41,209.95,-12.68,12.68,0.18,0.11,18.59,0.05,0
22.36,9109.81,208.28,209.82,-12.67,12.67,0.16,0.11,18.59,0.05,0
22.37,9111.89,208.16,209.69,-12.66,12.67,0.15,0.11,18.59,0.05,0
22.38,9113.97,208.03,209.57,-12.66,12.66,0.13,0.11,18.59,0.05,0
22.39,9116.05,207.9,209.44,-12.65,12.65,0.12,0.11,18.59,0.05,0
22.4,9118.13,207.78,209.32,-12.64,12.65,0.1,0.11,18.59,0.05,0
22.41,9120.21,207.65,209.19,-12.63,12.64,0.08,0.11,18.59,0.05,0
22.42,9122.28,207.52,209.07,-12.63,12.63,0.06,0.11,18.59,0.05,0
22.43,9124.36,207.4,208.94,-12.62,12.62,0.05,0.11,18.59,0.05,0
22.44,9126.43,207.27,208.81,-12.61,12.62,0.03,0.11,18.59,0.05,0
22.45,9128.5,207.15,208.69,-12.6,12.61,0.01,0.11,18.59,0.05,0
22.46,9130.58,207.02,208.56,-12.6,12.6,0.01,0.11,18.59,0.05,0
22.47,9132.64,206.89,208.44,-12.59,12.6,0.03,0.11,18.59,0.05,0
22.48,9134.71,206.77,208.31,-12.58,12.59,0.04,0.11,18.59,0.05,0
22.49,9136.78,206.64,208.19,-12.58,12.59,0.06,0.11,18.59,0.05,0
22.5,9138.85,206.52,208.06,-12.57,12.58,0.07,0.11,18.59,0.05,0
22.51,9140.91,206.39,207.94,-12.57,12.58,0.09,0.11,18.59,0.05,0
22.52,9142.97,206.27,207.81,-12.56,12.57,0.11,0.11,18.59,0.05,0
22.53,9145.04,206.14,207.69,-12.55,12.56,0.12,0.11,18.59,0.05,0
22.54,9147.1,206.01,207.56,-12.54,12.56,0.14,0.11,18.59,0.05,0
22.55,9149.16,205.89,207.44,-12.54,12.55,0.16,0.11,18.59,0.05,0
22.56,9151.21,205.76,207.31,-12.53,12.55,0.17,0.11,18.59,0.05,0
22.57,9153.27,205.64,207.18,-12.52,12.54,0.18,0.11,18.59,0.05,0
22.58,9155.33,205.51,207.06,-12.52,12.53,0.19,0.11,18.59,0.05,0
22.59,9157.38,205.39,206.93,-12.51,12.53,0.2,0.11,18.59,0.05,0
22.6,9159.43,205.26,206.81,-12.51,12.52,0.2,0.11,18.59,0.05,0
22.61,9161.49,205.14,206.69,-12.5,12.52,0.21,0.11,18.59,0.05,0
22.62,9163.54,205.01,206.56,-12.5,12.52,0.21,0.11,18.59,0.05,0
22.63,9165.59,204.89,206.44,-12.49,12.51,0.21,0.11,18.59,0.05,0
22.64,9167.64,204.76,206.31,-12.49,12.51,0.21,0.11,18.59,0.05,0
22.65,9169.68,204.64,206.19,-12.49,12.5,0.2,0.11,18.59,0.05,0
22.66,9171.73,204.51,206.06,-12.48,12.5,0.2,0.11,18.59,0.05,0
22.67,9173.77,204.39,205.94,-12.48,12.5,0.19,0.11,18.59,0.05,0
22.68,9175.82,204.26,205.81,-12.48,12.49,0.18,0.11,18.59,0.05,0
22.69,9177.86,204.14,205.69,-12.48,12.49,0.16,0.1,18.59,0.05,0
22.7,9179.9,204.01,205.56,-12.47,12.49,0.15,0.1,18.59,0.05,0
22.71,9181.94,203.89,205.44,-12.47,12.48,0.14,0.1,18.59,0.05,0
22.72,9183.98,203.76,205.31,-12.47,12.48,0.13,0.1,18.59,0.05,0
22.73,9186.01,203.64,205.19,-12.46,12.47,0.12,0.1,18.59,0.05,0
22.74,9188.05,203.52,205.07,-12.46,12.47,0.11,0.1,18.59,0.05,0
22.75,9190.08,203.39,204.94,-12.46,12.47,0.09,0.1,18.59,0.05,0
22.76,9192.12,203.27,204.82,-12.46,12.46,0.07,0.1,18.59,0.05,0
22.77,9194.15,203.14,204.69,-12.46,12.46,0.05,0.1,18.59,0.05,0
22.78,9196.18,203.02,204.57,-12.46,12.46,0.02,0.1,18.59,0.05,0
22.79,9198.21,202.89,204.44,-12.46,12.46,0.01,0.1,18.59,0.05,0
22.8,9200.24,202.77,204.32,-12.45,12.46,0.03,0.1,18.59,0.05,0
22.81,9202.26,202.64,204.2,-12.45,12.46,0.05,0.1,18.59,0.05,0
22.82,9204.29,202.52,204.07,-12.45,12.46,0.07,0.1,18.59,0.05,0
22.83,9206.32,202.39,203.95,-12.45,12.45,0.09,0.1,18.59,0.05,0
22.84,9208.34,202.27,203.83,-12.45,12.45,0.11,0.1,18.59,0.05,0
22.85,9210.36,202.15,203.7,-12.45,12.45,0.12,0.1,18.59,0.05,0
22.86,9212.38,202.02,203.58,-12.44,12.45,0.13,0.1,18.59,0.05,0
22.87,9214.4,201.9,203.45,-12.44,12.44,0.14,0.1,18.59,0.05,0
22.88,9216.42,201.77,203.33,-12.44,12.44,0.15,0.1,18.59,0.05,0
22.89,9218.44,201.65,203.21,-12.43,12.43,0.15,0.1,18.59,0.05,0
22.9,9220.45,201.52,203.08,-12.43,12.43,0.16,0.1,18.59,0.05,0
22.91,9222.47,201.4,202.96,-12.42,12.43,0.17,0.1,18.59,0.05,0
22.92,9224.48,201.28,202.84,-12.42,12.42,0.17,0.1,18.59,0.05,0
22.93,9226.49,201.15,202.71,-12.42,12.42,0.18,0.1,18.59,0.05,0
22.94,9228.5,201.03,202.59,-12.41,12.42,0.18,0.1,18.59,0.05,0
22.95,9230.51,200.9,202.47,-12.41,12.41,0.19,0.1,18.59,0.05,0
22.96,9232.52,200.78,202.34,-12.41,12.41,0.19,0.1,18.59,0.05,0
22.97,9234.53,200.65,202.22,-12.4,12.41,0.2,0.1,18.59,0.05,0
22.98,9236.53,200.53,202.1,-12.4,12.4,0.2,0.1,18.59,0.05,0
22.99,9238.54,200.41,201.97,-12.4,12.4,0.2,0.1,18.59,0.05,0
23,9240.54,200.28,201.85,-12.39,12.4,0.2,0.1,18.59,0.05,0
23.01,9242.54,200.16,201.73,-12.39,12.39,0.2,0.1,18.59,0.05,0
23.02,9244.55,200.03,201.6,-12.38,12.38,0.19,0.1,18.59,0.05,0
23.03,9246.55,199.91,201.48,-12.38,12.38,0.17,0.1,18.59,0.05,0
23.04,9248.54,199.79,201.36,-12.37,12.37,0.16,0.1,18.59,0.05,0
23.05,9250.54,199.66,201.23,-12.36,12.37,0.15,0.1,18.59,0.05,0
23.06,9252.54,199.54,201.11,-12.36,12.36,0.13,0.1,18.59,0.05,0
23.07,9254.53,199.42,200.99,-12.35,12.35,0.11,0.1,18.59,0.05,0
23.08,9256.53,199.29,200.86,-12.34,12.35,0.1,0.1,18.59,0.05,0
23.09,9258.52,199.17,200.74,-12.34,12.34,0.08,0.1,18.59,0.05,0
23.1,9260.51,199.05,200.62,-12.33,12.33,0.06,0.1,18.59,0.05,0
23.11,9262.5,198.92,200.5,-12.32,12.33,0.05,0.1,18.59,0.05,0
23.12,9264.49,198.8,200.37,-12.31,12.32,0.04,0.1,18.59,0.05,0
23.13,9266.47,198.68,200.25,-12.31,12.31,0.04,0.1,18.59,0.05,0
23.14,9268.46,198.55,200.13,-12.3,12.31,0.06,0.1,18.59,0.05,0
23.15,9270.45,198.43,200.01,-12.29,12.3,0.08,0.1,18.59,0.05,0
23.16,9272.43,198.31,199.88,-12.28,12.29,0.1,0.1,18.59,0.05,0
23.17,9274.41,198.19,199.76,-12.28,12.29,0.11,0.1,18.59,0.05,0
23.18,9276.39,198.06,199.64,-12.27,12.28,0.13,0.1,18.59,0.05,0
23.19,9278.37,197.94,199.52,-12.26,12.28,0.14,0.1,18.59,0.05,0
23.2,9280.35,197.82,199.39,-12.26,12.27,0.16,0.1,18.59,0.05,0
23.21,9282.33,197.69,199.27,-12.25,12.27,0.17,0.1,18.59,0.05,0
23.22,9284.31,197.57,199.15,-12.25,12.26,0.18,0.1,18.59,0.05,0
23.23,9286.28,197.45,199.03,-12.24,12.26,0.19,0.1,18.59,0.05,0
23.24,9288.26,197.33,198.9,-12.24,12.25,0.2,0.1,18.59,0.05,0
23.25,9290.23,197.2,198.78,-12.24,12.25,0.2,0.1,18.59,0.05,0
23.26,9292.2,197.08,198.66,-12.23,12.25,0.21,0.1,18.59,0.05,0
23.27,9294.17,196.96,198.54,-12.23,12.24,0.21,0.1,18.59,0.05,0
23.28,9296.14,196.84,198.42,-12.23,12.24,0.21,0.1,18.59,0.05,0
23.29,9298.11,196.72,198.29,-12.22,12.24,0.21,0.1,18.59,0.05,0
23.3,9300.07,196.59,198.17,-12.22,12.23,0.2,0.1,18.59,0.05,0
23.31,9302.04,196.47,198.05,-12.22,12.23,0.2,0.1,18.59,0.05,0
23.32,9304,196.35,197.93,-12.22,12.23,0.19,0.1,18.59,0.05,0
23.33,9305.96,196.23,197.81,-12.21,12.23,0.19,0.1,18.59,0.05,0
23.34,9307.93,196.1,197.69,-12.21,12.22,0.18,0.1,18.59,0.05,0
23.35,9309.89,195.98,197.56,-12.21,12.22,0.17,0.1,18.59,0.05,0
23.36,9311.85,195.86,197.44,-12.21,12.22,0.16,0.1,18.59,0.05,0
23.37,9313.8,195.74,197.32,-12.21,12.22,0.15,0.1,18.59,0.05,0
23.38,9315.76,195.62,197.2,-12.2,12.21,0.14,0.1,18.59,0.05,0
23.39,9317.72,195.49,197.08,-12.2,12.21,0.13,0.1,18.59,0.05,0
23.4,9319.67,195.37,196.96,-12.2,12.21,0.11,0.1,18.59,0.05,0
23.41,9321.62,195.25,196.83,-12.2,12.21,0.1,0.1,18.59,0.05,0
23.42,9323.58,195.13,196.71,-12.2,12.2,0.09,0.1,18.59,0.05,0
23.43,9325.53,195.01,196.59,-12.19,12.2,0.08,0.1,18.59,0.05,0
23.44,9327.48,194.88,196.47,-12.19,12.2,0.07,0.1,18.59,0.05,0
23.45,9329.42,194.76,196.35,-12.19,12.19,0.06,0.1,18.59,0.05,0
23.46,9331.37,194.64,196.23,-12.19,12.19,0.06,0.1,18.59,0.05,0
23.47,9333.32,194.52,196.11,-12.19,12.19,0.05,0.1,18.59,0.05,0
23.48,9335.26,194.4,195.98,-12.18,12.19,0.05,0.1,18.59,0.05,0
23.49,9337.21,194.28,195.86,-12.18,12.18,0.06,0.1,18.59,0.05,0
23.5,9339.15,194.15,195.74,-12.18,12.18,0.07,0.1,18.59,0.05,0
23.51,9341.09,194.03,195.62,-12.18,12.18,0.08,0.1,18.59,0.05,0
23.52,9343.03,193.91,195.5,-12.17,12.18,0.1,0.1,18.59,0.05,0
23.53,9344.97,193.79,195.38,-12.17,12.18,0.11,0.1,18.59,0.05,0
23.54,9346.9,193.67,195.26,-12.17,12.17,0.13,0.1,18.59,0.05,0
23.55,9348.84,193.54,195.14,-12.17,12.17,0.14,0.1,18.59,0.05,0
23.56,9350.77,193.42,195.02,-12.17,12.17,0.15,0.1,18.59,0.05,0
23.57,9352.71,193.3,194.89,-12.16,12.16,0.16,0.1,18.59,0.05,0
23.58,9354.64,193.18,194.77,-12.16,12.16,0.17,0.1,18.59,0.05,0
23.59,9356.57,193.06,194.65,-12.16,12.16,0.17,0.1,18.59,0.05,0
23.6,9358.5,192.94,194.53,-12.15,12.15,0.18,0.1,18.59,0.05,0
23.61,9360.43,192.82,194.41,-12.15,12.15,0.18,0.1,18.59,0.05,0
23.62,9362.36,192.69,194.29,-12.14,12.15,0.19,0.1,18.59,0.05,0
23.63,9364.28,192.57,194.17,-12.14,12.14,0.19,0.1,18.59,0.05,0
23.64,9366.21,192.45,194.05,-12.14,12.14,0.19,0.1,18.59,0.05,0
23.65,9368.13,192.33,193.93,-12.13,12.13,0.2,0.1,18.59,0.05,0
23.66,9370.06,192.21,193.81,-12.13,12.13,0.19,0.1,18.59,0.05,0
23.67,9371.98,192.09,193.69,-12.12,12.12,0.19,0.1,18.59,0.05,0
23.68,9373.9,191.97,193.57,-12.11,12.12,0.18,0.1,18.59,0.05,0
23.69,9375.82,191.84,193.45,-12.11,12.11,0.18,0.1,18.59,0.05,0
23.7,9377.73,191.72,193.33,-12.1,12.11,0.17,0.1,18.59,0.05,0
23.71,9379.65,191.6,193.21,-12.1,12.1,0.17,0.1,18.59,0.05,0
23.72,9381.57,191.48,193.09,-12.09,12.1,0.16,0.1,18.59,0.05,0
23.73,9383.48,191.36,192.97,-12.09,12.1,0.16,0.1,18.59,0.05,0
23.74,9385.39,191.24,192.85,-12.09,12.09,0.15,0.1,18.59,0.05,0
23.75,9387.31,191.12,192.73,-12.08,12.09,0.14,0.1,18.59,0.05,0
23.76,9389.22,191,192.61,-12.08,12.08,0.13,0.1,18.59,0.05,0
23.77,9391.13,190.88,192.49,-12.07,12.08,0.12,0.1,18.59,0.05,0
23.78,9393.03,190.76,192.37,-12.07,12.07,0.11,0.1,18.59,0.05,0
23.79,9394.94,190.64,192.24,-12.06,12.07,0.1,0.1,18.59,0.05,0
23.8,9396.85,190.52,192.13,-12.05,12.06,0.08,0.1,18.59,0.05,0
23.81,9398.75,190.4,192.01,-12.05,12.05,0.07,0.1,18.59,0.05,0
23.82,9400.65,190.27,191.89,-12.04,12.05,0.06,0.1,18.59,0.05,0
23.83,9402.56,190.15,191.77,-12.04,12.04,0.06,0.1,18.59,0.05,0
23.84,9404.46,190.03,191.65,-12.03,12.04,0.06,0.1,18.59,0.05,0
23.85,9406.36,189.91,191.53,-12.03,12.03,0.06,0.1,18.59,0.05,0
23.86,9408.26,189.79,191.41,-12.02,12.03,0.07,0.1,18.59,0.05,0
23.87,9410.15,189.67,191.29,-12.02,12.02,0.08,0.1,18.59,0.05,0
23.88,9412.05,189.55,191.17,-12.01,12.02,0.09,0.1,18.59,0.05,0
23.89,9413.94,189.43,191.05,-12.01,12.01,0.1,0.1,18.59,0.05,0
23.9,9415.84,189.31,190.93,-12,12.01,0.11,0.1,18.59,0.05,0
23.91,9417.73,189.19,190.81,-12,12,0.13,0.1,18.59,0.05,0
23.92,9419.62,189.07,190.69,-11.99,12,0.15,0.1,18.59,0.05,0
23.93,9421.51,188.95,190.57,-11.98,11.99,0.17,0.1,18.59,0.05,0
23.94,9423.4,188.83,190.45,-11.98,11.99,0.18,0.1,18.59,0.05,0
23.95,9425.29,188.71,190.33,-11.97,11.98,0.2,0.1,18.59,0.05,0
23.96,9427.18,188.59,190.21,-11.97,11.98,0.2,0.1,18.59,0.05,0
23.97,9429.06,188.47,190.09,-11.97,11.98,0.2,0.1,18.59,0.05,0
23.98,9430.94,188.35,189.97,-11.97,11.98,0.19,0.1,18.59,0.05,0
23.99,9432.83,188.24,189.85,-11.97,11.98,0.18,0.1,18.59,0.05,0
24,9434.71,188.12,189.73,-11.96,11.97,0.18,0.1,18.59,0.05,0
24.01,9436.59,188,189.61,-11.96,11.97,0.18,0.1,18.59,0.05,0
24.02,9438.47,187.88,189.49,-11.96,11.97,0.19,0.1,18.59,0.05,0
24.03,9440.35,187.76,189.38,-11.95,11.96,0.19,0.1,18.59,0.05,0
24.04,9442.22,187.64,189.26,-11.95,11.96,0.2,0.1,18.59,0.05,0
24.05,9444.1,187.52,189.14,-11.94,11.96,0.2,0.1,18.59,0.05,0
24.06,9445.97,187.4,189.02,-11.94,11.95,0.2,0.1,18.59,0.05,0
24.07,9447.85,187.28,188.9,-11.94,11.95,0.19,0.1,18.59,0.05,0
24.08,9449.72,187.16,188.78,-11.94,11.95,0.18,0.1,18.59,0.05,0
24.09,9451.59,187.04,188.66,-11.94,11.95,0.17,0.1,18.59,0.05,0
24.1,9453.46,186.92,188.54,-11.94,11.94,0.16,0.1,18.59,0.05,0
24.11,9455.33,186.8,188.42,-11.93,11.94,0.15,0.1,18.59,0.05,0
24.12,9457.2,186.68,188.3,-11.93,11.94,0.13,0.1,18.59,0.05,0
24.13,9459.06,186.56,188.19,-11.93,11.94,0.12,0.1,18.59,0.05,0
24.14,9460.93,186.44,188.07,-11.93,11.94,0.11,0.1,18.59,0.05,0
24.15,9462.79,186.32,187.95,-11.93,11.94,0.1,0.1,18.59,0.05,0
24.16,9464.65,186.2,187.83,-11.93,11.93,0.1,0.1,18.59,0.05,0
24.17,9466.52,186.09,187.71,-11.93,11.93,0.09,0.1,18.59,0.05,0
24.18,9468.38,185.97,187.59,-11.93,11.93,0.08,0.1,18.59,0.05,0
24.19,9470.24,185.85,187.47,-11.92,11.93,0.08,0.1,18.59,0.05,0
24.2,9472.09,185.73,187.36,-11.92,11.93,0.08,0.1,18.59,0.05,0
24.21,9473.95,185.61,187.24,-11.92,11.92,0.08,0.1,18.59,0.05,0
24.22,9475.81,185.49,187.12,-11.92,11.92,0.09,0.1,18.59,0.05,0
24.23,9477.66,185.37,187,-11.92,11.92,0.1,0.1,18.59,0.05,0
24.24,9479.51,185.25,186.88,-11.92,11.92,0.11,0.1,18.59,0.05,0
24.25,9481.37,185.13,186.76,-11.91,11.92,0.12,0.1,18.59,0.05,0
24.26,9483.22,185.01,186.64,-11.91,11.91,0.13,0.1,18.59,0.05,0
24.27,9485.07,184.89,186.53,-11.91,11.91,0.14,0.1,18.59,0.05,0
24.28,9486.91,184.77,186.41,-11.91,11.91,0.14,0.1,18.59,0.05,0
24.29,9488.76,184.66,186.29,-11.9,11.9,0.15,0.1,18.59,0.05,0
24.3,9490.61,184.54,186.17,-11.9,11.9,0.16,0.1,18.59,0.05,0
24.31,9492.45,184.42,186.05,-11.9,11.9,0.16,0.1,18.59,0.05,0
24.32,9494.3,184.3,185.94,-11.89,11.89,0.16,0.1,18.59,0.05,0
24.33,9496.14,184.18,185.82,-11.89,11.89,0.17,0.1,18.59,0.05,0
24.34,9497.98,184.06,185.7,-11.88,11.89,0.17,0.1,18.59,0.05,0
24.35,9499.82,183.94,185.58,-11.88,11.88,0.17,0.1,18.59,0.05,0
24.36,9501.66,183.82,185.46,-11.88,11.88,0.18,0.1,18.59,0.05,0
24.37,9503.5,183.7,185.35,-11.87,11.88,0.18,0.1,18.59,0.05,0
24.38,9505.33,183.59,185.23,-11.87,11.87,0.19,0.1,18.59,0.05,0
24.39,9507.17,183.47,185.11,-11.87,11.87,0.19,0.1,18.59,0.05,0
24.4,9509,183.35,184.99,-11.86,11.87,0.2,0.1,18.59,0.05,0
24.41,9510.83,183.23,184.87,-11.86,11.86,0.2,0.1,18.59,0.05,0
24.42,9512.67,183.11,184.76,-11.85,11.86,0.19,0.1,18.59,0.05,0
24.43,9514.5,182.99,184.64,-11.85,11.85,0.19,0.1,18.59,0.05,0
24.44,9516.33,182.87,184.52,-11.84,11.85,0.19,0.1,18.59,0.05,0
24.45,9518.15,182.76,184.4,-11.84,11.84,0.18,0.1,18.59,0.05,0
24.46,9519.98,182.64,184.29,-11.83,11.84,0.18,0.1,18.59,0.05,0
24.47,9521.81,182.52,184.17,-11.83,11.83,0.17,0.1,18.59,0.05,0
24.48,9523.63,182.4,184.05,-11.82,11.83,0.16,0.1,18.59,0.05,0
24.49,9525.45,182.28,183.93,-11.82,11.82,0.15,0.1,18.59,0.05,0
24.5,9527.28,182.16,183.82,-11.81,11.82,0.14,0.1,18.59,0.05,0
24.51,9529.1,182.05,183.7,-11.81,11.81,0.14,0.1,18.59,0.05,0
24.52,9530.92,181.93,183.58,-11.8,11.81,0.13,0.1,18.59,0.05,0
24.53,9532.74,181.81,183.46,-11.8,11.8,0.12,0.1,18.59,0.05,0
24.54,9534.55,181.69,183.35,-11.79,11.8,0.12,0.1,18.59,0.05,0
24.55,9536.37,181.57,183.23,-11.78,11.79,0.12,0.1,18.59,0.05,0
24.56,9538.19,181.46,183.11,-11.78,11.79,0.11,0.1,18.59,0.05,0
24.57,9540,181.34,182.99,-11.77,11.78,0.11,0.1,18.59,0.05,0
24.58,9541.81,181.22,182.88,-11.77,11.78,0.11,0.1,18.59,0.05,0
24.59,9543.62,181.1,182.76,-11.77,11.77,0.11,0.1,18.59,0.05,0
24.6,9545.43,180.99,182.64,-11.76,11.77,0.11,0.1,18.59,0.05,0
24.61,9547.24,180.87,182.53,-11.76,11.77,0.11,0.1,18.59,0.05,0
24.62,9549.05,180.75,182.41,-11.75,11.76,0.11,0.1,18.59,0.05,0
24.63,9550.86,180.63,182.29,-11.75,11.76,0.11,0.1,18.59,0.05,0
24.64,9552.66,180.52,182.17,-11.75,11.75,0.12,0.1,18.59,0.05,0
24.65,9554.47,180.4,182.06,-11.74,11.75,0.12,0.1,18.59,0.05,0
24.66,9556.27,180.28,181.94,-11.74,11.75,0.12,0.1,18.59,0.05,0
24.67,9558.07,180.16,181.82,-11.74,11.75,0.13,0.1,18.59,0.05,0
24.68,9559.88,180.05,181.71,-11.73,11.74,0.13,0.1,18.59,0.05,0
24.69,9561.68,179.93,181.59,-11.73,11.74,0.13,0.1,18.59,0.05,0
24.7,9563.47,179.81,181.47,-11.73,11.74,0.14,0.1,18.59,0.05,0
24.71,9565.27,179.69,181.36,-11.73,11.73,0.14,0.1,18.59,0.05,0
24.72,9567.07,179.58,181.24,-11.72,11.73,0.14,0.1,18.59,0.05,0
24.73,9568.86,179.46,181.12,-11.72,11.73,0.14,0.1,18.59,0.05,0
24.74,9570.66,179.34,181.01,-11.72,11.73,0.15,0.1,18.59,0.05,0
24.75,9572.45,179.23,180.89,-11.72,11.73,0.15,0.1,18.59,0.05,0
24.76,9574.24,179.11,180.77,-11.72,11.72,0.15,0.1,18.59,0.05,0
24.77,9576.03,178.99,180.66,-11.71,11.72,0.16,0.1,18.59,0.05,0
24.78,9577.82,178.87,180.54,-11.71,11.72,0.16,0.1,18.59,0.05,0
24.79,9579.61,178.76,180.42,-11.71,11.72,0.16,0.1,18.59,0.05,0
24.8,9581.4,178.64,180.31,-11.71,11.71,0.16,0.1,18.59,0.05,0
24.81,9583.18,178.52,180.19,-11.71,11.71,0.16,0.1,18.59,0.05,0
24.82,9584.97,178.41,180.07,-11.7,11.71,0.16,0.1,18.59,0.05,0
24.83,9586.75,178.29,179.96,-11.7,11.71,0.16,0.1,18.59,0.05,0
24.84,9588.53,178.17,179.84,-11.7,11.7,0.16,0.1,18.59,0.05,0
24.85,9590.31,178.05,179.72,-11.7,11.7,0.15,0.1,18.59,0.05,0
24.86,9592.09,177.94,179.61,-11.69,11.7,0.15,0.1,18.59,0.05,0
24.87,9593.87,177.82,179.49,-11.69,11.7,0.15,0.1,18.59,0.05,0
24.88,9595.65,177.7,179.38,-11.69,11.7,0.14,0.1,18.59,0.05,0
24.89,9597.43,177.59,179.26,-11.69,11.69,0.14,0.1,18.59,0.05,0
24.9,9599.2,177.47,179.14,-11.69,11.69,0.14,0.1,18.59,0.05,0
24.91,9600.98,177.35,179.03,-11.69,11.69,0.13,0.1,18.59,0.05,0
24.92,9602.75,177.24,178.91,-11.68,11.69,0.12,0.1,18.59,0.05,0
24.93,9604.52,177.12,178.79,-11.68,11.68,0.12,0.1,18.59,0.05,0
24.94,9606.29,177,178.68,-11.68,11.68,0.11,0.1,18.59,0.05,0
24.95,9608.06,176.89,178.56,-11.67,11.68,0.1,0.1,18.59,0.05,0
24.96,9609.83,176.77,178.45,-11.67,11.67,0.09,0.1,18.59,0.05,0
24.97,9611.6,176.65,178.33,-11.67,11.67,0.09,0.1,18.59,0.05,0
24.98,9613.36,176.54,178.21,-11.67,11.67,0.1,0.1,18.59,0.05,0
24.99,9615.13,176.42,178.1,-11.67,11.67,0.1,0.1,18.59,0.05,0
25,9616.89,176.3,177.98,-11.67,11.67,0.11,0.1,18.59,0.05,0
25.01,9618.65,176.19,177.87,-11.66,11.67,0.12,0.1,18.59,0.05,0
25.02,9620.41,176.07,177.75,-11.66,11.66,0.12,0.1,18.59,0.05,0
25.03,9622.17,175.95,177.64,-11.66,11.66,0.12,0.1,18.59,0.05,0
25.04,9623.93,175.84,177.52,-11.66,11.66,0.12,0.1,18.59,0.05,0
25.05,9625.69,175.72,177.4,-11.65,11.66,0.13,0.1,18.59,0.05,0
25.06,9627.45,175.6,177.29,-11.65,11.65,0.12,0.1,18.59,0.05,0
25.07,9629.2,175.49,177.17,-11.65,11.65,0.12,0.1,18.59,0.05,0
25.08,9630.96,175.37,177.06,-11.64,11.64,0.12,0.1,18.59,0.05,0
25.09,9632.71,175.25,176.94,-11.64,11.64,0.11,0.1,18.59,0.05,0
25.1,9634.46,175.14,176.83,-11.63,11.63,0.11,0.1,18.59,0.05,0
25.11,9636.21,175.02,176.71,-11.63,11.63,0.12,0.1,18.59,0.05,0
25.12,9637.96,174.9,176.6,-11.62,11.63,0.12,0.1,18.59,0.05,0
25.13,9639.71,174.79,176.48,-11.62,11.62,0.13,0.1,18.59,0.05,0
25.14,9641.46,174.67,176.36,-11.61,11.62,0.13,0.1,18.59,0.05,0
25.15,9643.2,174.56,176.25,-11.61,11.61,0.14,0.1,18.59,0.05,0
25.16,9644.95,174.44,176.13,-11.61,11.61,0.14,0.1,18.59,0.05,0
25.17,9646.69,174.32,176.02,-11.6,11.61,0.15,0.1,18.59,0.05,0
25.18,9648.44,174.21,175.9,-11.6,11.6,0.15,0.1,18.59,0.05,0
25.19,9650.18,174.09,175.79,-11.59,11.6,0.15,0.1,18.59,0.05,0
25.2,9651.92,173.98,175.67,-11.59,11.6,0.16,0.1,18.59,0.05,0
25.21,9653.66,173.86,175.56,-11.59,11.59,0.16,0.1,18.59,0.05,0
25.22,9655.4,173.74,175.44,-11.58,11.59,0.16,0.1,18.59,0.05,0
25.23,9657.13,173.63,175.33,-11.58,11.58,0.16,0.1,18.59,0.05,0
25.24,9658.87,173.51,175.21,-11.58,11.58,0.16,0.1,18.59,0.05,0
25.25,9660.6,173.4,175.1,-11.57,11.58,0.16,0.1,18.59,0.05,0
25.26,9662.34,173.28,174.98,-11.57,11.57,0.16,0.1,18.59,0.05,0
25.27,9664.07,173.17,174.87,-11.56,11.57,0.16,0.1,18.59,0.05,0
25.28,9665.8,173.05,174.75,-11.56,11.56,0.16,0.1,18.59,0.05,0
25.29,9667.53,172.93,174.64,-11.55,11.56,0.16,0.1,18.59,0.05,0
25.3,9669.26,172.82,174.52,-11.55,11.56,0.16,0.1,18.59,0.05,0
25.31,9670.99,172.7,174.41,-11.55,11.55,0.16,0.1,18.59,0.05,0
25.32,9672.71,172.59,174.29,-11.54,11.55,0.16,0.1,18.59,0.05,0
25.33,9674.44,172.47,174.18,-11.54,11.55,0.16,0.1,18.59,0.05,0
25.34,9676.16,172.36,174.06,-11.53,11.54,0.15,0.1,18.59,0.05,0
25.35,9677.88,172.24,173.95,-11.53,11.54,0.15,0.1,18.59,0.05,0
25.36,9679.61,172.13,173.83,-11.53,11.53,0.15,0.1,18.59,0.05,0
25.37,9681.33,172.01,173.72,-11.52,11.53,0.15,0.1,18.59,0.05,0
25.38,9683.05,171.9,173.6,-11.52,11.53,0.15,0.1,18.59,0.05,0
25.39,9684.77,171.78,173.49,-11.52,11.52,0.15,0.1,18.59,0.05,0
25.4,9686.48,171.67,173.37,-11.51,11.52,0.15,0.1,18.59,0.05,0
25.41,9688.2,171.55,173.26,-11.51,11.52,0.15,0.1,18.59,0.05,0
25.42,9689.91,171.44,173.15,-11.51,11.52,0.14,0.1,18.59,0.05,0
25.43,9691.63,171.32,173.03,-11.51,11.51,0.13,0.1,18.59,0.05,0
25.44,9693.34,171.21,172.92,-11.5,11.51,0.12,0.1,18.59,0.05,0
25.45,9695.05,171.09,172.8,-11.5,11.51,0.11,0.1,18.59,0.05,0
25.46,9696.76,170.98,172.69,-11.5,11.51,0.1,0.1,18.59,0.05,0
25.47,9698.47,170.86,172.57,-11.5,11.51,0.08,0.1,18.59,0.05,0
25.48,9700.18,170.75,172.46,-11.5,11.51,0.07,0.1,18.59,0.05,0
25.49,9701.89,170.63,172.34,-11.5,11.5,0.07,0.1,18.59,0.05,0
25.5,9703.59,170.52,172.23,-11.5,11.5,0.07,0.1,18.59,0.05,0
25.51,9705.3,170.4,172.12,-11.5,11.5,0.07,0.1,18.59,0.05,0
25.52,9707,170.29,172,-11.5,11.5,0.08,0.1,18.59,0.05,0
25.53,9708.7,170.17,171.89,-11.49,11.5,0.08,0.1,18.59,0.05,0
25.54,9710.4,170.06,171.77,-11.49,11.5,0.09,0.1,18.59,0.05,0
25.55,9712.1,169.94,171.66,-11.49,11.5,0.1,0.1,18.59,0.05,0
25.56,9713.8,169.83,171.55,-11.49,11.49,0.11,0.1,18.59,0.05,0
25.57,9715.5,169.71,171.43,-11.49,11.49,0.12,0.1,18.59,0.05,0
25.58,9717.2,169.6,171.32,-11.49,11.49,0.12,0.1,18.59,0.05,0
25.59,9718.89,169.48,171.2,-11.48,11.49,0.13,0.1,18.59,0.05,0
25.6,9720.59,169.37,171.09,-11.48,11.49,0.14,0.1,18.59,0.05,0
25.61,9722.28,169.25,170.97,-11.48,11.48,0.14,0.1,18.59,0.05,0
25.62,9723.97,169.14,170.86,-11.48,11.48,0.14,0.1,18.59,0.05,0
25.63,9725.66,169.02,170.75,-11.48,11.48,0.15,0.1,18.59,0.05,0
25.64,9727.35,168.91,170.63,-11.47,11.48,0.15,0.1,18.59,0.05,0
25.65,9729.04,168.79,170.52,-11.47,11.47,0.15,0.1,18.59,0.05,0
25.66,9730.73,168.68,170.41,-11.47,11.47,0.15,0.1,18.59,0.05,0
25.67,9732.41,168.56,170.29,-11.47,11.47,0.15,0.1,18.59,0.05,0
25.68,9734.1,168.45,170.18,-11.47,11.47,0.16,0.1,18.59,0.05,0
25.69,9735.78,168.33,170.06,-11.46,11.47,0.16,0.1,18.59,0.05,0
25.7,9737.46,168.22,169.95,-11.46,11.46,0.16,0.1,18.59,0.05,0
25.71,9739.15,168.1,169.84,-11.46,11.46,0.16,0.1,18.59,0.05,0
25.72,9740.83,167.99,169.72,-11.46,11.46,0.15,0.1,18.59,0.05,0
25.73,9742.51,167.88,169.61,-11.45,11.46,0.15,0.1,18.59,0.05,0
25.74,9744.18,167.76,169.5,-11.45,11.45,0.15,0.1,18.59,0.05,0
25.75,9745.86,167.65,169.38,-11.45,11.45,0.14,0.1,18.59,0.05,0
25.76,9747.54,167.53,169.27,-11.45,11.45,0.14,0.1,18.59,0.05,0
25.77,9749.21,167.42,169.15,-11.44,11.45,0.14,0.1,18.59,0.05,0
25.78,9750.89,167.3,169.04,-11.44,11.44,0.14,0.1,18.59,0.05,0
25.79,9752.56,167.19,168.93,-11.44,11.44,0.13,0.1,18.59,0.05,0
25.8,9754.23,167.07,168.81,-11.44,11.44,0.13,0.1,18.59,0.05,0
25.81,9755.9,166.96,168.7,-11.43,11.44,0.13,0.1,18.59,0.05,0
25.82,9757.57,166.85,168.59,-11.43,11.43,0.13,0.1,18.59,0.05,0
25.83,9759.24,166.73,168.47,-11.43,11.43,0.13,0.1,18.59,0.05,0
25.84,9760.9,166.62,168.36,-11.43,11.43,0.13,0.1,18.59,0.05,0
25.85,9762.57,166.5,168.25,-11.42,11.43,0.13,0.1,18.59,0.05,0
25.86,9764.23,166.39,168.13,-11.42,11.42,0.13,0.09,18.59,0.05,0
25.87,9765.9,166.27,168.02,-11.42,11.42,0.12,0.09,18.59,0.05,0
25.88,9767.56,166.16,167.91,-11.41,11.42,0.12,0.09,18.59,0.05,0
25.89,9769.22,166.05,167.79,-11.41,11.41,0.11,0.09,18.59,0.05,0
25.9,9770.88,165.93,167.68,-11.41,11.41,0.11,0.09,18.59,0.05,0
25.91,9772.54,165.82,167.57,-11.4,11.4,0.1,0.09,18.59,0.05,0
25.92,9774.2,165.7,167.45,-11.4,11.4,0.1,0.09,18.59,0.05,0
25.93,9775.85,165.59,167.34,-11.39,11.4,0.09,0.09,18.59,0.05,0
25.94,9777.51,165.48,167.23,-11.39,11.39,0.09,0.09,18.59,0.05,0
25.95,9779.16,165.36,167.12,-11.38,11.39,0.09,0.09,18.59,0.05,0
25.96,9780.82,165.25,167,-11.38,11.38,0.09,0.09,18.59,0.05,0
25.97,9782.47,165.13,166.89,-11.38,11.38,0.09,0.09,18.59,0.05,0
25.98,9784.12,165.02,166.78,-11.37,11.37,0.1,0.09,18.59,0.05,0
25.99,9785.77,164.91,166.66,-11.37,11.37,0.11,0.09,18.59,0.05,0
26,9787.42,164.79,166.55,-11.36,11.37,0.11,0.09,18.59,0.05,0
26.01,9789.06,164.68,166.44,-11.36,11.36,0.12,0.09,18.59,0.05,0
26.02,9790.71,164.57,166.33,-11.35,11.36,0.13,0.09,18.59,0.05,0
26.03,9792.35,164.45,166.21,-11.35,11.36,0.13,0.09,18.59,0.05,0
26.04,9794,164.34,166.1,-11.35,11.35,0.14,0.09,18.59,0.05,0
26.05,9795.64,164.23,165.99,-11.34,11.35,0.14,0.09,18.59,0.05,0
26.06,9797.28,164.11,165.87,-11.34,11.35,0.14,0.09,18.59,0.05,0
26.07,9798.92,164,165.76,-11.34,11.34,0.15,0.09,18.59,0.05,0
26.08,9800.56,163.89,165.65,-11.34,11.34,0.15,0.09,18.59,0.05,0
26.09,9802.2,163.77,165.54,-11.33,11.34,0.15,0.09,18.59,0.05,0
26.1,9803.84,163.66,165.42,-11.33,11.33,0.15,0.09,18.59,0.05,0
26.11,9805.47,163.55,165.31,-11.33,11.33,0.15,0.09,18.59,0.05,0
26.12,9807.11,163.43,165.2,-11.32,11.33,0.15,0.09,18.59,0.05,0
26.13,9808.74,163.32,165.09,-11.32,11.33,0.15,0.09,18.59,0.05,0
26.14,9810.38,163.21,164.97,-11.32,11.32,0.15,0.09,18.59,0.05,0
26.15,9812.01,163.09,164.86,-11.31,11.32,0.15,0.09,18.59,0.05,0
26.16,9813.64,162.98,164.75,-11.31,11.32,0.15,0.09,18.59,0.05,0
26.17,9815.27,162.87,164.64,-11.31,11.31,0.15,0.09,18.59,0.05,0
26.18,9816.9,162.75,164.52,-11.3,11.31,0.15,0.09,18.59,0.05,0
26.19,9818.52,162.64,164.41,-11.3,11.31,0.16,0.09,18.59,0.05,0
26.2,9820.15,162.53,164.3,-11.3,11.3,0.16,0.09,18.59,0.05,0
26.21,9821.77,162.41,164.19,-11.29,11.3,0.15,0.09,18.59,0.05,0
26.22,9823.4,162.3,164.07,-11.29,11.3,0.15,0.09,18.59,0.05,0
26.23,9825.02,162.19,163.96,-11.29,11.3,0.14,0.09,18.59,0.05,0
26.24,9826.64,162.08,163.85,-11.29,11.29,0.13,0.09,18.59,0.05,0
26.25,9828.26,161.96,163.74,-11.29,11.29,0.13,0.09,18.59,0.05,0
26.26,9829.88,161.85,163.63,-11.28,11.29,0.12,0.09,18.59,0.05,0
26.27,9831.5,161.74,163.51,-11.28,11.29,0.13,0.09,18.59,0.05,0
26.28,9833.11,161.62,163.4,-11.28,11.28,0.13,0.09,18.59,0.05,0
26.29,9834.73,161.51,163.29,-11.27,11.28,0.13,0.09,18.59,0.05,0
26.3,9836.34,161.4,163.18,-11.27,11.28,0.13,0.09,18.59,0.05,0
26.31,9837.96,161.29,163.07,-11.27,11.27,0.13,0.09,18.59,0.05,0
26.32,9839.57,161.17,162.95,-11.27,11.27,0.14,0.09,18.59,0.05,0
26.33,9841.18,161.06,162.84,-11.26,11.27,0.14,0.09,18.59,0.05,0
26.34,9842.79,160.95,162.73,-11.26,11.27,0.14,0.09,18.59,0.05,0
26.35,9844.4,160.84,162.62,-11.26,11.26,0.14,0.09,18.59,0.05,0
26.36,9846.01,160.72,162.51,-11.26,11.26,0.14,0.09,18.59,0.05,0
26.37,9847.61,160.61,162.39,-11.26,11.26,0.12,0.09,18.59,0.05,0
26.38,9849.22,160.5,162.28,-11.26,11.26,0.11,0.09,18.59,0.05,0
26.39,9850.82,160.39,162.17,-11.25,11.26,0.1,0.09,18.59,0.05,0
26.4,9852.43,160.27,162.06,-11.25,11.26,0.09,0.09,18.59,0.05,0
26.41,9854.03,160.16,161.95,-11.25,11.26,0.09,0.09,18.59,0.05,0
26.42,9855.63,160.05,161.84,-11.25,11.25,0.1,0.09,18.59,0.05,0
26.43,9857.23,159.94,161.72,-11.25,11.25,0.1,0.09,18.59,0.05,0
26.44,9858.83,159.82,161.61,-11.25,11.25,0.1,0.09,18.59,0.05,0
26.45,9860.43,159.71,161.5,-11.24,11.25,0.1,0.09,18.59,0.05,0
26.46,9862.02,159.6,161.39,-11.24,11.25,0.1,0.09,18.59,0.05,0
26.47,9863.62,159.49,161.28,-11.24,11.25,0.1,0.09,18.59,0.05,0
26.48,9865.21,159.37,161.17,-11.24,11.25,0.1,0.09,18.59,0.05,0
26.49,9866.81,159.26,161.05,-11.25,11.25,0.11,0.09,18.59,0.05,0
26.5,9868.4,159.15,160.94,-11.25,11.25,0.12,0.09,18.59,0.05,0
26.51,9869.99,159.04,160.83,-11.24,11.25,0.12,0.09,18.59,0.05,0
26.52,9871.58,158.92,160.72,-11.24,11.24,0.12,0.09,18.59,0.05,0
26.53,9873.17,158.81,160.61,-11.24,11.24,0.12,0.09,18.59,0.05,0
26.54,9874.76,158.7,160.5,-11.24,11.24,0.12,0.09,18.59,0.05,0
26.55,9876.34,158.59,160.39,-11.23,11.24,0.12,0.09,18.59,0.05,0
26.56,9877.93,158.47,160.27,-11.23,11.24,0.12,0.09,18.59,0.05,0
26.57,9879.51,158.36,160.16,-11.23,11.23,0.13,0.09,18.59,0.05,0
26.58,9881.09,158.25,160.05,-11.23,11.23,0.13,0.09,18.59,0.05,0
26.59,9882.68,158.14,159.94,-11.23,11.23,0.14,0.09,18.59,0.05,0
26.6,9884.26,158.03,159.83,-11.23,11.23,0.14,0.09,18.59,0.05,0
26.61,9885.84,157.91,159.72,-11.23,11.23,0.14,0.09,18.59,0.05,0
26.62,9887.42,157.8,159.61,-11.23,11.23,0.15,0.09,18.59,0.05,0
26.63,9888.99,157.69,159.49,-11.22,11.23,0.16,0.09,18.59,0.05,0
26.64,9890.57,157.58,159.38,-11.22,11.22,0.16,0.09,18.59,0.05,0
26.65,9892.14,157.46,159.27,-11.22,11.22,0.17,0.09,18.59,0.05,0
26.66,9893.72,157.35,159.16,-11.22,11.22,0.17,0.09,18.59,0.05,0
26.67,9895.29,157.24,159.05,-11.22,11.22,0.15,0.09,18.59,0.05,0
26.68,9896.86,157.13,158.94,-11.21,11.21,0.14,0.09,18.59,0.05,0
26.69,9898.43,157.02,158.83,-11.21,11.21,0.13,0.09,18.59,0.05,0
26.7,9900,156.9,158.72,-11.2,11.2,0.12,0.09,18.59,0.05,0
26.71,9901.57,156.79,158.61,-11.2,11.2,0.1,0.09,18.59,0.05,0
26.72,9903.14,156.68,158.49,-11.2,11.2,0.09,0.09,18.59,0.05,0
26.73,9904.71,156.57,158.38,-11.19,11.19,0.08,0.09,18.59,0.05,0
26.74,9906.27,156.46,158.27,-11.19,11.19,0.07,0.09,18.59,0.05,0
26.75,9907.84,156.34,158.16,-11.18,11.19,0.06,0.09,18.59,0.05,0
26.76,9909.4,156.23,158.05,-11.18,11.18,0.06,0.09,18.59,0.05,0
26.77,9910.96,156.12,157.94,-11.18,11.18,0.06,0.09,18.59,0.05,0
26.78,9912.52,156.01,157.83,-11.18,11.18,0.07,0.09,18.59,0.05,0
26.79,9914.08,155.9,157.72,-11.18,11.18,0.07,0.09,18.59,0.05,0
26.8,9915.64,155.78,157.61,-11.17,11.18,0.08,0.09,18.59,0.05,0
26.81,9917.2,155.67,157.5,-11.17,11.17,0.08,0.09,18.59,0.05,0
26.82,9918.75,155.56,157.39,-11.17,11.17,0.09,0.09,18.59,0.05,0
26.83,9920.31,155.45,157.28,-11.17,11.17,0.09,0.09,18.59,0.05,0
26.84,9921.86,155.34,157.17,-11.16,11.17,0.1,0.09,18.59,0.05,0
26.85,9923.41,155.23,157.05,-11.16,11.16,0.1,0.09,18.59,0.05,0
26.86,9924.97,155.11,156.94,-11.16,11.16,0.11,0.09,18.59,0.05,0
26.87,9926.52,155,156.83,-11.16,11.16,0.11,0.09,18.59,0.05,0
26.88,9928.07,154.89,156.72,-11.16,11.16,0.11,0.09,18.59,0.05,0
26.89,9929.61,154.78,156.61,-11.15,11.16,0.12,0.09,18.59,0.05,0
26.9,9931.16,154.67,156.5,-11.15,11.15,0.12,0.09,18.59,0.05,0
26.91,9932.71,154.56,156.39,-11.15,11.15,0.12,0.09,18.59,0.05,0
26.92,9934.25,154.45,156.28,-11.15,11.15,0.12,0.09,18.59,0.05,0
26.93,9935.8,154.33,156.17,-11.14,11.14,0.12,0.09,18.59,0.05,0
26.94,9937.34,154.22,156.06,-11.14,11.14,0.12,0.09,18.59,0.05,0
26.95,9938.88,154.11,155.95,-11.14,11.14,0.12,0.09,18.59,0.05,0
26.96,9940.42,154,155.84,-11.13,11.13,0.11,0.09,18.59,0.05,0
26.97,9941.96,153.89,155.73,-11.13,11.13,0.11,0.09,18.59,0.05,0
26.98,9943.5,153.78,155.62,-11.12,11.13,0.11,0.09,18.59,0.05,0
26.99,9945.04,153.67,155.51,-11.12,11.12,0.11,0.09,18.59,0.05,0
27,9946.57,153.55,155.4,-11.12,11.12,0.11,0.09,18.59,0.05,0
27.01,9948.11,153.44,155.29,-11.11,11.12,0.11,0.09,18.59,0.05,0
27.02,9949.64,153.33,155.18,-11.11,11.11,0.11,0.09,18.59,0.05,0
27.03,9951.17,153.22,155.07,-11.1,11.11,0.12,0.09,18.59,0.05,0
27.04,9952.71,153.11,154.96,-11.1,11.11,0.12,0.09,18.59,0.05,0
27.05,9954.24,153,154.85,-11.1,11.1,0.12,0.09,18.59,0.05,0
27.06,9955.77,152.89,154.74,-11.09,11.1,0.13,0.09,18.59,0.05,0
27.07,9957.29,152.78,154.63,-11.09,11.1,0.14,0.09,18.59,0.05,0
27.08,9958.82,152.67,154.52,-11.09,11.09,0.14,0.09,18.59,0.05,0
27.09,9960.35,152.56,154.41,-11.08,11.09,0.15,0.09,18.59,0.05,0
27.1,9961.87,152.45,154.3,-11.08,11.09,0.16,0.09,18.59,0.05,0
27.11,9963.4,152.33,154.19,-11.08,11.08,0.16,0.09,18.59,0.05,0
27.12,9964.92,152.22,154.08,-11.08,11.08,0.15,0.09,18.59,0.05,0
27.13,9966.44,152.11,153.97,-11.07,11.08,0.14,0.09,18.59,0.05,0
27.14,9967.96,152,153.86,-11.07,11.08,0.13,0.09,18.59,0.05,0
27.15,9969.48,151.89,153.75,-11.07,11.08,0.12,0.09,18.59,0.05,0
27.16,9971,151.78,153.64,-11.07,11.07,0.12,0.09,18.59,0.05,0
27.17,9972.52,151.67,153.53,-11.07,11.07,0.11,0.09,18.59,0.05,0
27.18,9974.03,151.56,153.42,-11.07,11.07,0.1,0.09,18.59,0.05,0
27.19,9975.55,151.45,153.31,-11.06,11.07,0.09,0.09,18.59,0.05,0
27.2,9977.06,151.34,153.2,-11.06,11.07,0.09,0.09,18.59,0.05,0
27.21,9978.57,151.23,153.09,-11.06,11.07,0.08,0.09,18.59,0.05,0
27.22,9980.09,151.12,152.98,-11.06,11.06,0.08,0.09,18.59,0.05,0
27.23,9981.6,151.01,152.87,-11.06,11.06,0.09,0.09,18.59,0.05,0
27.24,9983.11,150.9,152.76,-11.05,11.06,0.09,0.09,18.59,0.05,0
27.25,9984.61,150.79,152.65,-11.05,11.06,0.09,0.09,18.59,0.05,0
27.26,9986.12,150.67,152.54,-11.05,11.05,0.09,0.09,18.59,0.05,0
27.27,9987.63,150.56,152.43,-11.05,11.05,0.08,0.09,18.59,0.05,0
27.28,9989.13,150.45,152.32,-11.05,11.05,0.08,0.09,18.59,0.05,0
27.29,9990.64,150.34,152.21,-11.05,11.05,0.08,0.09,18.59,0.05,0
27.3,9992.14,150.23,152.1,-11.04,11.05,0.07,0.09,18.59,0.05,0
27.31,9993.64,150.12,151.99,-11.04,11.05,0.07,0.09,18.59,0.05,0
27.32,9995.14,150.01,151.88,-11.04,11.04,0.08,0.09,18.59,0.05,0
27.33,9996.64,149.9,151.77,-11.04,11.04,0.08,0.09,18.59,0.05,0
27.34,9998.14,149.79,151.66,-11.04,11.04,0.08,0.09,18.59,0.05,0
27.35,9999.64,149.68,151.55,-11.03,11.04,0.08,0.09,18.59,0.05,0
27.36,10001.13,149.57,151.44,-11.03,11.04,0.08,0.09,18.59,0.05,0
27.37,10002.63,149.46,151.34,-11.03,11.03,0.08,0.09,18.59,0.05,0
27.38,10004.12,149.35,151.23,-11.03,11.03,0.08,0.09,18.59,0.05,0
27.39,10005.62,149.24,151.12,-11.03,11.03,0.08,0.09,18.59,0.05,0
27.4,10007.11,149.13,151.01,-11.03,11.03,0.08,0.09,18.59,0.05,0
27.41,10008.6,149.02,150.9,-11.03,11.03,0.08,0.09,18.59,0.05,0
27.42,10010.09,148.91,150.79,-11.02,11.03,0.09,0.09,18.59,0.05,0
27.43,10011.58,148.8,150.68,-11.02,11.03,0.09,0.09,18.59,0.05,0
27.44,10013.06,148.69,150.57,-11.02,11.02,0.09,0.09,18.59,0.05,0
27.45,10014.55,148.58,150.46,-11.02,11.02,0.09,0.09,18.59,0.05,0
27.46,10016.04,148.47,150.35,-11.02,11.02,0.09,0.09,18.59,0.05,0
27.47,10017.52,148.36,150.24,-11.01,11.02,0.09,0.09,18.59,0.05,0
27.48,10019,148.25,150.13,-11.01,11.01,0.09,0.09,18.59,0.05,0
27.49,10020.48,148.14,150.02,-11.01,11.01,0.08,0.09,18.59,0.05,0
27.5,10021.97,148.03,149.92,-11.01,11.01,0.08,0.09,18.59,0.05,0
27.51,10023.45,147.92,149.81,-11,11.01,0.08,0.09,18.59,0.05,0
27.52,10024.92,147.81,149.7,-11,11.01,0.08,0.09,18.59,0.05,0
27.53,10026.4,147.7,149.59,-11,11,0.08,0.09,18.59,0.05,0
27.54,10027.88,147.59,149.48,-11,11,0.07,0.09,18.59,0.05,0
27.55,10029.35,147.48,149.37,-11,11,0.07,0.09,18.59,0.05,0
27.56,10030.83,147.37,149.26,-11,11,0.07,0.09,18.59,0.05,0
27.57,10032.3,147.26,149.15,-10.99,11,0.07,0.09,18.59,0.05,0
27.58,10033.77,147.15,149.04,-10.99,11,0.06,0.09,18.59,0.05,0
27.59,10035.24,147.04,148.94,-10.99,10.99,0.06,0.09,18.59,0.05,0
27.6,10036.71,146.93,148.83,-10.99,10.99,0.06,0.09,18.59,0.05,0
27.61,10038.18,146.82,148.72,-10.99,10.99,0.05,0.09,18.59,0.05,0
27.62,10039.65,146.71,148.61,-10.98,10.99,0.04,0.09,18.59,0.05,0
27.63,10041.12,146.6,148.5,-10.98,10.98,0.04,0.09,18.59,0.05,0
27.64,10042.58,146.49,148.39,-10.98,10.98,0.03,0.09,18.59,0.05,0
27.65,10044.05,146.38,148.28,-10.98,10.98,0.02,0.09,18.59,0.05,0
27.66,10045.51,146.27,148.17,-10.97,10.98,0.01,0.09,18.59,0.05,0
27.67,10046.97,146.16,148.07,-10.97,10.97,0.01,0.09,18.59,0.05,0
27.68,10048.43,146.05,147.96,-10.97,10.97,0.01,0.09,18.59,0.05,0
27.69,10049.89,145.94,147.85,-10.97,10.97,0.01,0.09,18.59,0.05,0
27.7,10051.35,145.83,147.74,-10.96,10.97,0.02,0.09,18.59,0.05,0
27.71,10052.81,145.72,147.63,-10.96,10.96,0.02,0.09,18.59,0.05,0
27.72,10054.27,145.61,147.52,-10.96,10.96,0.02,0.09,18.59,0.05,0
27.73,10055.72,145.5,147.41,-10.96,10.96,0.03,0.09,18.59,0.05,0
27.74,10057.18,145.39,147.31,-10.96,10.96,0.04,0.09,18.59,0.05,0
27.75,10058.63,145.28,147.2,-10.96,10.96,0.04,0.09,18.59,0.05,0
27.76,10060.08,145.17,147.09,-10.95,10.96,0.05,0.09,18.59,0.05,0
27.77,10061.53,145.06,146.98,-10.95,10.95,0.05,0.09,18.59,0.05,0
27.78,10062.98,144.95,146.87,-10.95,10.95,0.06,0.09,18.59,0.05,0
27.79,10064.43,144.84,146.76,-10.95,10.95,0.06,0.09,18.59,0.05,0
27.8,10065.88,144.73,146.65,-10.94,10.95,0.07,0.09,18.59,0.05,0
27.81,10067.33,144.63,146.55,-10.94,10.95,0.07,0.09,18.59,0.05,0
27.82,10068.77,144.52,146.44,-10.94,10.94,0.08,0.09,18.59,0.05,0
27.83,10070.22,144.41,146.33,-10.94,10.94,0.09,0.09,18.59,0.05,0
27.84,10071.66,144.3,146.22,-10.94,10.94,0.1,0.09,18.59,0.05,0
27.85,10073.1,144.19,146.11,-10.94,10.94,0.11,0.09,18.59,0.05,0
27.86,10074.54,144.08,146,-10.94,10.94,0.11,0.09,18.59,0.05,0
27.87,10075.98,143.97,145.9,-10.94,10.94,0.12,0.09,18.59,0.05,0
27.88,10077.42,143.86,145.79,-10.94,10.94,0.12,0.09,18.59,0.05,0
27.89,10078.86,143.75,145.68,-10.93,10.93,0.12,0.09,18.59,0.05,0
27.9,10080.3,143.64,145.57,-10.93,10.93,0.12,0.09,18.59,0.05,0
27.91,10081.73,143.53,145.46,-10.93,10.93,0.13,0.09,18.59,0.05,0
27.92,10083.17,143.42,145.36,-10.93,10.93,0.13,0.09,18.59,0.05,0
27.93,10084.6,143.31,145.25,-10.92,10.93,0.12,0.09,18.59,0.05,0
27.94,10086.04,143.2,145.14,-10.92,10.92,0.12,0.09,18.59,0.05,0
27.95,10087.47,143.09,145.03,-10.92,10.92,0.12,0.09,18.59,0.05,0
27.96,10088.9,142.99,144.92,-10.92,10.92,0.12,0.09,18.59,0.05,0
27.97,10090.33,142.88,144.82,-10.92,10.92,0.13,0.09,18.59,0.05,0
27.98,10091.75,142.77,144.71,-10.92,10.92,0.13,0.09,18.59,0.05,0
27.99,10093.18,142.66,144.6,-10.91,10.92,0.14,0.09,18.59,0.05,0
28,10094.61,142.55,144.49,-10.91,10.92,0.15,0.09,18.59,0.05,0
28.01,10096.03,142.44,144.38,-10.91,10.91,0.15,0.09,18.59,0.05,0
28.02,10097.46,142.33,144.28,-10.91,10.91,0.14,0.09,18.59,0.05,0
28.03,10098.88,142.22,144.17,-10.91,10.91,0.14,0.09,18.59,0.05,0
28.04,10100.3,142.11,144.06,-10.91,10.91,0.14,0.09,18.59,0.05,0
28.05,10101.72,142,143.95,-10.9,10.9,0.14,0.09,18.59,0.05,0
28.06,10103.14,141.89,143.84,-10.9,10.9,0.13,0.09,18.59,0.05,0
28.07,10104.56,141.79,143.74,-10.9,10.9,0.13,0.09,18.59,0.05,0
28.08,10105.98,141.68,143.63,-10.9,10.9,0.12,0.09,18.59,0.05,0
28.09,10107.39,141.57,143.52,-10.89,10.89,0.11,0.09,18.59,0.05,0
28.1,10108.81,141.46,143.41,-10.89,10.89,0.11,0.08,18.59,0.05,0
28.11,10110.22,141.35,143.31,-10.89,10.89,0.1,0.08,18.59,0.05,0
28.12,10111.64,141.24,143.2,-10.89,10.89,0.09,0.08,18.59,0.05,0
28.13,10113.05,141.13,143.09,-10.88,10.88,0.08,0.08,18.59,0.05,0
28.14,10114.46,141.02,142.98,-10.88,10.88,0.08,0.08,18.59,0.05,0
28.15,10115.87,140.91,142.87,-10.88,10.88,0.07,0.08,18.59,0.05,0
28.16,10117.28,140.81,142.77,-10.87,10.88,0.06,0.08,18.59,0.05,0
28.17,10118.68,140.7,142.66,-10.87,10.87,0.05,0.08,18.59,0.05,0
28.18,10120.09,140.59,142.55,-10.87,10.87,0.04,0.08,18.59,0.05,0
28.19,10121.5,140.48,142.44,-10.87,10.87,0.04,0.08,18.59,0.05,0
28.2,10122.9,140.37,142.34,-10.86,10.87,0.03,0.08,18.59,0.05,0
28.21,10124.3,140.26,142.23,-10.86,10.86,0.02,0.08,18.59,0.05,0
28.22,10125.7,140.15,142.12,-10.86,10.86,0.01,0.08,18.59,0.05,0
28.23,10127.11,140.04,142.01,-10.86,10.86,0.01,0.08,18.59,0.05,0
28.24,10128.51,139.94,141.91,-10.85,10.86,0,0.08,18.59,0.05,0
28.25,10129.9,139.83,141.8,-10.85,10.85,0.01,0.08,18.59,0.05,0
28.26,10131.3,139.72,141.69,-10.85,10.85,0.02,0.08,18.59,0.05,0
28.27,10132.7,139.61,141.58,-10.85,10.85,0.03,0.08,18.59,0.05,0
28.28,10134.09,139.5,141.48,-10.84,10.85,0.04,0.08,18.59,0.05,0
28.29,10135.49,139.39,141.37,-10.84,10.84,0.05,0.08,18.59,0.05,0
28.3,10136.88,139.29,141.26,-10.84,10.84,0.05,0.08,18.59,0.05,0
28.31,10138.27,139.18,141.16,-10.84,10.84,0.06,0.08,18.59,0.05,0
28.32,10139.67,139.07,141.05,-10.83,10.84,0.07,0.08,18.59,0.05,0
28.33,10141.06,138.96,140.94,-10.83,10.83,0.08,0.08,18.59,0.05,0
28.34,10142.45,138.85,140.83,-10.83,10.83,0.08,0.08,18.59,0.05,0
28.35,10143.83,138.74,140.73,-10.83,10.83,0.09,0.08,18.59,0.05,0
28.36,10145.22,138.64,140.62,-10.82,10.83,0.09,0.08,18.59,0.05,0
28.37,10146.61,138.53,140.51,-10.82,10.83,0.09,0.08,18.59,0.05,0
28.38,10147.99,138.42,140.41,-10.82,10.82,0.09,0.08,18.59,0.05,0
28.39,10149.37,138.31,140.3,-10.82,10.82,0.09,0.08,18.59,0.05,0
28.4,10150.76,138.2,140.19,-10.82,10.82,0.09,0.08,18.59,0.05,0
28.41,10152.14,138.09,140.08,-10.82,10.82,0.09,0.08,18.59,0.05,0
28.42,10153.52,137.99,139.98,-10.82,10.82,0.09,0.08,18.59,0.05,0
28.43,10154.9,137.88,139.87,-10.81,10.82,0.09,0.08,18.59,0.05,0
28.44,10156.28,137.77,139.76,-10.81,10.82,0.1,0.08,18.59,0.05,0
28.45,10157.65,137.66,139.66,-10.81,10.81,0.1,0.08,18.59,0.05,0
28.46,10159.03,137.55,139.55,-10.81,10.81,0.1,0.08,18.59,0.05,0
28.47,10160.4,137.45,139.44,-10.81,10.81,0.1,0.08,18.59,0.05,0
28.48,10161.78,137.34,139.34,-10.81,10.81,0.1,0.08,18.59,0.05,0
28.49,10163.15,137.23,139.23,-10.8,10.81,0.1,0.08,18.59,0.05,0
28.5,10164.52,137.12,139.12,-10.8,10.81,0.1,0.08,18.59,0.05,0
28.51,10165.89,137.01,139.02,-10.8,10.8,0.1,0.08,18.59,0.05,0
28.52,10167.26,136.91,138.91,-10.8,10.8,0.1,0.08,18.59,0.05,0
28.53,10168.63,136.8,138.8,-10.8,10.8,0.1,0.08,18.59,0.05,0
28.54,10170,136.69,138.69,-10.79,10.8,0.1,0.08,18.59,0.05,0
28.55,10171.37,136.58,138.59,-10.79,10.79,0.1,0.08,18.59,0.05,0
28.56,10172.73,136.47,138.48,-10.79,10.79,0.11,0.08,18.59,0.05,0
28.57,10174.09,136.37,138.37,-10.79,10.79,0.11,0.08,18.59,0.05,0
28.58,10175.46,136.26,138.27,-10.78,10.79,0.11,0.08,18.59,0.05,0
28.59,10176.82,136.15,138.16,-10.78,10.78,0.12,0.08,18.59,0.05,0
28.6,10178.18,136.04,138.05,-10.78,10.78,0.13,0.08,18.59,0.05,0
28.61,10179.54,135.93,137.95,-10.77,10.78,0.13,0.08,18.59,0.05,0
28.62,10180.9,135.83,137.84,-10.77,10.78,0.12,0.08,18.59,0.05,0
28.63,10182.26,135.72,137.73,-10.77,10.77,0.12,0.08,18.59,0.05,0
28.64,10183.61,135.61,137.63,-10.77,10.77,0.12,0.08,18.59,0.05,0
28.65,10184.97,135.5,137.52,-10.77,10.77,0.12,0.08,18.59,0.05,0
28.66,10186.32,135.4,137.42,-10.76,10.77,0.12,0.08,18.59,0.05,0
28.67,10187.68,135.29,137.31,-10.76,10.77,0.12,0.08,18.59,0.05,0
28.68,10189.03,135.18,137.2,-10.76,10.76,0.12,0.08,18.59,0.05,0
28.69,10190.38,135.07,137.1,-10.76,10.76,0.12,0.08,18.59,0.05,0
28.7,10191.73,134.97,136.99,-10.76,10.76,0.12,0.08,18.59,0.05,0
28.71,10193.08,134.86,136.88,-10.75,10.76,0.12,0.08,18.59,0.05,0
28.72,10194.43,134.75,136.78,-10.75,10.76,0.11,0.08,18.59,0.05,0
28.73,10195.78,134.64,136.67,-10.75,10.75,0.11,0.08,18.59,0.05,0
28.74,10197.12,134.54,136.56,-10.75,10.75,0.11,0.08,18.59,0.05,0
28.75,10198.47,134.43,136.46,-10.75,10.75,0.11,0.08,18.59,0.05,0
28.76,10199.81,134.32,136.35,-10.75,10.75,0.11,0.08,18.59,0.05,0
28.77,10201.15,134.21,136.24,-10.74,10.75,0.1,0.08,18.59,0.05,0
28.78,10202.49,134.11,136.14,-10.74,10.75,0.09,0.08,18.59,0.05,0
28.79,10203.83,134,136.03,-10.74,10.75,0.08,0.08,18.59,0.05,0
28.8,10205.17,133.89,135.93,-10.74,10.74,0.07,0.08,18.59,0.05,0
28.81,10206.51,133.78,135.82,-10.74,10.74,0.07,0.08,18.59,0.05,0
28.82,10207.85,133.68,135.71,-10.74,10.74,0.07,0.08,18.59,0.05,0
28.83,10209.19,133.57,135.61,-10.74,10.74,0.07,0.08,18.59,0.05,0
28.84,10210.52,133.46,135.5,-10.73,10.74,0.08,0.08,18.59,0.05,0
28.85,10211.86,133.35,135.4,-10.73,10.74,0.08,0.08,18.59,0.05,0
28.86,10213.19,133.25,135.29,-10.73,10.73,0.08,0.08,18.59,0.05,0
28.87,10214.52,133.14,135.18,-10.73,10.73,0.07,0.08,18.59,0.05,0
28.88,10215.85,133.03,135.08,-10.73,10.73,0.07,0.08,18.59,0.05,0
28.89,10217.18,132.92,134.97,-10.73,10.73,0.07,0.08,18.59,0.05,0
28.9,10218.51,132.82,134.86,-10.73,10.73,0.08,0.08,18.59,0.05,0
28.91,10219.84,132.71,134.76,-10.73,10.73,0.08,0.08,18.59,0.05,0
28.92,10221.16,132.6,134.65,-10.73,10.73,0.08,0.08,18.59,0.05,0
28.93,10222.49,132.5,134.55,-10.72,10.73,0.09,0.08,18.59,0.05,0
28.94,10223.81,132.39,134.44,-10.72,10.72,0.09,0.08,18.59,0.05,0
28.95,10225.14,132.28,134.34,-10.72,10.72,0.1,0.08,18.59,0.05,0
28.96,10226.46,132.17,134.23,-10.72,10.72,0.1,0.08,18.59,0.05,0
28.97,10227.78,132.07,134.12,-10.72,10.72,0.11,0.08,18.59,0.05,0
28.98,10229.1,131.96,134.02,-10.72,10.72,0.11,0.08,18.59,0.05,0
28.99,10230.42,131.85,133.91,-10.72,10.72,0.11,0.08,18.59,0.05,0
29,10231.74,131.75,133.81,-10.71,10.72,0.12,0.08,18.59,0.05,0
29.01,10233.05,131.64,133.7,-10.71,10.71,0.12,0.08,18.59,0.05,0
29.02,10234.37,131.53,133.59,-10.71,10.71,0.12,0.08,18.59,0.05,0
29.03,10235.69,131.42,133.49,-10.71,10.71,0.13,0.08,18.59,0.05,0
29.04,10237,131.32,133.38,-10.71,10.71,0.13,0.08,18.59,0.05,0
29.05,10238.31,131.21,133.28,-10.71,10.71,0.13,0.08,18.59,0.05,0
29.06,10239.62,131.1,133.17,-10.7,10.71,0.13,0.08,18.59,0.05,0
29.07,10240.93,131,133.07,-10.7,10.7,0.13,0.08,18.59,0.05,0
29.08,10242.24,130.89,132.96,-10.7,10.7,0.13,0.08,18.59,0.05,0
29.09,10243.55,130.78,132.85,-10.7,10.7,0.13,0.08,18.59,0.05,0
29.1,10244.86,130.67,132.75,-10.7,10.7,0.13,0.08,18.59,0.05,0
29.11,10246.17,130.57,132.64,-10.7,10.7,0.13,0.08,18.59,0.05,0
29.12,10247.47,130.46,132.54,-10.69,10.7,0.13,0.08,18.59,0.05,0
29.13,10248.77,130.35,132.43,-10.69,10.69,0.13,0.08,18.59,0.05,0
29.14,10250.08,130.25,132.33,-10.69,10.69,0.13,0.08,18.59,0.05,0
29.15,10251.38,130.14,132.22,-10.69,10.69,0.13,0.08,18.59,0.05,0
29.16,10252.68,130.03,132.11,-10.69,10.69,0.13,0.08,18.59,0.05,0
29.17,10253.98,129.93,132.01,-10.69,10.69,0.13,0.08,18.59,0.05,0
29.18,10255.28,129.82,131.9,-10.68,10.69,0.13,0.08,18.59,0.05,0
29.19,10256.58,129.71,131.8,-10.68,10.68,0.12,0.08,18.59,0.05,0
29.2,10257.87,129.61,131.69,-10.68,10.68,0.12,0.08,18.59,0.05,0
29.21,10259.17,129.5,131.59,-10.68,10.68,0.12,0.08,18.59,0.05,0
29.22,10260.46,129.39,131.48,-10.68,10.68,0.12,0.08,18.59,0.05,0
29.23,10261.76,129.29,131.38,-10.68,10.68,0.12,0.08,18.59,0.05,0
29.24,10263.05,129.18,131.27,-10.68,10.68,0.12,0.08,18.59,0.05,0
29.25,10264.34,129.07,131.17,-10.67,10.68,0.12,0.08,18.59,0.05,0
29.26,10265.63,128.97,131.06,-10.67,10.67,0.11,0.08,18.59,0.05,0
29.27,10266.92,128.86,130.96,-10.67,10.67,0.1,0.08,18.59,0.05,0
29.28,10268.21,128.75,130.85,-10.67,10.67,0.09,0.08,18.59,0.05,0
29.29,10269.49,128.65,130.74,-10.66,10.66,0.08,0.08,18.59,0.05,0
29.3,10270.78,128.54,130.64,-10.66,10.66,0.08,0.08,18.59,0.05,0
29.31,10272.06,128.43,130.53,-10.66,10.66,0.07,0.08,18.59,0.05,0
29.32,10273.35,128.33,130.43,-10.66,10.66,0.07,0.08,18.59,0.05,0
29.33,10274.63,128.22,130.32,-10.66,10.66,0.06,0.08,18.59,0.05,0
29.34,10275.91,128.11,130.22,-10.66,10.66,0.06,0.08,18.59,0.05,0
29.35,10277.19,128.01,130.11,-10.65,10.66,0.06,0.08,18.59,0.05,0
29.36,10278.47,127.9,130.01,-10.65,10.66,0.06,0.08,18.59,0.05,0
29.37,10279.75,127.79,129.9,-10.65,10.66,0.07,0.08,18.59,0.05,0
29.38,10281.03,127.69,129.8,-10.65,10.65,0.08,0.08,18.59,0.05,0
29.39,10282.31,127.58,129.69,-10.65,10.65,0.09,0.08,18.59,0.05,0
29.4,10283.58,127.47,129.59,-10.65,10.65,0.1,0.08,18.59,0.05,0
29.41,10284.85,127.37,129.48,-10.65,10.65,0.11,0.08,18.59,0.05,0
29.42,10286.13,127.26,129.38,-10.65,10.65,0.11,0.08,18.59,0.05,0
29.43,10287.4,127.15,129.27,-10.65,10.65,0.11,0.08,18.59,0.05,0
29.44,10288.67,127.05,129.17,-10.65,10.65,0.11,0.08,18.59,0.05,0
29.45,10289.94,126.94,129.06,-10.64,10.65,0.11,0.08,18.59,0.05,0
29.46,10291.21,126.83,128.96,-10.64,10.64,0.1,0.08,18.59,0.05,0
29.47,10292.48,126.73,128.85,-10.64,10.64,0.1,0.08,18.59,0.05,0
29.48,10293.74,126.62,128.75,-10.64,10.64,0.1,0.08,18.59,0.05,0
29.49,10295.01,126.52,128.64,-10.64,10.64,0.09,0.08,18.59,0.05,0
29.5,10296.27,126.41,128.54,-10.63,10.64,0.09,0.08,18.59,0.05,0
29.51,10297.54,126.3,128.43,-10.63,10.63,0.09,0.08,18.59,0.05,0
29.52,10298.8,126.2,128.33,-10.63,10.63,0.1,0.08,18.59,0.05,0
29.53,10300.06,126.09,128.22,-10.63,10.63,0.11,0.08,18.59,0.05,0
29.54,10301.32,125.98,128.12,-10.63,10.63,0.11,0.08,18.59,0.05,0
29.55,10302.58,125.88,128.01,-10.63,10.63,0.12,0.08,18.59,0.05,0
29.56,10303.84,125.77,127.91,-10.63,10.63,0.11,0.08,18.59,0.05,0
29.57,10305.1,125.66,127.81,-10.62,10.62,0.1,0.08,18.59,0.05,0
29.58,10306.35,125.56,127.7,-10.62,10.62,0.09,0.08,18.59,0.05,0
29.59,10307.61,125.45,127.6,-10.62,10.62,0.08,0.08,18.59,0.05,0
29.6,10308.86,125.35,127.49,-10.61,10.61,0.08,0.08,18.59,0.05,0
29.61,10310.12,125.24,127.39,-10.61,10.61,0.08,0.08,18.59,0.05,0
29.62,10311.37,125.13,127.28,-10.61,10.61,0.08,0.08,18.59,0.05,0
29.63,10312.62,125.03,127.18,-10.6,10.61,0.09,0.08,18.59,0.05,0
29.64,10313.87,124.92,127.07,-10.6,10.6,0.09,0.08,18.59,0.05,0
29.65,10315.12,124.82,126.97,-10.6,10.6,0.09,0.08,18.59,0.05,0
29.66,10316.36,124.71,126.86,-10.6,10.6,0.1,0.08,18.59,0.05,0
29.67,10317.61,124.6,126.76,-10.6,10.6,0.1,0.08,18.59,0.05,0
29.68,10318.86,124.5,126.65,-10.59,10.6,0.1,0.08,18.59,0.05,0
29.69,10320.1,124.39,126.55,-10.59,10.59,0.11,0.08,18.59,0.05,0
29.7,10321.34,124.29,126.45,-10.59,10.59,0.11,0.08,18.59,0.05,0
29.71,10322.59,124.18,126.34,-10.59,10.59,0.11,0.08,18.59,0.05,0
29.72,10323.83,124.07,126.24,-10.59,10.59,0.1,0.08,18.59,0.05,0
29.73,10325.07,123.97,126.13,-10.59,10.59,0.1,0.08,18.59,0.05,0
29.74,10326.31,123.86,126.03,-10.59,10.59,0.1,0.08,18.59,0.05,0
29.75,10327.55,123.76,125.92,-10.58,10.59,0.1,0.08,18.59,0.05,0
29.76,10328.78,123.65,125.82,-10.58,10.58,0.1,0.08,18.59,0.05,0
29.77,10330.02,123.55,125.71,-10.58,10.58,0.1,0.08,18.59,0.05,0
29.78,10331.25,123.44,125.61,-10.58,10.58,0.09,0.08,18.59,0.05,0
29.79,10332.49,123.33,125.51,-10.58,10.58,0.09,0.08,18.59,0.05,0
29.8,10333.72,123.23,125.4,-10.58,10.58,0.09,0.08,18.59,0.05,0
29.81,10334.95,123.12,125.3,-10.58,10.58,0.09,0.08,18.59,0.05,0
29.82,10336.18,123.02,125.19,-10.57,10.58,0.08,0.08,18.59,0.05,0
29.83,10337.41,122.91,125.09,-10.57,10.58,0.08,0.08,18.59,0.05,0
29.84,10338.64,122.8,124.98,-10.57,10.57,0.08,0.08,18.59,0.05,0
29.85,10339.87,122.7,124.88,-10.57,10.57,0.08,0.08,18.59,0.05,0
29.86,10341.09,122.59,124.78,-10.57,10.57,0.07,0.08,18.59,0.05,0
29.87,10342.32,122.49,124.67,-10.57,10.57,0.07,0.08,18.59,0.05,0
29.88,10343.54,122.38,124.57,-10.56,10.57,0.07,0.08,18.59,0.05,0
29.89,10344.77,122.28,124.46,-10.56,10.56,0.06,0.08,18.59,0.05,0
29.9,10345.99,122.17,124.36,-10.56,10.56,0.06,0.08,18.59,0.05,0
29.91,10347.21,122.07,124.26,-10.56,10.56,0.06,0.08,18.59,0.05,0
29.92,10348.43,121.96,124.15,-10.56,10.56,0.05,0.08,18.59,0.05,0
29.93,10349.65,121.85,124.05,-10.56,10.56,0.05,0.08,18.59,0.05,0
29.94,10350.87,121.75,123.94,-10.56,10.56,0.04,0.08,18.59,0.05,0
29.95,10352.09,121.64,123.84,-10.55,10.56,0.04,0.08,18.59,0.05,0
29.96,10353.3,121.54,123.74,-10.55,10.55,0.03,0.08,18.59,0.05,0
29.97,10354.52,121.43,123.63,-10.55,10.55,0.03,0.08,18.59,0.05,0
29.98,10355.73,121.33,123.53,-10.55,10.55,0.04,0.08,18.59,0.05,0
29.99,10356.94,121.22,123.42,-10.55,10.55,0.04,0.08,18.59,0.05,0
30,10358.15,121.12,123.32,-10.54,10.55,0.05,0.08,18.59,0.05,0
30.01,10359.36,121.01,123.22,-10.54,10.54,0.06,0.08,18.59,0.05,0
30.02,10360.57,120.9,123.11,-10.54,10.54,0.06,0.08,18.59,0.05,0
30.03,10361.78,120.8,123.01,-10.54,10.54,0.07,0.08,18.59,0.05,0
30.04,10362.99,120.69,122.9,-10.54,10.54,0.08,0.08,18.59,0.05,0
30.05,10364.2,120.59,122.8,-10.53,10.54,0.08,0.08,18.59,0.05,0
30.06,10365.4,120.48,122.7,-10.53,10.53,0.08,0.08,18.59,0.05,0
30.07,10366.61,120.38,122.59,-10.53,10.53,0.08,0.08,18.59,0.05,0
30.08,10367.81,120.27,122.49,-10.53,10.53,0.08,0.08,18.59,0.05,0
30.09,10369.01,120.17,122.38,-10.53,10.53,0.08,0.08,18.59,0.05,0
30.1,10370.21,120.06,122.28,-10.53,10.53,0.08,0.07,18.59,0.05,0
30.11,10371.41,119.96,122.18,-10.53,10.53,0.08,0.07,18.59,0.05,0
30.12,10372.61,119.85,122.07,-10.52,10.53,0.09,0.07,18.59,0.05,0
30.13,10373.81,119.75,121.97,-10.52,10.53,0.09,0.07,18.59,0.05,0
30.14,10375.01,119.64,121.87,-10.52,10.52,0.1,0.07,18.59,0.05,0
30.15,10376.2,119.54,121.76,-10.52,10.52,0.11,0.07,18.59,0.05,0
30.16,10377.4,119.43,121.66,-10.52,10.52,0.12,0.07,18.59,0.05,0
30.17,10378.59,119.33,121.56,-10.51,10.52,0.13,0.07,18.59,0.05,0
30.18,10379.78,119.22,121.45,-10.51,10.51,0.15,0.07,18.59,0.05,0
30.19,10380.98,119.12,121.35,-10.51,10.51,0.17,0.07,18.59,0.05,0
30.2,10382.17,119.01,121.24,-10.51,10.51,0.18,0.07,18.59,0.05,0
30.21,10383.36,118.91,121.14,-10.5,10.51,0.19,0.07,18.59,0.05,0
30.22,10384.54,118.8,121.04,-10.5,10.51,0.18,0.07,18.59,0.05,0
30.23,10385.73,118.69,120.93,-10.5,10.51,0.18,0.07,18.59,0.05,0
30.24,10386.92,118.59,120.83,-10.5,10.5,0.18,0.07,18.59,0.05,0
30.25,10388.1,118.48,120.73,-10.5,10.5,0.18,0.07,18.59,0.05,0
30.26,10389.29,118.38,120.62,-10.5,10.5,0.17,0.07,18.59,0.05,0
30.27,10390.47,118.27,120.52,-10.5,10.5,0.16,0.07,18.59,0.05,0
30.28,10391.65,118.17,120.42,-10.5,10.5,0.16,0.07,18.59,0.05,0
30.29,10392.83,118.06,120.31,-10.5,10.5,0.15,0.07,18.59,0.05,0
30.3,10394.01,117.96,120.21,-10.5,10.5,0.14,0.07,18.59,0.05,0
30.31,10395.19,117.85,120.11,-10.5,10.5,0.14,0.07,18.59,0.05,0
30.32,10396.37,117.75,120,-10.5,10.5,0.15,0.07,18.59,0.05,0
30.33,10397.55,117.65,119.9,-10.49,10.5,0.15,0.07,18.59,0.05,0
30.34,10398.72,117.54,119.8,-10.49,10.49,0.16,0.07,18.59,0.05,0
30.35,10399.9,117.44,119.69,-10.49,10.49,0.16,0.07,18.59,0.05,0
30.36,10401.07,117.33,119.59,-10.49,10.49,0.16,0.07,18.59,0.05,0
30.37,10402.25,117.23,119.49,-10.49,10.49,0.17,0.07,18.59,0.05,0
30.38,10403.42,117.12,119.38,-10.49,10.49,0.17,0.07,18.59,0.05,0
30.39,10404.59,117.02,119.28,-10.48,10.49,0.17,0.07,18.59,0.05,0
30.4,10405.76,116.91,119.18,-10.48,10.49,0.17,0.07,18.59,0.05,0
30.41,10406.93,116.81,119.07,-10.48,10.48,0.16,0.07,18.59,0.05,0
30.42,10408.09,116.7,118.97,-10.48,10.48,0.15,0.07,18.59,0.05,0
30.43,10409.26,116.6,118.87,-10.48,10.48,0.14,0.07,18.59,0.05,0
30.44,10410.43,116.49,118.76,-10.48,10.48,0.13,0.07,18.59,0.05,0
30.45,10411.59,116.39,118.66,-10.48,10.48,0.13,0.07,18.59,0.05,0
30.46,10412.75,116.28,118.56,-10.48,10.48,0.12,0.07,18.59,0.05,0
30.47,10413.92,116.18,118.45,-10.48,10.48,0.12,0.07,18.59,0.05,0
30.48,10415.08,116.07,118.35,-10.48,10.48,0.12,0.07,18.59,0.05,0
30.49,10416.24,115.97,118.25,-10.48,10.48,0.12,0.07,18.59,0.05,0
30.5,10417.4,115.86,118.14,-10.48,10.48,0.11,0.07,18.59,0.05,0
30.51,10418.56,115.76,118.04,-10.48,10.48,0.11,0.07,18.59,0.05,0
30.52,10419.71,115.65,117.94,-10.48,10.48,0.11,0.07,18.59,0.05,0
30.53,10420.87,115.55,117.83,-10.48,10.48,0.11,0.07,18.59,0.05,0
30.54,10422.02,115.44,117.73,-10.48,10.48,0.11,0.07,18.59,0.05,0
30.55,10423.18,115.34,117.63,-10.48,10.48,0.11,0.07,18.59,0.05,0
30.56,10424.33,115.23,117.53,-10.47,10.48,0.11,0.07,18.59,0.05,0
30.57,10425.48,115.13,117.42,-10.47,10.47,0.11,0.07,18.59,0.05,0
30.58,10426.63,115.02,117.32,-10.47,10.47,0.11,0.07,18.59,0.05,0
30.59,10427.78,114.92,117.22,-10.47,10.47,0.11,0.07,18.59,0.05,0
30.6,10428.93,114.82,117.11,-10.47,10.47,0.11,0.07,18.59,0.05,0
30.61,10430.08,114.71,117.01,-10.47,10.47,0.12,0.07,18.59,0.05,0
30.62,10431.23,114.61,116.91,-10.47,10.47,0.13,0.07,18.59,0.05,0
30.63,10432.37,114.5,116.81,-10.47,10.47,0.13,0.07,18.59,0.05,0
30.64,10433.52,114.4,116.7,-10.47,10.47,0.14,0.07,18.59,0.05,0
30.65,10434.66,114.29,116.6,-10.47,10.47,0.15,0.07,18.59,0.05,0
30.66,10435.8,114.19,116.5,-10.47,10.47,0.15,0.07,18.59,0.05,0
30.67,10436.94,114.08,116.39,-10.47,10.47,0.13,0.07,18.59,0.05,0
30.68,10438.08,113.98,116.29,-10.46,10.46,0.12,0.07,18.59,0.05,0
30.69,10439.22,113.87,116.19,-10.46,10.46,0.11,0.07,18.59,0.05,0
30.7,10440.36,113.77,116.09,-10.46,10.46,0.1,0.07,18.59,0.05,0
30.71,10441.5,113.66,115.98,-10.46,10.46,0.1,0.07,18.59,0.05,0
30.72,10442.63,113.56,115.88,-10.46,10.46,0.1,0.07,18.59,0.05,0
30.73,10443.77,113.45,115.78,-10.46,10.46,0.09,0.07,18.59,0.05,0
30.74,10444.9,113.35,115.67,-10.45,10.45,0.09,0.07,18.59,0.05,0
30.75,10446.04,113.25,115.57,-10.45,10.45,0.09,0.07,18.59,0.05,0
30.76,10447.17,113.14,115.47,-10.45,10.45,0.09,0.07,18.59,0.05,0
30.77,10448.3,113.04,115.37,-10.45,10.45,0.09,0.07,18.59,0.05,0
30.78,10449.43,112.93,115.26,-10.45,10.45,0.08,0.07,18.59,0.05,0
30.79,10450.56,112.83,115.16,-10.45,10.45,0.08,0.07,18.59,0.05,0
30.8,10451.68,112.72,115.06,-10.45,10.45,0.08,0.07,18.59,0.05,0
30.81,10452.81,112.62,114.96,-10.44,10.44,0.07,0.07,18.59,0.05,0
30.82,10453.94,112.51,114.85,-10.44,10.44,0.05,0.07,18.59,0.05,0
30.83,10455.06,112.41,114.75,-10.44,10.44,0.04,0.07,18.59,0.05,0
30.84,10456.19,112.31,114.65,-10.44,10.44,0.02,0.07,18.59,0.05,0
30.85,10457.31,112.2,114.55,-10.43,10.43,0.01,0.07,18.59,0.05,0
30.86,10458.43,112.1,114.44,-10.43,10.43,0.02,0.07,18.59,0.05,0
30.87,10459.55,111.99,114.34,-10.43,10.43,0.02,0.07,18.59,0.05,0
30.88,10460.67,111.89,114.24,-10.43,10.43,0.02,0.07,18.59,0.05,0
30.89,10461.79,111.78,114.14,-10.43,10.43,0.03,0.07,18.59,0.05,0
30.9,10462.9,111.68,114.03,-10.43,10.43,0.03,0.07,18.59,0.05,0
30.91,10464.02,111.58,113.93,-10.43,10.43,0.03,0.07,18.59,0.05,0
30.92,10465.14,111.47,113.83,-10.42,10.43,0.04,0.07,18.59,0.05,0
30.93,10466.25,111.37,113.73,-10.42,10.42,0.04,0.07,18.59,0.05,0
30.94,10467.36,111.26,113.62,-10.42,10.42,0.04,0.07,18.59,0.05,0
30.95,10468.48,111.16,113.52,-10.42,10.42,0.05,0.07,18.59,0.05,0
30.96,10469.59,111.05,113.42,-10.42,10.42,0.05,0.07,18.59,0.05,0
30.97,10470.7,110.95,113.32,-10.42,10.42,0.05,0.07,18.59,0.05,0
30.98,10471.81,110.85,113.21,-10.41,10.42,0.05,0.07,18.59,0.05,0
30.99,10472.91,110.74,113.11,-10.41,10.41,0.06,0.07,18.59,0.05,0
31,10474.02,110.64,113.01,-10.41,10.41,0.06,0.07,18.59,0.05,0
31.01,10475.13,110.53,112.91,-10.41,10.41,0.06,0.07,18.59,0.05,0
31.02,10476.23,110.43,112.8,-10.41,10.41,0.06,0.07,18.59,0.05,0
31.03,10477.34,110.33,112.7,-10.41,10.41,0.06,0.07,18.59,0.05,0
31.04,10478.44,110.22,112.6,-10.41,10.41,0.06,0.07,18.59,0.05,0
31.05,10479.54,110.12,112.5,-10.41,10.41,0.06,0.07,18.59,0.05,0
31.06,10480.64,110.01,112.4,-10.41,10.41,0.06,0.07,18.59,0.05,0
31.07,10481.74,109.91,112.29,-10.4,10.41,0.07,0.07,18.59,0.05,0
31.08,10482.84,109.81,112.19,-10.4,10.4,0.07,0.07,18.59,0.05,0
31.09,10483.94,109.7,112.09,-10.4,10.4,0.07,0.07,18.59,0.05,0
31.1,10485.03,109.6,111.99,-10.4,10.4,0.07,0.07,18.59,0.05,0
31.11,10486.13,109.49,111.89,-10.4,10.4,0.07,0.07,18.59,0.05,0
31.12,10487.22,109.39,111.78,-10.4,10.4,0.07,0.07,18.59,0.05,0
31.13,10488.32,109.29,111.68,-10.4,10.4,0.07,0.07,18.59,0.05,0
31.14,10489.41,109.18,111.58,-10.4,10.4,0.07,0.07,18.59,0.05,0
31.15,10490.5,109.08,111.48,-10.39,10.4,0.06,0.07,18.59,0.05,0
31.16,10491.59,108.97,111.37,-10.39,10.39,0.06,0.07,18.59,0.05,0
31.17,10492.68,108.87,111.27,-10.39,10.39,0.06,0.07,18.59,0.05,0
31.18,10493.77,108.77,111.17,-10.39,10.39,0.06,0.07,18.59,0.05,0
31.19,10494.85,108.66,111.07,-10.39,10.39,0.06,0.07,18.59,0.05,0
31.2,10495.94,108.56,110.97,-10.39,10.39,0.06,0.07,18.59,0.05,0
31.21,10497.03,108.45,110.86,-10.39,10.39,0.06,0.07,18.59,0.05,0
31.22,10498.11,108.35,110.76,-10.39,10.39,0.06,0.07,18.59,0.05,0
31.23,10499.19,108.25,110.66,-10.39,10.39,0.05,0.07,18.59,0.05,0
31.24,10500.27,108.14,110.56,-10.38,10.39,0.05,0.07,18.59,0.05,0
31.25,10501.36,108.04,110.46,-10.38,10.38,0.05,0.07,18.59,0.05,0
31.26,10502.44,107.93,110.36,-10.38,10.38,0.05,0.07,18.59,0.05,0
31.27,10503.51,107.83,110.25,-10.38,10.38,0.05,0.07,18.59,0.05,0
31.28,10504.59,107.73,110.15,-10.38,10.38,0.05,0.07,18.59,0.05,0
31.29,10505.67,107.62,110.05,-10.38,10.38,0.05,0.07,18.59,0.05,0
31.3,10506.74,107.52,109.95,-10.38,10.38,0.05,0.07,18.59,0.05,0
31.31,10507.82,107.42,109.85,-10.38,10.38,0.06,0.07,18.59,0.05,0
31.32,10508.89,107.31,109.74,-10.38,10.38,0.06,0.07,18.59,0.05,0
31.33,10509.96,107.21,109.64,-10.38,10.38,0.06,0.07,18.59,0.05,0
31.34,10511.04,107.1,109.54,-10.38,10.38,0.06,0.07,18.59,0.05,0
31.35,10512.11,107,109.44,-10.38,10.38,0.07,0.07,18.59,0.05,0
31.36,10513.18,106.9,109.34,-10.37,10.38,0.07,0.07,18.59,0.05,0
31.37,10514.25,106.79,109.24,-10.37,10.37,0.08,0.07,18.59,0.05,0
31.38,10515.31,106.69,109.13,-10.37,10.37,0.09,0.07,18.59,0.05,0
31.39,10516.38,106.59,109.03,-10.37,10.37,0.09,0.07,18.59,0.05,0
31.4,10517.44,106.48,108.93,-10.37,10.37,0.1,0.07,18.59,0.05,0
31.41,10518.51,106.38,108.83,-10.37,10.37,0.1,0.07,18.59,0.05,0
31.42,10519.57,106.27,108.73,-10.37,10.37,0.09,0.07,18.59,0.05,0
31.43,10520.63,106.17,108.63,-10.37,10.37,0.09,0.07,18.59,0.05,0
31.44,10521.7,106.07,108.52,-10.37,10.37,0.08,0.07,18.59,0.05,0
31.45,10522.76,105.96,108.42,-10.36,10.36,0.07,0.07,18.59,0.05,0
31.46,10523.81,105.86,108.32,-10.36,10.36,0.07,0.07,18.59,0.05,0
31.47,10524.87,105.76,108.22,-10.36,10.36,0.08,0.07,18.59,0.05,0
31.48,10525.93,105.65,108.12,-10.36,10.36,0.08,0.07,18.59,0.05,0
31.49,10526.99,105.55,108.02,-10.36,10.36,0.08,0.07,18.59,0.05,0
31.5,10528.04,105.45,107.92,-10.36,10.36,0.08,0.07,18.59,0.05,0
31.51,10529.09,105.34,107.81,-10.36,10.36,0.09,0.07,18.59,0.05,0
31.52,10530.15,105.24,107.71,-10.36,10.36,0.1,0.07,18.59,0.05,0
31.53,10531.2,105.13,107.61,-10.36,10.36,0.11,0.07,18.59,0.05,0
31.54,10532.25,105.03,107.51,-10.36,10.36,0.11,0.07,18.59,0.05,0
31.55,10533.3,104.93,107.41,-10.35,10.36,0.12,0.07,18.59,0.05,0
31.56,10534.35,104.82,107.31,-10.35,10.35,0.12,0.07,18.59,0.05,0
31.57,10535.4,104.72,107.21,-10.35,10.35,0.12,0.07,18.59,0.05,0
31.58,10536.44,104.62,107.1,-10.35,10.35,0.12,0.07,18.59,0.05,0
31.59,10537.49,104.51,107,-10.35,10.35,0.12,0.07,18.59,0.05,0
31.6,10538.53,104.41,106.9,-10.35,10.35,0.12,0.07,18.59,0.05,0
31.61,10539.58,104.31,106.8,-10.35,10.35,0.11,0.07,18.59,0.05,0
31.62,10540.62,104.2,106.7,-10.34,10.34,0.1,0.07,18.59,0.05,0
31.63,10541.66,104.1,106.6,-10.34,10.34,0.09,0.07,18.59,0.05,0
31.64,10542.7,104,106.5,-10.34,10.34,0.09,0.07,18.59,0.05,0
31.65,10543.74,103.89,106.39,-10.34,10.34,0.09,0.07,18.59,0.05,0
31.66,10544.78,103.79,106.29,-10.33,10.34,0.09,0.07,18.59,0.05,0
31.67,10545.82,103.69,106.19,-10.33,10.33,0.09,0.07,18.59,0.05,0
31.68,10546.85,103.58,106.09,-10.33,10.33,0.09,0.07,18.59,0.05,0
31.69,10547.89,103.48,105.99,-10.33,10.33,0.1,0.07,18.59,0.05,0
31.7,10548.92,103.38,105.89,-10.33,10.33,0.1,0.07,18.59,0.05,0
31.71,10549.96,103.27,105.79,-10.33,10.33,0.1,0.07,18.59,0.05,0
31.72,10550.99,103.17,105.69,-10.33,10.33,0.1,0.07,18.59,0.05,0
31.73,10552.02,103.07,105.59,-10.33,10.33,0.1,0.07,18.59,0.05,0
31.74,10553.05,102.96,105.48,-10.33,10.33,0.1,0.07,18.59,0.05,0
31.75,10554.08,102.86,105.38,-10.32,10.33,0.1,0.07,18.59,0.05,0
31.76,10555.11,102.76,105.28,-10.32,10.32,0.1,0.07,18.59,0.05,0
31.77,10556.13,102.65,105.18,-10.32,10.32,0.11,0.07,18.59,0.05,0
31.78,10557.16,102.55,105.08,-10.32,10.32,0.11,0.07,18.59,0.05,0
31.79,10558.18,102.45,104.98,-10.32,10.32,0.11,0.07,18.59,0.05,0
31.8,10559.21,102.34,104.88,-10.32,10.32,0.11,0.07,18.59,0.05,0
31.81,10560.23,102.24,104.78,-10.32,10.32,0.11,0.07,18.59,0.05,0
31.82,10561.25,102.14,104.68,-10.32,10.32,0.11,0.07,18.59,0.05,0
31.83,10562.27,102.03,104.57,-10.32,10.32,0.11,0.07,18.59,0.05,0
31.84,10563.29,101.93,104.47,-10.31,10.31,0.11,0.07,18.59,0.05,0
31.85,10564.31,101.83,104.37,-10.31,10.31,0.11,0.07,18.59,0.05,0
31.86,10565.33,101.72,104.27,-10.31,10.31,0.11,0.07,18.59,0.05,0
31.87,10566.35,101.62,104.17,-10.31,10.31,0.11,0.07,18.59,0.05,0
31.88,10567.36,101.52,104.07,-10.31,10.31,0.11,0.07,18.59,0.05,0
31.89,10568.38,101.42,103.97,-10.31,10.31,0.12,0.07,18.59,0.05,0
31.9,10569.39,101.31,103.87,-10.31,10.31,0.13,0.07,18.59,0.05,0
31.91,10570.4,101.21,103.77,-10.31,10.31,0.13,0.07,18.59,0.05,0
31.92,10571.42,101.11,103.67,-10.31,10.31,0.12,0.07,18.59,0.05,0
31.93,10572.43,101,103.57,-10.31,10.31,0.11,0.07,18.59,0.05,0
31.94,10573.44,100.9,103.46,-10.31,10.31,0.11,0.07,18.59,0.05,0
31.95,10574.44,100.8,103.36,-10.3,10.3,0.1,0.07,18.59,0.05,0
31.96,10575.45,100.69,103.26,-10.3,10.3,0.1,0.07,18.59,0.05,0
31.97,10576.46,100.59,103.16,-10.3,10.3,0.09,0.06,18.59,0.05,0
31.98,10577.46,100.49,103.06,-10.3,10.3,0.09,0.06,18.59,0.05,0
31.99,10578.47,100.38,102.96,-10.3,10.3,0.09,0.06,18.59,0.05,0
32,10579.47,100.28,102.86,-10.29,10.3,0.08,0.06,18.59,0.05,0
32.01,10580.47,100.18,102.76,-10.29,10.29,0.08,0.06,18.59,0.05,0
32.02,10581.47,100.08,102.66,-10.29,10.29,0.09,0.06,18.59,0.05,0
32.03,10582.47,99.97,102.56,-10.29,10.29,0.1,0.06,18.59,0.05,0
32.04,10583.47,99.87,102.46,-10.28,10.29,0.11,0.06,18.59,0.05,0
32.05,10584.47,99.77,102.36,-10.28,10.28,0.13,0.06,18.59,0.05,0
32.06,10585.47,99.66,102.26,-10.28,10.28,0.15,0.06,18.59,0.05,0
32.07,10586.47,99.56,102.16,-10.28,10.28,0.17,0.06,18.59,0.05,0
32.08,10587.46,99.46,102.06,-10.27,10.28,0.19,0.06,18.59,0.05,0
32.09,10588.45,99.36,101.95,-10.27,10.27,0.21,0.06,18.59,0.05,0
32.1,10589.45,99.25,101.85,-10.27,10.27,0.23,0.06,18.59,0.05,0
32.11,10590.44,99.15,101.75,-10.27,10.27,0.25,0.06,18.59,0.05,0
32.12,10591.43,99.05,101.65,-10.26,10.27,0.27,0.06,18.59,0.05,0
32.13,10592.42,98.95,101.55,-10.26,10.26,0.29,0.06,18.59,0.05,0
32.14,10593.41,98.84,101.45,-10.26,10.26,0.31,0.06,18.59,0.05,0
32.15,10594.4,98.74,101.35,-10.26,10.26,0.33,0.06,18.59,0.05,0
32.16,10595.38,98.64,101.25,-10.26,10.26,0.34,0.06,18.59,0.05,0
32.17,10596.37,98.54,101.15,-10.26,10.26,0.33,0.06,18.59,0.05,0
32.18,10597.36,98.43,101.05,-10.26,10.26,0.32,0.06,18.59,0.05,0
32.19,10598.34,98.33,100.95,-10.25,10.26,0.3,0.06,18.59,0.05,0
32.2,10599.32,98.23,100.85,-10.25,10.26,0.29,0.06,18.59,0.05,0
32.21,10600.3,98.13,100.75,-10.25,10.26,0.29,0.06,18.59,0.05,0
32.22,10601.28,98.02,100.65,-10.25,10.25,0.29,0.06,18.59,0.05,0
32.23,10602.26,97.92,100.55,-10.25,10.25,0.29,0.06,18.59,0.05,0
32.24,10603.24,97.82,100.45,-10.25,10.25,0.29,0.06,18.59,0.05,0
32.25,10604.22,97.72,100.35,-10.25,10.25,0.28,0.06,18.59,0.05,0
32.26,10605.2,97.61,100.25,-10.25,10.25,0.29,0.06,18.59,0.05,0
32.27,10606.17,97.51,100.15,-10.25,10.25,0.3,0.06,18.59,0.05,0
32.28,10607.15,97.41,100.05,-10.25,10.25,0.31,0.06,18.59,0.05,0
32.29,10608.12,97.31,99.95,-10.24,10.25,0.31,0.06,18.59,0.05,0
32.3,10609.09,97.2,99.85,-10.24,10.24,0.32,0.06,18.59,0.05,0
32.31,10610.06,97.1,99.75,-10.24,10.24,0.31,0.06,18.59,0.05,0
32.32,10611.04,97,99.65,-10.24,10.24,0.3,0.06,18.59,0.05,0
32.33,10612,96.9,99.55,-10.24,10.24,0.28,0.06,18.59,0.05,0
32.34,10612.97,96.79,99.45,-10.24,10.24,0.26,0.06,18.59,0.05,0
32.35,10613.94,96.69,99.35,-10.24,10.24,0.25,0.06,18.59,0.05,0
32.36,10614.91,96.59,99.25,-10.24,10.24,0.24,0.06,18.59,0.05,0
32.37,10615.87,96.49,99.15,-10.24,10.24,0.23,0.06,18.59,0.05,0
32.38,10616.84,96.38,99.05,-10.24,10.24,0.23,0.06,18.59,0.05,0
32.39,10617.8,96.28,98.95,-10.24,10.24,0.22,0.06,18.59,0.05,0
32.4,10618.76,96.18,98.85,-10.24,10.24,0.21,0.06,18.59,0.05,0
32.41,10619.72,96.08,98.75,-10.24,10.24,0.2,0.06,18.59,0.05,0
32.42,10620.68,95.97,98.65,-10.24,10.24,0.19,0.06,18.59,0.05,0
32.43,10621.64,95.87,98.55,-10.24,10.24,0.18,0.06,18.59,0.05,0
32.44,10622.6,95.77,98.45,-10.24,10.24,0.17,0.06,18.59,0.05,0
32.45,10623.56,95.67,98.35,-10.24,10.24,0.15,0.06,18.59,0.05,0
32.46,10624.51,95.56,98.25,-10.24,10.24,0.14,0.06,18.59,0.05,0
32.47,10625.47,95.46,98.15,-10.24,10.24,0.13,0.06,18.59,0.05,0
32.48,10626.42,95.36,98.05,-10.24,10.24,0.12,0.06,18.59,0.05,0
32.49,10627.38,95.26,97.95,-10.24,10.24,0.11,0.06,18.59,0.05,0
32.5,10628.33,95.16,97.85,-10.24,10.24,0.1,0.06,18.59,0.05,0
32.51,10629.28,95.05,97.75,-10.24,10.24,0.09,0.06,18.59,0.05,0
32.52,10630.23,94.95,97.65,-10.24,10.24,0.08,0.06,18.59,0.05,0
32.53,10631.18,94.85,97.55,-10.24,10.24,0.06,0.06,18.59,0.05,0
32.54,10632.13,94.75,97.45,-10.24,10.24,0.05,0.06,18.59,0.05,0
32.55,10633.07,94.64,97.35,-10.24,10.24,0.05,0.06,18.59,0.05,0
32.56,10634.02,94.54,97.25,-10.24,10.24,0.05,0.06,18.59,0.05,0
32.57,10634.96,94.44,97.15,-10.23,10.24,0.05,0.06,18.59,0.05,0
32.58,10635.91,94.34,97.05,-10.23,10.23,0.05,0.06,18.59,0.05,0
32.59,10636.85,94.23,96.95,-10.23,10.23,0.05,0.06,18.59,0.05,0
32.6,10637.79,94.13,96.85,-10.23,10.23,0.04,0.06,18.59,0.05,0
32.61,10638.73,94.03,96.75,-10.23,10.23,0.04,0.06,18.59,0.05,0
32.62,10639.67,93.93,96.65,-10.23,10.23,0.04,0.06,18.59,0.05,0
32.63,10640.61,93.82,96.55,-10.23,10.23,0.04,0.06,18.59,0.05,0
32.64,10641.55,93.72,96.45,-10.23,10.23,0.04,0.06,18.59,0.05,0
32.65,10642.49,93.62,96.35,-10.23,10.23,0.05,0.06,18.59,0.05,0
32.66,10643.42,93.52,96.25,-10.22,10.23,0.04,0.06,18.59,0.05,0
32.67,10644.36,93.42,96.15,-10.22,10.23,0.03,0.06,18.59,0.05,0
32.68,10645.29,93.31,96.05,-10.22,10.23,0.03,0.06,18.59,0.05,0
32.69,10646.22,93.21,95.95,-10.23,10.23,0.04,0.06,18.59,0.05,0
32.7,10647.16,93.11,95.85,-10.23,10.23,0.06,0.06,18.59,0.05,0
32.71,10648.09,93.01,95.75,-10.22,10.23,0.06,0.06,18.59,0.05,0
32.72,10649.02,92.9,95.65,-10.22,10.22,0.06,0.06,18.59,0.05,0
32.73,10649.94,92.8,95.55,-10.22,10.22,0.06,0.06,18.59,0.05,0
32.74,10650.87,92.7,95.45,-10.22,10.22,0.05,0.06,18.59,0.05,0
32.75,10651.8,92.6,95.35,-10.22,10.22,0.05,0.06,18.59,0.05,0
32.76,10652.72,92.5,95.25,-10.22,10.22,0.06,0.06,18.59,0.05,0
32.77,10653.65,92.39,95.15,-10.22,10.22,0.07,0.06,18.59,0.05,0
32.78,10654.57,92.29,95.05,-10.22,10.22,0.08,0.06,18.59,0.05,0
32.79,10655.49,92.19,94.95,-10.22,10.22,0.09,0.06,18.59,0.05,0
32.8,10656.42,92.09,94.85,-10.22,10.22,0.1,0.06,18.59,0.05,0
32.81,10657.34,91.98,94.76,-10.22,10.22,0.12,0.06,18.59,0.05,0
32.82,10658.25,91.88,94.66,-10.22,10.22,0.15,0.06,18.59,0.05,0
32.83,10659.17,91.78,94.56,-10.22,10.22,0.17,0.06,18.59,0.05,0
32.84,10660.09,91.68,94.46,-10.22,10.22,0.19,0.06,18.59,0.05,0
32.85,10661.01,91.58,94.36,-10.22,10.22,0.22,0.06,18.59,0.05,0
32.86,10661.92,91.47,94.26,-10.22,10.22,0.23,0.06,18.59,0.05,0
32.87,10662.84,91.37,94.16,-10.22,10.22,0.24,0.06,18.59,0.05,0
32.88,10663.75,91.27,94.06,-10.22,10.22,0.25,0.06,18.59,0.05,0
32.89,10664.66,91.17,93.96,-10.22,10.22,0.26,0.06,18.59,0.05,0
32.9,10665.57,91.06,93.86,-10.22,10.22,0.27,0.06,18.59,0.05,0
32.91,10666.48,90.96,93.76,-10.22,10.22,0.28,0.06,18.59,0.05,0
32.92,10667.39,90.86,93.66,-10.22,10.22,0.27,0.06,18.59,0.05,0
32.93,10668.3,90.76,93.56,-10.22,10.22,0.27,0.06,18.59,0.05,0
32.94,10669.21,90.66,93.46,-10.21,10.21,0.26,0.06,18.59,0.05,0
32.95,10670.11,90.55,93.36,-10.21,10.21,0.26,0.06,18.59,0.05,0
32.96,10671.02,90.45,93.27,-10.21,10.21,0.26,0.06,18.59,0.05,0
32.97,10671.92,90.35,93.17,-10.21,10.21,0.27,0.06,18.59,0.05,0
32.98,10672.83,90.25,93.07,-10.21,10.21,0.28,0.06,18.59,0.05,0
32.99,10673.73,90.15,92.97,-10.21,10.21,0.29,0.06,18.59,0.05,0
33,10674.63,90.04,92.87,-10.21,10.21,0.3,0.06,18.59,0.05,0
33.01,10675.53,89.94,92.77,-10.21,10.21,0.3,0.06,18.59,0.05,0
33.02,10676.43,89.84,92.67,-10.21,10.21,0.29,0.06,18.59,0.05,0
33.03,10677.32,89.74,92.57,-10.21,10.21,0.29,0.06,18.59,0.05,0
33.04,10678.22,89.64,92.47,-10.2,10.21,0.28,0.06,18.59,0.05,0
33.05,10679.12,89.53,92.37,-10.2,10.2,0.27,0.06,18.59,0.05,0
33.06,10680.01,89.43,92.27,-10.2,10.2,0.26,0.06,18.59,0.05,0
33.07,10680.91,89.33,92.17,-10.2,10.2,0.25,0.06,18.59,0.05,0
33.08,10681.8,89.23,92.08,-10.2,10.2,0.23,0.06,18.59,0.05,0
33.09,10682.69,89.13,91.98,-10.2,10.2,0.22,0.06,18.59,0.05,0
33.1,10683.58,89.02,91.88,-10.19,10.19,0.2,0.06,18.59,0.05,0
33.11,10684.47,88.92,91.78,-10.19,10.19,0.2,0.06,18.59,0.05,0
33.12,10685.36,88.82,91.68,-10.19,10.19,0.19,0.06,18.59,0.05,0
33.13,10686.25,88.72,91.58,-10.19,10.19,0.19,0.06,18.59,0.05,0
33.14,10687.13,88.62,91.48,-10.19,10.19,0.18,0.06,18.59,0.05,0
33.15,10688.02,88.51,91.38,-10.19,10.19,0.18,0.06,18.59,0.05,0
33.16,10688.9,88.41,91.28,-10.19,10.19,0.18,0.06,18.59,0.05,0
33.17,10689.79,88.31,91.19,-10.19,10.19,0.19,0.06,18.59,0.05,0
33.18,10690.67,88.21,91.09,-10.18,10.19,0.2,0.06,18.59,0.05,0
33.19,10691.55,88.11,90.99,-10.18,10.19,0.21,0.06,18.59,0.05,0
33.2,10692.43,88,90.89,-10.18,10.18,0.22,0.06,18.59,0.05,0
33.21,10693.31,87.9,90.79,-10.18,10.18,0.22,0.06,18.59,0.05,0
33.22,10694.19,87.8,90.69,-10.18,10.18,0.22,0.06,18.59,0.05,0
33.23,10695.07,87.7,90.59,-10.18,10.18,0.22,0.06,18.59,0.05,0
33.24,10695.94,87.6,90.49,-10.18,10.18,0.21,0.06,18.59,0.05,0
33.25,10696.82,87.5,90.39,-10.18,10.18,0.21,0.06,18.59,0.05,0
33.26,10697.69,87.39,90.3,-10.18,10.18,0.2,0.06,18.59,0.05,0
33.27,10698.57,87.29,90.2,-10.17,10.17,0.19,0.06,18.59,0.05,0
33.28,10699.44,87.19,90.1,-10.17,10.17,0.18,0.06,18.59,0.05,0
33.29,10700.31,87.09,90,-10.17,10.17,0.17,0.06,18.59,0.05,0
33.3,10701.18,86.99,89.9,-10.17,10.17,0.16,0.06,18.59,0.05,0
33.31,10702.05,86.88,89.8,-10.17,10.17,0.16,0.06,18.59,0.05,0
33.32,10702.92,86.78,89.7,-10.17,10.17,0.15,0.06,18.59,0.05,0
33.33,10703.79,86.68,89.61,-10.16,10.17,0.15,0.06,18.59,0.05,0
33.34,10704.65,86.58,89.51,-10.16,10.16,0.15,0.06,18.59,0.05,0
33.35,10705.52,86.48,89.41,-10.16,10.16,0.15,0.06,18.59,0.05,0
33.36,10706.38,86.38,89.31,-10.16,10.16,0.15,0.06,18.59,0.05,0
33.37,10707.25,86.28,89.21,-10.16,10.16,0.14,0.06,18.59,0.05,0
33.38,10708.11,86.17,89.11,-10.16,10.16,0.14,0.06,18.59,0.05,0
33.39,10708.97,86.07,89.01,-10.16,10.16,0.14,0.06,18.59,0.05,0
33.4,10709.83,85.97,88.92,-10.16,10.16,0.14,0.06,18.59,0.05,0
33.41,10710.69,85.87,88.82,-10.15,10.16,0.14,0.06,18.59,0.05,0
33.42,10711.55,85.77,88.72,-10.15,10.15,0.14,0.06,18.59,0.05,0
33.43,10712.4,85.67,88.62,-10.15,10.15,0.14,0.06,18.59,0.05,0
33.44,10713.26,85.56,88.52,-10.15,10.15,0.13,0.06,18.59,0.05,0
33.45,10714.12,85.46,88.42,-10.15,10.15,0.13,0.06,18.59,0.05,0
33.46,10714.97,85.36,88.32,-10.15,10.15,0.13,0.06,18.59,0.05,0
33.47,10715.82,85.26,88.23,-10.15,10.15,0.13,0.06,18.59,0.05,0
33.48,10716.68,85.16,88.13,-10.15,10.15,0.13,0.06,18.59,0.05,0
33.49,10717.53,85.06,88.03,-10.15,10.15,0.13,0.06,18.59,0.05,0
33.5,10718.38,84.96,87.93,-10.14,10.15,0.13,0.06,18.59,0.05,0
33.51,10719.23,84.85,87.83,-10.14,10.14,0.12,0.06,18.59,0.05,0
33.52,10720.07,84.75,87.73,-10.14,10.14,0.12,0.06,18.59,0.05,0
33.53,10720.92,84.65,87.64,-10.14,10.14,0.12,0.06,18.59,0.05,0
33.54,10721.77,84.55,87.54,-10.14,10.14,0.11,0.06,18.59,0.05,0
33.55,10722.61,84.45,87.44,-10.14,10.14,0.11,0.06,18.59,0.05,0
33.56,10723.46,84.35,87.34,-10.14,10.14,0.11,0.06,18.59,0.05,0
33.57,10724.3,84.25,87.24,-10.14,10.14,0.11,0.06,18.59,0.05,0
33.58,10725.14,84.14,87.14,-10.14,10.14,0.11,0.06,18.59,0.05,0
33.59,10725.98,84.04,87.05,-10.13,10.14,0.12,0.06,18.59,0.05,0
33.6,10726.82,83.94,86.95,-10.13,10.13,0.12,0.06,18.59,0.05,0
33.61,10727.66,83.84,86.85,-10.13,10.13,0.13,0.06,18.59,0.05,0
33.62,10728.5,83.74,86.75,-10.13,10.13,0.13,0.06,18.59,0.05,0
33.63,10729.34,83.64,86.65,-10.13,10.13,0.14,0.06,18.59,0.05,0
33.64,10730.17,83.54,86.56,-10.13,10.13,0.15,0.06,18.59,0.05,0
33.65,10731.01,83.43,86.46,-10.13,10.13,0.16,0.06,18.59,0.05,0
33.66,10731.84,83.33,86.36,-10.12,10.13,0.17,0.06,18.59,0.05,0
33.67,10732.67,83.23,86.26,-10.12,10.12,0.18,0.06,18.59,0.05,0
33.68,10733.5,83.13,86.16,-10.12,10.12,0.19,0.06,18.59,0.05,0
33.69,10734.34,83.03,86.07,-10.12,10.12,0.2,0.06,18.59,0.05,0
33.7,10735.16,82.93,85.97,-10.12,10.12,0.21,0.06,18.59,0.05,0
33.71,10735.99,82.83,85.87,-10.12,10.12,0.22,0.06,18.59,0.05,0
33.72,10736.82,82.73,85.77,-10.12,10.12,0.22,0.06,18.59,0.05,0
33.73,10737.65,82.63,85.67,-10.11,10.12,0.22,0.06,18.59,0.05,0
33.74,10738.47,82.52,85.58,-10.11,10.11,0.23,0.06,18.59,0.05,0
33.75,10739.3,82.42,85.48,-10.11,10.11,0.23,0.06,18.59,0.05,0
33.76,10740.12,82.32,85.38,-10.11,10.11,0.24,0.06,18.59,0.05,0
33.77,10740.95,82.22,85.28,-10.11,10.11,0.24,0.06,18.59,0.05,0
33.78,10741.77,82.12,85.18,-10.11,10.11,0.25,0.05,18.59,0.05,0
33.79,10742.59,82.02,85.09,-10.11,10.11,0.26,0.05,18.59,0.05,0
33.8,10743.41,81.92,84.99,-10.11,10.11,0.27,0.05,18.59,0.05,0
33.81,10744.23,81.82,84.89,-10.1,10.11,0.29,0.05,18.59,0.05,0
33.82,10745.04,81.72,84.79,-10.1,10.1,0.3,0.05,18.59,0.05,0
33.83,10745.86,81.61,84.69,-10.1,10.1,0.32,0.05,18.59,0.05,0
33.84,10746.68,81.51,84.6,-10.1,10.1,0.33,0.05,18.59,0.05,0
33.85,10747.49,81.41,84.5,-10.1,10.1,0.35,0.05,18.59,0.05,0
33.86,10748.3,81.31,84.4,-10.1,10.1,0.34,0.05,18.59,0.05,0
33.87,10749.12,81.21,84.3,-10.1,10.1,0.32,0.05,18.59,0.05,0
33.88,10749.93,81.11,84.21,-10.1,10.1,0.29,0.05,18.59,0.05,0
33.89,10750.74,81.01,84.11,-10.1,10.1,0.27,0.05,18.59,0.05,0
33.9,10751.55,80.91,84.01,-10.1,10.1,0.25,0.05,18.59,0.05,0
33.91,10752.36,80.81,83.91,-10.1,10.1,0.25,0.05,18.59,0.05,0
33.92,10753.16,80.71,83.81,-10.1,10.1,0.26,0.05,18.59,0.05,0
33.93,10753.97,80.6,83.72,-10.09,10.1,0.28,0.05,18.59,0.05,0
33.94,10754.78,80.5,83.62,-10.09,10.09,0.29,0.05,18.59,0.05,0
33.95,10755.58,80.4,83.52,-10.09,10.09,0.3,0.05,18.59,0.05,0
33.96,10756.38,80.3,83.42,-10.09,10.09,0.3,0.05,18.59,0.05,0
33.97,10757.19,80.2,83.33,-10.09,10.09,0.29,0.05,18.59,0.05,0
33.98,10757.99,80.1,83.23,-10.09,10.09,0.28,0.05,18.59,0.05,0
33.99,10758.79,80,83.13,-10.09,10.09,0.27,0.05,18.59,0.05,0
34,10759.59,79.9,83.03,-10.09,10.09,0.27,0.05,18.59,0.05,0
34.01,10760.39,79.8,82.94,-10.09,10.09,0.27,0.05,18.59,0.05,0
34.02,10761.18,79.7,82.84,-10.09,10.09,0.27,0.05,18.59,0.05,0
34.03,10761.98,79.6,82.74,-10.09,10.09,0.28,0.05,18.59,0.05,0
34.04,10762.78,79.49,82.64,-10.09,10.09,0.28,0.05,18.59,0.05,0
34.05,10763.57,79.39,82.55,-10.08,10.09,0.29,0.05,18.59,0.05,0
34.06,10764.36,79.29,82.45,-10.08,10.09,0.28,0.05,18.59,0.05,0
34.07,10765.16,79.19,82.35,-10.08,10.09,0.27,0.05,18.59,0.05,0
34.08,10765.95,79.09,82.25,-10.08,10.08,0.26,0.05,18.59,0.05,0
34.09,10766.74,78.99,82.16,-10.08,10.08,0.26,0.05,18.59,0.05,0
34.1,10767.53,78.89,82.06,-10.08,10.08,0.25,0.05,18.59,0.05,0
34.11,10768.32,78.79,81.96,-10.08,10.08,0.23,0.05,18.59,0.05,0
34.12,10769.1,78.69,81.87,-10.08,10.08,0.21,0.05,18.59,0.05,0
34.13,10769.89,78.59,81.77,-10.08,10.08,0.19,0.05,18.59,0.05,0
34.14,10770.68,78.49,81.67,-10.08,10.08,0.17,0.05,18.59,0.05,0
34.15,10771.46,78.39,81.57,-10.08,10.08,0.15,0.05,18.59,0.05,0
34.16,10772.24,78.28,81.48,-10.08,10.08,0.15,0.05,18.59,0.05,0
34.17,10773.03,78.18,81.38,-10.08,10.08,0.18,0.05,18.59,0.05,0
34.18,10773.81,78.08,81.28,-10.08,10.08,0.2,0.05,18.59,0.05,0
34.19,10774.59,77.98,81.18,-10.08,10.08,0.22,0.05,18.59,0.05,0
34.2,10775.37,77.88,81.09,-10.08,10.08,0.24,0.05,18.59,0.05,0
34.21,10776.15,77.78,80.99,-10.07,10.07,0.25,0.05,18.59,0.05,0
34.22,10776.92,77.68,80.89,-10.07,10.07,0.25,0.05,18.59,0.05,0
34.23,10777.7,77.58,80.8,-10.07,10.07,0.25,0.05,18.59,0.05,0
34.24,10778.47,77.48,80.7,-10.07,10.07,0.25,0.05,18.59,0.05,0
34.25,10779.25,77.38,80.6,-10.07,10.07,0.25,0.05,18.59,0.05,0
34.26,10780.02,77.28,80.5,-10.07,10.07,0.25,0.05,18.59,0.05,0
34.27,10780.79,77.18,80.41,-10.07,10.07,0.26,0.05,18.59,0.05,0
34.28,10781.57,77.08,80.31,-10.07,10.07,0.27,0.05,18.59,0.05,0
34.29,10782.34,76.98,80.21,-10.07,10.07,0.28,0.05,18.59,0.05,0
34.3,10783.1,76.87,80.12,-10.06,10.07,0.29,0.05,18.59,0.05,0
34.31,10783.87,76.77,80.02,-10.06,10.07,0.29,0.05,18.59,0.05,0
34.32,10784.64,76.67,79.92,-10.06,10.06,0.29,0.05,18.59,0.05,0
34.33,10785.41,76.57,79.83,-10.06,10.06,0.29,0.05,18.59,0.05,0
34.34,10786.17,76.47,79.73,-10.06,10.06,0.29,0.05,18.59,0.05,0
34.35,10786.94,76.37,79.63,-10.06,10.06,0.29,0.05,18.59,0.05,0
34.36,10787.7,76.27,79.53,-10.06,10.06,0.29,0.05,18.59,0.05,0
34.37,10788.46,76.17,79.44,-10.06,10.06,0.29,0.05,18.59,0.05,0
34.38,10789.22,76.07,79.34,-10.06,10.06,0.29,0.05,18.59,0.05,0
34.39,10789.98,75.97,79.24,-10.06,10.06,0.29,0.05,18.59,0.05,0
34.4,10790.74,75.87,79.15,-10.06,10.06,0.29,0.05,18.59,0.05,0
34.41,10791.5,75.77,79.05,-10.06,10.06,0.29,0.05,18.59,0.05,0
34.42,10792.26,75.67,78.95,-10.06,10.06,0.28,0.05,18.59,0.05,0
34.43,10793.01,75.57,78.86,-10.06,10.06,0.28,0.05,18.59,0.05,0
34.44,10793.77,75.47,78.76,-10.05,10.06,0.27,0.05,18.59,0.05,0
34.45,10794.52,75.37,78.66,-10.05,10.06,0.27,0.05,18.59,0.05,0
34.46,10795.28,75.27,78.57,-10.05,10.05,0.26,0.05,18.59,0.05,0
34.47,10796.03,75.16,78.47,-10.05,10.05,0.26,0.05,18.59,0.05,0
34.48,10796.78,75.06,78.37,-10.05,10.05,0.26,0.05,18.59,0.05,0
34.49,10797.53,74.96,78.28,-10.05,10.05,0.25,0.05,18.59,0.05,0
34.5,10798.28,74.86,78.18,-10.05,10.05,0.25,0.05,18.59,0.05,0
34.51,10799.03,74.76,78.08,-10.05,10.05,0.24,0.05,18.59,0.05,0
34.52,10799.77,74.66,77.99,-10.05,10.05,0.22,0.05,18.59,0.05,0
34.53,10800.52,74.56,77.89,-10.05,10.05,0.2,0.05,18.59,0.05,0
34.54,10801.26,74.46,77.79,-10.05,10.05,0.18,0.05,18.59,0.05,0
34.55,10802.01,74.36,77.7,-10.05,10.05,0.17,0.05,18.59,0.05,0
34.56,10802.75,74.26,77.6,-10.05,10.05,0.16,0.05,18.59,0.05,0
34.57,10803.49,74.16,77.5,-10.05,10.05,0.15,0.05,18.59,0.05,0
34.58,10804.24,74.06,77.41,-10.05,10.05,0.15,0.05,18.59,0.05,0
34.59,10804.98,73.96,77.31,-10.05,10.05,0.15,0.05,18.59,0.05,0
34.6,10805.71,73.86,77.21,-10.05,10.05,0.15,0.05,18.59,0.05,0
34.61,10806.45,73.76,77.12,-10.05,10.05,0.14,0.05,18.59,0.05,0
34.62,10807.19,73.66,77.02,-10.05,10.05,0.14,0.05,18.59,0.05,0
34.63,10807.93,73.56,76.92,-10.05,10.05,0.14,0.05,18.59,0.05,0
34.64,10808.66,73.46,76.83,-10.05,10.05,0.14,0.05,18.59,0.05,0
34.65,10809.39,73.36,76.73,-10.05,10.05,0.14,0.05,18.59,0.05,0
34.66,10810.13,73.26,76.63,-10.05,10.05,0.14,0.05,18.59,0.05,0
34.67,10810.86,73.15,76.54,-10.04,10.05,0.15,0.05,18.59,0.05,0
34.68,10811.59,73.05,76.44,-10.04,10.04,0.16,0.05,18.59,0.05,0
34.69,10812.32,72.95,76.35,-10.04,10.04,0.17,0.05,18.59,0.05,0
34.7,10813.05,72.85,76.25,-10.04,10.04,0.18,0.05,18.59,0.05,0
34.71,10813.78,72.75,76.15,-10.04,10.04,0.18,0.05,18.59,0.05,0
34.72,10814.5,72.65,76.06,-10.04,10.04,0.18,0.05,18.59,0.05,0
34.73,10815.23,72.55,75.96,-10.04,10.04,0.17,0.05,18.59,0.05,0
34.74,10815.96,72.45,75.86,-10.04,10.04,0.17,0.05,18.59,0.05,0
34.75,10816.68,72.35,75.77,-10.04,10.04,0.17,0.05,18.59,0.05,0
34.76,10817.4,72.25,75.67,-10.04,10.04,0.16,0.05,18.59,0.05,0
34.77,10818.13,72.15,75.58,-10.04,10.04,0.15,0.05,18.59,0.05,0
34.78,10818.85,72.05,75.48,-10.04,10.04,0.14,0.05,18.59,0.05,0
34.79,10819.57,71.95,75.38,-10.04,10.04,0.14,0.05,18.59,0.05,0
34.8,10820.29,71.85,75.29,-10.04,10.04,0.14,0.05,18.59,0.05,0
34.81,10821,71.75,75.19,-10.04,10.04,0.14,0.05,18.59,0.05,0
34.82,10821.72,71.65,75.09,-10.04,10.04,0.15,0.05,18.59,0.05,0
34.83,10822.44,71.55,75,-10.04,10.04,0.15,0.05,18.59,0.05,0
34.84,10823.15,71.45,74.9,-10.04,10.04,0.16,0.05,18.59,0.05,0
34.85,10823.86,71.35,74.81,-10.04,10.04,0.16,0.05,18.59,0.05,0
34.86,10824.58,71.25,74.71,-10.04,10.04,0.17,0.05,18.59,0.05,0
34.87,10825.29,71.15,74.61,-10.04,10.04,0.18,0.05,18.59,0.05,0
34.88,10826,71.05,74.52,-10.04,10.04,0.19,0.05,18.59,0.05,0
34.89,10826.71,70.95,74.42,-10.04,10.04,0.19,0.05,18.59,0.05,0
34.9,10827.42,70.85,74.33,-10.04,10.04,0.2,0.05,18.59,0.05,0
34.91,10828.13,70.75,74.23,-10.04,10.04,0.22,0.05,18.59,0.05,0
34.92,10828.83,70.64,74.13,-10.04,10.04,0.23,0.05,18.59,0.05,0
34.93,10829.54,70.54,74.04,-10.04,10.04,0.24,0.05,18.59,0.05,0
34.94,10830.25,70.44,73.94,-10.04,10.04,0.26,0.05,18.59,0.05,0
34.95,10830.95,70.34,73.85,-10.04,10.04,0.27,0.05,18.59,0.05,0
34.96,10831.65,70.24,73.75,-10.04,10.04,0.28,0.05,18.59,0.05,0
34.97,10832.35,70.14,73.66,-10.04,10.04,0.3,0.05,18.59,0.05,0
34.98,10833.06,70.04,73.56,-10.04,10.04,0.31,0.05,18.59,0.05,0
34.99,10833.76,69.94,73.46,-10.04,10.04,0.33,0.05,18.59,0.05,0
35,10834.45,69.84,73.37,-10.04,10.04,0.34,0.05,18.59,0.05,0
35.01,10835.15,69.74,73.27,-10.04,10.04,0.35,0.05,18.59,0.05,0
35.02,10835.85,69.64,73.18,-10.04,10.04,0.34,0.05,18.59,0.05,0
35.03,10836.54,69.54,73.08,-10.04,10.04,0.34,0.05,18.59,0.05,0
35.04,10837.24,69.44,72.99,-10.03,10.03,0.34,0.05,18.59,0.05,0
35.05,10837.93,69.34,72.89,-10.03,10.03,0.34,0.05,18.59,0.05,0
35.06,10838.63,69.24,72.79,-10.03,10.03,0.34,0.05,18.59,0.05,0
35.07,10839.32,69.14,72.7,-10.03,10.03,0.34,0.05,18.59,0.05,0
35.08,10840.01,69.04,72.6,-10.03,10.03,0.34,0.05,18.59,0.05,0
35.09,10840.7,68.94,72.51,-10.03,10.03,0.34,0.05,18.59,0.05,0
35.1,10841.39,68.84,72.41,-10.03,10.03,0.34,0.05,18.59,0.05,0
35.11,10842.08,68.74,72.32,-10.03,10.03,0.33,0.05,18.59,0.05,0
35.12,10842.76,68.64,72.22,-10.03,10.03,0.33,0.05,18.59,0.05,0
35.13,10843.45,68.54,72.12,-10.03,10.03,0.33,0.05,18.59,0.05,0
35.14,10844.13,68.44,72.03,-10.02,10.03,0.32,0.05,18.59,0.05,0
35.15,10844.82,68.34,71.93,-10.02,10.02,0.32,0.05,18.59,0.05,0
35.16,10845.5,68.24,71.84,-10.02,10.02,0.33,0.05,18.59,0.05,0
35.17,10846.18,68.14,71.74,-10.02,10.02,0.34,0.05,18.59,0.05,0
35.18,10846.86,68.04,71.65,-10.02,10.02,0.35,0.05,18.59,0.05,0
35.19,10847.54,67.94,71.55,-10.02,10.02,0.36,0.05,18.59,0.05,0
35.2,10848.22,67.84,71.46,-10.02,10.02,0.37,0.05,18.59,0.05,0
35.21,10848.9,67.74,71.36,-10.02,10.02,0.38,0.05,18.59,0.05,0
35.22,10849.58,67.64,71.27,-10.02,10.02,0.39,0.05,18.59,0.05,0
35.23,10850.25,67.54,71.17,-10.02,10.02,0.4,0.05,18.59,0.05,0
35.24,10850.93,67.43,71.08,-10.02,10.02,0.41,0.05,18.59,0.05,0
35.25,10851.6,67.33,70.98,-10.02,10.02,0.42,0.05,18.59,0.05,0
35.26,10852.27,67.23,70.88,-10.02,10.02,0.42,0.05,18.59,0.05,0
35.27,10852.95,67.13,70.79,-10.02,10.02,0.41,0.05,18.59,0.05,0
35.28,10853.62,67.03,70.69,-10.02,10.02,0.41,0.05,18.59,0.05,0
35.29,10854.29,66.93,70.6,-10.02,10.02,0.41,0.05,18.59,0.05,0
35.3,10854.96,66.83,70.5,-10.02,10.02,0.4,0.05,18.59,0.05,0
35.31,10855.62,66.73,70.41,-10.02,10.02,0.39,0.05,18.59,0.05,0
35.32,10856.29,66.63,70.31,-10.02,10.02,0.38,0.05,18.59,0.05,0
35.33,10856.96,66.53,70.22,-10.01,10.01,0.37,0.05,18.59,0.05,0
35.34,10857.62,66.43,70.12,-10.01,10.01,0.36,0.05,18.59,0.05,0
35.35,10858.28,66.33,70.03,-10.01,10.01,0.34,0.05,18.59,0.05,0
35.36,10858.95,66.23,69.93,-10.01,10.01,0.35,0.05,18.59,0.05,0
35.37,10859.61,66.13,69.84,-10.01,10.01,0.35,0.05,18.59,0.05,0
35.38,10860.27,66.03,69.74,-10.01,10.01,0.36,0.05,18.59,0.05,0
35.39,10860.93,65.93,69.65,-10.01,10.01,0.37,0.05,18.59,0.05,0
35.4,10861.59,65.83,69.55,-10.01,10.01,0.37,0.05,18.59,0.05,0
35.41,10862.25,65.73,69.46,-10.01,10.01,0.38,0.05,18.59,0.05,0
35.42,10862.9,65.63,69.36,-10.01,10.01,0.39,0.05,18.59,0.05,0
35.43,10863.56,65.53,69.27,-10.01,10.01,0.4,0.05,18.59,0.05,0
35.44,10864.21,65.43,69.17,-10.01,10.01,0.41,0.05,18.59,0.05,0
35.45,10864.87,65.33,69.08,-10.01,10.01,0.42,0.05,18.59,0.05,0
35.46,10865.52,65.23,68.98,-10.01,10.01,0.41,0.05,18.59,0.05,0
35.47,10866.17,65.13,68.89,-10.01,10.01,0.39,0.05,18.59,0.05,0
35.48,10866.82,65.03,68.79,-10,10,0.37,0.05,18.59,0.05,0
35.49,10867.47,64.93,68.7,-10,10,0.35,0.05,18.59,0.05,0
35.5,10868.12,64.83,68.6,-10,10,0.33,0.05,18.59,0.05,0
35.51,10868.77,64.73,68.51,-10,10,0.31,0.05,18.59,0.05,0
35.52,10869.42,64.63,68.42,-10,10,0.3,0.05,18.59,0.05,0
35.53,10870.06,64.53,68.32,-9.99,9.99,0.28,0.05,18.59,0.05,0
35.54,10870.71,64.43,68.23,-9.99,9.99,0.27,0.05,18.59,0.05,0
35.55,10871.35,64.33,68.13,-9.99,9.99,0.26,0.05,18.59,0.05,0
35.56,10871.99,64.23,68.04,-9.99,9.99,0.26,0.05,18.59,0.05,0
35.57,10872.64,64.13,67.94,-9.99,9.99,0.26,0.05,18.59,0.05,0
35.58,10873.28,64.03,67.85,-9.99,9.99,0.25,0.05,18.59,0.05,0
35.59,10873.92,63.93,67.75,-9.99,9.99,0.25,0.04,18.59,0.05,0
35.6,10874.56,63.83,67.66,-9.98,9.99,0.25,0.04,18.59,0.05,0
35.61,10875.19,63.73,67.56,-9.98,9.98,0.24,0.04,18.59,0.05,0
35.62,10875.83,63.63,67.47,-9.98,9.98,0.24,0.04,18.59,0.05,0
35.63,10876.47,63.53,67.38,-9.98,9.98,0.24,0.04,18.59,0.05,0
35.64,10877.1,63.43,67.28,-9.98,9.98,0.23,0.04,18.59,0.05,0
35.65,10877.73,63.33,67.19,-9.98,9.98,0.23,0.04,18.59,0.05,0
35.66,10878.37,63.23,67.09,-9.98,9.98,0.22,0.04,18.59,0.05,0
35.67,10879,63.13,67,-9.98,9.98,0.22,0.04,18.59,0.05,0
35.68,10879.63,63.03,66.9,-9.98,9.98,0.22,0.04,18.59,0.05,0
35.69,10880.26,62.93,66.81,-9.98,9.98,0.21,0.04,18.59,0.05,0
35.7,10880.89,62.83,66.71,-9.98,9.98,0.21,0.04,18.59,0.05,0
35.71,10881.52,62.73,66.62,-9.98,9.98,0.21,0.04,18.59,0.05,0
35.72,10882.14,62.63,66.53,-9.98,9.98,0.2,0.04,18.59,0.05,0
35.73,10882.77,62.54,66.43,-9.98,9.98,0.19,0.04,18.59,0.05,0
35.74,10883.39,62.44,66.34,-9.98,9.98,0.19,0.04,18.59,0.05,0
35.75,10884.02,62.34,66.24,-9.98,9.98,0.19,0.04,18.59,0.05,0
35.76,10884.64,62.24,66.15,-9.97,9.97,0.18,0.04,18.59,0.05,0
35.77,10885.26,62.14,66.05,-9.97,9.97,0.18,0.04,18.59,0.05,0
35.78,10885.88,62.04,65.96,-9.97,9.97,0.18,0.04,18.59,0.05,0
35.79,10886.5,61.94,65.87,-9.97,9.97,0.18,0.04,18.59,0.05,0
35.8,10887.12,61.84,65.77,-9.97,9.97,0.18,0.04,18.59,0.05,0
35.81,10887.74,61.74,65.68,-9.97,9.97,0.18,0.04,18.59,0.05,0
35.82,10888.36,61.64,65.58,-9.97,9.97,0.2,0.04,18.59,0.05,0
35.83,10888.97,61.54,65.49,-9.96,9.97,0.22,0.04,18.59,0.05,0
35.84,10889.59,61.44,65.4,-9.96,9.96,0.24,0.04,18.59,0.05,0
35.85,10890.2,61.34,65.3,-9.96,9.96,0.27,0.04,18.59,0.05,0
35.86,10890.81,61.24,65.21,-9.96,9.96,0.29,0.04,18.59,0.05,0
35.87,10891.43,61.14,65.11,-9.96,9.96,0.29,0.04,18.59,0.05,0
35.88,10892.04,61.04,65.02,-9.96,9.96,0.3,0.04,18.59,0.05,0
35.89,10892.65,60.94,64.93,-9.96,9.96,0.31,0.04,18.59,0.05,0
35.9,10893.26,60.84,64.83,-9.96,9.96,0.32,0.04,18.59,0.05,0
35.91,10893.86,60.74,64.74,-9.95,9.95,0.32,0.04,18.59,0.05,0
35.92,10894.47,60.64,64.65,-9.95,9.95,0.33,0.04,18.59,0.05,0
35.93,10895.08,60.54,64.55,-9.95,9.95,0.34,0.04,18.59,0.05,0
35.94,10895.68,60.44,64.46,-9.95,9.95,0.35,0.04,18.59,0.05,0
35.95,10896.29,60.34,64.36,-9.95,9.95,0.36,0.04,18.59,0.05,0
35.96,10896.89,60.24,64.27,-9.95,9.95,0.35,0.04,18.59,0.05,0
35.97,10897.49,60.14,64.18,-9.95,9.95,0.34,0.04,18.59,0.05,0
35.98,10898.09,60.04,64.08,-9.95,9.95,0.33,0.04,18.59,0.05,0
35.99,10898.69,59.95,63.99,-9.95,9.95,0.32,0.04,18.59,0.05,0
36,10899.29,59.85,63.9,-9.95,9.95,0.31,0.04,18.59,0.05,0
36.01,10899.89,59.75,63.8,-9.95,9.95,0.31,0.04,18.59,0.05,0
36.02,10900.49,59.65,63.71,-9.95,9.95,0.32,0.04,18.59,0.05,0
36.03,10901.08,59.55,63.62,-9.95,9.95,0.34,0.04,18.59,0.05,0
36.04,10901.68,59.45,63.52,-9.94,9.95,0.35,0.04,18.59,0.05,0
36.05,10902.27,59.35,63.43,-9.94,9.94,0.36,0.04,18.59,0.05,0
36.06,10902.86,59.25,63.33,-9.94,9.94,0.4,0.04,18.59,0.05,0
36.07,10903.45,59.15,63.24,-9.94,9.94,0.45,0.04,18.59,0.05,0
36.08,10904.05,59.05,63.15,-9.94,9.94,0.5,0.04,18.59,0.05,0
36.09,10904.64,58.95,63.05,-9.93,9.94,0.54,0.04,18.59,0.05,0
36.1,10905.22,58.85,62.96,-9.93,9.93,0.59,0.04,18.59,0.05,0
36.11,10905.81,58.75,62.87,-9.93,9.93,0.6,0.04,18.59,0.05,0
36.12,10906.4,58.65,62.77,-9.93,9.93,0.59,0.04,18.59,0.05,0
36.13,10906.99,58.55,62.68,-9.93,9.93,0.57,0.04,18.59,0.05,0
36.14,10907.57,58.45,62.59,-9.93,9.93,0.56,0.04,18.59,0.05,0
36.15,10908.16,58.35,62.49,-9.93,9.93,0.54,0.04,18.59,0.05,0
36.16,10908.74,58.26,62.4,-9.93,9.93,0.54,0.04,18.59,0.05,0
36.17,10909.32,58.16,62.31,-9.93,9.93,0.54,0.04,18.59,0.05,0
36.18,10909.9,58.06,62.21,-9.93,9.93,0.55,0.04,18.59,0.05,0
36.19,10910.48,57.96,62.12,-9.93,9.93,0.55,0.04,18.59,0.05,0
36.2,10911.06,57.86,62.03,-9.93,9.93,0.55,0.04,18.59,0.05,0
36.21,10911.64,57.76,61.94,-9.93,9.93,0.54,0.04,18.59,0.05,0
36.22,10912.22,57.66,61.84,-9.93,9.93,0.53,0.04,18.59,0.05,0
36.23,10912.79,57.56,61.75,-9.93,9.93,0.51,0.04,18.59,0.05,0
36.24,10913.37,57.46,61.66,-9.93,9.93,0.49,0.04,18.59,0.05,0
36.25,10913.94,57.36,61.56,-9.93,9.93,0.47,0.04,18.59,0.05,0
36.26,10914.51,57.26,61.47,-9.93,9.93,0.49,0.04,18.59,0.05,0
36.27,10915.09,57.16,61.38,-9.93,9.93,0.52,0.04,18.59,0.05,0
36.28,10915.66,57.06,61.28,-9.92,9.92,0.55,0.04,18.59,0.05,0
36.29,10916.23,56.96,61.19,-9.92,9.92,0.58,0.04,18.59,0.05,0
36.3,10916.8,56.87,61.1,-9.92,9.92,0.61,0.04,18.59,0.05,0
36.31,10917.36,56.77,61.01,-9.92,9.92,0.63,0.04,18.59,0.05,0
36.32,10917.93,56.67,60.91,-9.92,9.92,0.64,0.04,18.59,0.05,0
36.33,10918.5,56.57,60.82,-9.92,9.92,0.65,0.04,18.59,0.05,0
36.34,10919.06,56.47,60.73,-9.92,9.92,0.67,0.04,18.59,0.05,0
36.35,10919.63,56.37,60.64,-9.92,9.92,0.68,0.04,18.59,0.05,0
36.36,10920.19,56.27,60.54,-9.91,9.92,0.68,0.04,18.59,0.05,0
36.37,10920.75,56.17,60.45,-9.91,9.92,0.68,0.04,18.59,0.05,0
36.38,10921.31,56.07,60.36,-9.91,9.91,0.67,0.04,18.59,0.05,0
36.39,10921.87,55.97,60.26,-9.91,9.91,0.67,0.04,18.59,0.05,0
36.4,10922.43,55.87,60.17,-9.91,9.91,0.66,0.04,18.59,0.05,0
36.41,10922.99,55.77,60.08,-9.91,9.91,0.66,0.04,18.59,0.05,0
36.42,10923.55,55.68,59.99,-9.91,9.91,0.65,0.04,18.59,0.05,0
36.43,10924.11,55.58,59.89,-9.91,9.91,0.64,0.04,18.59,0.05,0
36.44,10924.66,55.48,59.8,-9.91,9.91,0.63,0.04,18.59,0.05,0
36.45,10925.21,55.38,59.71,-9.91,9.91,0.62,0.04,18.59,0.05,0
36.46,10925.77,55.28,59.62,-9.91,9.91,0.63,0.04,18.59,0.05,0
36.47,10926.32,55.18,59.52,-9.91,9.91,0.65,0.04,18.59,0.05,0
36.48,10926.87,55.08,59.43,-9.91,9.91,0.67,0.04,18.59,0.05,0
36.49,10927.42,54.98,59.34,-9.91,9.91,0.69,0.04,18.59,0.05,0
36.5,10927.97,54.88,59.25,-9.91,9.91,0.71,0.04,18.59,0.05,0
36.51,10928.52,54.78,59.15,-9.91,9.91,0.71,0.04,18.59,0.05,0
36.52,10929.07,54.68,59.06,-9.91,9.91,0.7,0.04,18.59,0.05,0
36.53,10929.61,54.59,58.97,-9.91,9.91,0.69,0.04,18.59,0.05,0
36.54,10930.16,54.49,58.88,-9.91,9.91,0.68,0.04,18.59,0.05,0
36.55,10930.7,54.39,58.79,-9.9,9.91,0.68,0.04,18.59,0.05,0
36.56,10931.25,54.29,58.69,-9.9,9.91,0.66,0.04,18.59,0.05,0
36.57,10931.79,54.19,58.6,-9.91,9.91,0.64,0.04,18.59,0.05,0
36.58,10932.33,54.09,58.51,-9.91,9.91,0.63,0.04,18.59,0.05,0
36.59,10932.87,53.99,58.42,-9.91,9.91,0.61,0.04,18.59,0.05,0
36.6,10933.41,53.89,58.33,-9.91,9.91,0.59,0.04,18.59,0.05,0
36.61,10933.95,53.79,58.23,-9.9,9.91,0.59,0.04,18.59,0.05,0
36.62,10934.49,53.69,58.14,-9.9,9.91,0.59,0.04,18.59,0.05,0
36.63,10935.02,53.6,58.05,-9.9,9.9,0.6,0.04,18.59,0.05,0
36.64,10935.56,53.5,57.96,-9.9,9.9,0.6,0.04,18.59,0.05,0
36.65,10936.09,53.4,57.87,-9.9,9.9,0.61,0.04,18.59,0.05,0
36.66,10936.63,53.3,57.77,-9.9,9.9,0.61,0.04,18.59,0.05,0
36.67,10937.16,53.2,57.68,-9.9,9.9,0.61,0.04,18.59,0.05,0
36.68,10937.69,53.1,57.59,-9.9,9.9,0.6,0.04,18.59,0.05,0
36.69,10938.22,53,57.5,-9.9,9.9,0.6,0.04,18.59,0.05,0
36.7,10938.75,52.9,57.41,-9.9,9.9,0.6,0.04,18.59,0.05,0
36.71,10939.28,52.8,57.32,-9.9,9.9,0.59,0.04,18.59,0.05,0
36.72,10939.81,52.7,57.22,-9.9,9.9,0.58,0.04,18.59,0.05,0
36.73,10940.33,52.61,57.13,-9.9,9.9,0.57,0.04,18.59,0.05,0
36.74,10940.86,52.51,57.04,-9.9,9.9,0.56,0.04,18.59,0.05,0
36.75,10941.38,52.41,56.95,-9.9,9.9,0.55,0.04,18.59,0.05,0
36.76,10941.91,52.31,56.86,-9.9,9.9,0.52,0.04,18.59,0.05,0
36.77,10942.43,52.21,56.77,-9.9,9.9,0.49,0.04,18.59,0.05,0
36.78,10942.95,52.11,56.67,-9.9,9.9,0.46,0.04,18.59,0.05,0
36.79,10943.47,52.01,56.58,-9.9,9.9,0.43,0.04,18.59,0.05,0
36.8,10943.99,51.91,56.49,-9.9,9.9,0.39,0.04,18.59,0.05,0
36.81,10944.51,51.81,56.4,-9.9,9.9,0.39,0.04,18.59,0.05,0
36.82,10945.03,51.71,56.31,-9.9,9.9,0.4,0.04,18.59,0.05,0
36.83,10945.54,51.62,56.22,-9.9,9.9,0.41,0.04,18.59,0.05,0
36.84,10946.06,51.52,56.13,-9.9,9.9,0.41,0.04,18.59,0.05,0
36.85,10946.57,51.42,56.03,-9.9,9.9,0.42,0.04,18.59,0.05,0
36.86,10947.09,51.32,55.94,-9.9,9.9,0.43,0.04,18.59,0.05,0
36.87,10947.6,51.22,55.85,-9.9,9.9,0.43,0.04,18.59,0.05,0
36.88,10948.11,51.12,55.76,-9.9,9.9,0.44,0.04,18.59,0.05,0
36.89,10948.62,51.02,55.67,-9.9,9.9,0.44,0.04,18.59,0.05,0
36.9,10949.13,50.92,55.58,-9.9,9.9,0.45,0.04,18.59,0.05,0
36.91,10949.64,50.82,55.49,-9.89,9.9,0.45,0.04,18.59,0.05,0
36.92,10950.15,50.72,55.4,-9.89,9.9,0.45,0.04,18.59,0.05,0
36.93,10950.66,50.63,55.31,-9.89,9.89,0.44,0.04,18.59,0.05,0
36.94,10951.16,50.53,55.21,-9.89,9.89,0.44,0.04,18.59,0.05,0
36.95,10951.67,50.43,55.12,-9.89,9.89,0.44,0.04,18.59,0.05,0
36.96,10952.17,50.33,55.03,-9.89,9.89,0.43,0.04,18.59,0.05,0
36.97,10952.67,50.23,54.94,-9.89,9.89,0.42,0.04,18.59,0.05,0
36.98,10953.17,50.13,54.85,-9.89,9.89,0.41,0.04,18.59,0.05,0
36.99,10953.68,50.03,54.76,-9.89,9.89,0.4,0.04,18.59,0.05,0
37,10954.18,49.93,54.67,-9.89,9.89,0.39,0.04,18.59,0.05,0
37.01,10954.67,49.83,54.58,-9.89,9.89,0.4,0.04,18.59,0.05,0
37.02,10955.17,49.74,54.49,-9.89,9.89,0.41,0.04,18.59,0.05,0
37.03,10955.67,49.64,54.4,-9.89,9.89,0.42,0.04,18.59,0.05,0
37.04,10956.16,49.54,54.31,-9.89,9.89,0.43,0.04,18.59,0.05,0
37.05,10956.66,49.44,54.22,-9.89,9.89,0.44,0.04,18.59,0.05,0
37.06,10957.15,49.34,54.12,-9.89,9.89,0.44,0.04,18.59,0.05,0
37.07,10957.65,49.24,54.03,-9.89,9.89,0.44,0.04,18.59,0.05,0
37.08,10958.14,49.14,53.94,-9.89,9.89,0.44,0.04,18.59,0.05,0
37.09,10958.63,49.04,53.85,-9.89,9.89,0.44,0.04,18.59,0.05,0
37.1,10959.12,48.94,53.76,-9.89,9.89,0.44,0.04,18.59,0.05,0
37.11,10959.61,48.85,53.67,-9.89,9.89,0.43,0.04,18.59,0.05,0
37.12,10960.1,48.75,53.58,-9.89,9.89,0.43,0.04,18.59,0.05,0
37.13,10960.58,48.65,53.49,-9.89,9.89,0.42,0.04,18.59,0.05,0
37.14,10961.07,48.55,53.4,-9.89,9.89,0.41,0.04,18.59,0.05,0
37.15,10961.55,48.45,53.31,-9.89,9.89,0.41,0.04,18.59,0.05,0
37.16,10962.04,48.35,53.22,-9.89,9.89,0.4,0.04,18.59,0.05,0
37.17,10962.52,48.25,53.13,-9.89,9.89,0.38,0.04,18.59,0.05,0
37.18,10963,48.15,53.04,-9.89,9.89,0.37,0.04,18.59,0.05,0
37.19,10963.48,48.05,52.95,-9.89,9.89,0.36,0.04,18.59,0.05,0
37.2,10963.96,47.96,52.86,-9.89,9.89,0.35,0.04,18.59,0.05,0
37.21,10964.44,47.86,52.77,-9.89,9.89,0.34,0.04,18.59,0.05,0
37.22,10964.92,47.76,52.68,-9.89,9.89,0.34,0.04,18.59,0.05,0
37.23,10965.4,47.66,52.59,-9.89,9.89,0.33,0.04,18.59,0.05,0
37.24,10965.87,47.56,52.5,-9.89,9.89,0.32,0.04,18.59,0.05,0
37.25,10966.35,47.46,52.41,-9.89,9.89,0.32,0.04,18.59,0.05,0
37.26,10966.82,47.36,52.32,-9.89,9.89,0.31,0.04,18.59,0.05,0
37.27,10967.3,47.26,52.23,-9.89,9.89,0.3,0.04,18.59,0.05,0
37.28,10967.77,47.16,52.14,-9.89,9.89,0.29,0.04,18.59,0.05,0
37.29,10968.24,47.07,52.05,-9.89,9.89,0.29,0.04,18.59,0.05,0
37.3,10968.71,46.97,51.96,-9.89,9.89,0.3,0.04,18.59,0.05,0
37.31,10969.18,46.87,51.87,-9.89,9.89,0.3,0.04,18.59,0.05,0
37.32,10969.65,46.77,51.78,-9.89,9.89,0.31,0.04,18.59,0.05,0
37.33,10970.11,46.67,51.69,-9.89,9.89,0.32,0.04,18.59,0.05,0
37.34,10970.58,46.57,51.6,-9.89,9.89,0.33,0.04,18.59,0.05,0
37.35,10971.05,46.47,51.51,-9.89,9.89,0.33,0.04,18.59,0.05,0
37.36,10971.51,46.37,51.42,-9.89,9.89,0.34,0.04,18.59,0.05,0
37.37,10971.97,46.27,51.33,-9.89,9.89,0.35,0.04,18.59,0.05,0
37.38,10972.44,46.18,51.24,-9.89,9.89,0.35,0.04,18.59,0.05,0
37.39,10972.9,46.08,51.16,-9.89,9.89,0.36,0.04,18.59,0.05,0
37.4,10973.36,45.98,51.07,-9.89,9.89,0.37,0.04,18.59,0.05,0
37.41,10973.82,45.88,50.98,-9.89,9.89,0.38,0.04,18.59,0.05,0
37.42,10974.27,45.78,50.89,-9.89,9.89,0.38,0.04,18.59,0.05,0
37.43,10974.73,45.68,50.8,-9.89,9.89,0.39,0.04,18.59,0.05,0
37.44,10975.19,45.58,50.71,-9.89,9.89,0.4,0.04,18.59,0.05,0
37.45,10975.64,45.48,50.62,-9.89,9.89,0.41,0.04,18.59,0.05,0
37.46,10976.1,45.38,50.53,-9.89,9.89,0.42,0.04,18.59,0.05,0
37.47,10976.55,45.29,50.44,-9.89,9.89,0.43,0.03,18.59,0.05,0
37.48,10977,45.19,50.35,-9.89,9.89,0.43,0.03,18.59,0.05,0
37.49,10977.46,45.09,50.26,-9.88,9.89,0.44,0.03,18.59,0.05,0
37.5,10977.91,44.99,50.17,-9.88,9.88,0.45,0.03,18.59,0.05,0
37.51,10978.36,44.89,50.09,-9.88,9.88,0.45,0.03,18.59,0.05,0
37.52,10978.8,44.79,50,-9.88,9.88,0.46,0.03,18.59,0.05,0
37.53,10979.25,44.69,49.91,-9.88,9.88,0.46,0.03,18.59,0.05,0
37.54,10979.7,44.59,49.82,-9.88,9.88,0.47,0.03,18.59,0.05,0
37.55,10980.14,44.5,49.73,-9.88,9.88,0.47,0.03,18.59,0.05,0
37.56,10980.59,44.4,49.64,-9.88,9.88,0.48,0.03,18.59,0.05,0
37.57,10981.03,44.3,49.55,-9.88,9.88,0.5,0.03,18.59,0.05,0
37.58,10981.47,44.2,49.46,-9.88,9.88,0.51,0.03,18.59,0.05,0
37.59,10981.91,44.1,49.38,-9.88,9.88,0.53,0.03,18.59,0.05,0
37.6,10982.36,44,49.29,-9.88,9.88,0.55,0.03,18.59,0.05,0
37.61,10982.79,43.9,49.2,-9.88,9.88,0.55,0.03,18.59,0.05,0
37.62,10983.23,43.8,49.11,-9.88,9.88,0.54,0.03,18.59,0.05,0
37.63,10983.67,43.7,49.02,-9.88,9.88,0.53,0.03,18.59,0.05,0
37.64,10984.11,43.61,48.93,-9.88,9.88,0.53,0.03,18.59,0.05,0
37.65,10984.54,43.51,48.85,-9.88,9.88,0.53,0.03,18.59,0.05,0
37.66,10984.98,43.41,48.76,-9.87,9.88,0.54,0.03,18.59,0.05,0
37.67,10985.41,43.31,48.67,-9.87,9.87,0.54,0.03,18.59,0.05,0
37.68,10985.84,43.21,48.58,-9.87,9.87,0.55,0.03,18.59,0.05,0
37.69,10986.28,43.11,48.49,-9.87,9.87,0.56,0.03,18.59,0.05,0
37.7,10986.71,43.01,48.4,-9.87,9.87,0.56,0.03,18.59,0.05,0
37.71,10987.14,42.91,48.32,-9.87,9.87,0.57,0.03,18.59,0.05,0
37.72,10987.56,42.82,48.23,-9.87,9.87,0.57,0.03,18.59,0.05,0
37.73,10987.99,42.72,48.14,-9.87,9.87,0.58,0.03,18.59,0.05,0
37.74,10988.42,42.62,48.05,-9.87,9.87,0.58,0.03,18.59,0.05,0
37.75,10988.84,42.52,47.96,-9.87,9.87,0.59,0.03,18.59,0.05,0
37.76,10989.27,42.42,47.88,-9.87,9.87,0.59,0.03,18.59,0.05,0
37.77,10989.69,42.32,47.79,-9.87,9.87,0.6,0.03,18.59,0.05,0
37.78,10990.12,42.22,47.7,-9.87,9.87,0.6,0.03,18.59,0.05,0
37.79,10990.54,42.12,47.61,-9.87,9.87,0.61,0.03,18.59,0.05,0
37.8,10990.96,42.03,47.53,-9.87,9.87,0.61,0.03,18.59,0.05,0
37.81,10991.38,41.93,47.44,-9.87,9.87,0.62,0.03,18.59,0.05,0
37.82,10991.8,41.83,47.35,-9.87,9.87,0.62,0.03,18.59,0.05,0
37.83,10992.21,41.73,47.26,-9.87,9.87,0.62,0.03,18.59,0.05,0
37.84,10992.63,41.63,47.18,-9.87,9.87,0.63,0.03,18.59,0.05,0
37.85,10993.05,41.53,47.09,-9.87,9.87,0.63,0.03,18.59,0.05,0
37.86,10993.46,41.43,47,-9.87,9.87,0.64,0.03,18.59,0.05,0
37.87,10993.88,41.34,46.91,-9.87,9.87,0.64,0.03,18.59,0.05,0
37.88,10994.29,41.24,46.83,-9.87,9.87,0.65,0.03,18.59,0.05,0
37.89,10994.7,41.14,46.74,-9.87,9.87,0.66,0.03,18.59,0.05,0
37.9,10995.11,41.04,46.65,-9.87,9.87,0.67,0.03,18.59,0.05,0
37.91,10995.52,40.94,46.57,-9.87,9.87,0.67,0.03,18.59,0.05,0
37.92,10995.93,40.84,46.48,-9.87,9.87,0.67,0.03,18.59,0.05,0
37.93,10996.34,40.74,46.39,-9.87,9.87,0.67,0.03,18.59,0.05,0
37.94,10996.74,40.64,46.3,-9.87,9.87,0.67,0.03,18.59,0.05,0
37.95,10997.15,40.55,46.22,-9.87,9.87,0.68,0.03,18.59,0.05,0
37.96,10997.56,40.45,46.13,-9.86,9.86,0.68,0.03,18.59,0.05,0
37.97,10997.96,40.35,46.04,-9.86,9.86,0.68,0.03,18.59,0.05,0
37.98,10998.36,40.25,45.96,-9.86,9.86,0.69,0.03,18.59,0.05,0
37.99,10998.76,40.15,45.87,-9.86,9.86,0.69,0.03,18.59,0.05,0
38,10999.17,40.05,45.78,-9.86,9.86,0.7,0.03,18.59,0.05,0
38.01,10999.57,39.95,45.7,-9.86,9.86,0.7,0.03,18.59,0.05,0
38.02,10999.96,39.86,45.61,-9.86,9.86,0.7,0.03,18.59,0.05,0
38.03,11000.36,39.76,45.52,-9.86,9.86,0.71,0.03,18.59,0.05,0
38.04,11000.76,39.66,45.44,-9.86,9.86,0.71,0.03,18.59,0.05,0
38.05,11001.16,39.56,45.35,-9.86,9.86,0.71,0.03,18.59,0.05,0
38.06,11001.55,39.46,45.27,-9.86,9.86,0.71,0.03,18.59,0.05,0
38.07,11001.95,39.36,45.18,-9.86,9.86,0.71,0.03,18.59,0.05,0
38.08,11002.34,39.26,45.09,-9.86,9.86,0.7,0.03,18.59,0.05,0
38.09,11002.73,39.17,45.01,-9.86,9.86,0.7,0.03,18.59,0.05,0
38.1,11003.12,39.07,44.92,-9.86,9.86,0.7,0.03,18.59,0.05,0
38.11,11003.51,38.97,44.84,-9.86,9.86,0.71,0.03,18.59,0.05,0
38.12,11003.9,38.87,44.75,-9.85,9.85,0.71,0.03,18.59,0.05,0
38.13,11004.29,38.77,44.66,-9.85,9.85,0.71,0.03,18.59,0.05,0
38.14,11004.68,38.67,44.58,-9.85,9.85,0.71,0.03,18.59,0.05,0
38.15,11005.06,38.57,44.49,-9.85,9.85,0.71,0.03,18.59,0.05,0
38.16,11005.45,38.48,44.41,-9.85,9.85,0.72,0.03,18.59,0.05,0
38.17,11005.83,38.38,44.32,-9.85,9.85,0.72,0.03,18.59,0.05,0
38.18,11006.22,38.28,44.23,-9.85,9.85,0.72,0.03,18.59,0.05,0
38.19,11006.6,38.18,44.15,-9.85,9.85,0.72,0.03,18.59,0.05,0
38.2,11006.98,38.08,44.06,-9.85,9.85,0.72,0.03,18.59,0.05,0
38.21,11007.36,37.98,43.98,-9.85,9.85,0.72,0.03,18.59,0.05,0
38.22,11007.74,37.88,43.89,-9.85,9.85,0.73,0.03,18.59,0.05,0
38.23,11008.12,37.79,43.81,-9.85,9.85,0.73,0.03,18.59,0.05,0
38.24,11008.49,37.69,43.72,-9.85,9.85,0.73,0.03,18.59,0.05,0
38.25,11008.87,37.59,43.64,-9.85,9.85,0.73,0.03,18.59,0.05,0
38.26,11009.25,37.49,43.55,-9.85,9.85,0.73,0.03,18.59,0.05,0
38.27,11009.62,37.39,43.47,-9.84,9.85,0.74,0.03,18.59,0.05,0
38.28,11009.99,37.29,43.38,-9.84,9.84,0.74,0.03,18.59,0.05,0
38.29,11010.37,37.2,43.3,-9.84,9.84,0.74,0.03,18.59,0.05,0
38.3,11010.74,37.1,43.21,-9.84,9.84,0.74,0.03,18.59,0.05,0
38.31,11011.11,37,43.13,-9.84,9.84,0.74,0.03,18.59,0.05,0
38.32,11011.48,36.9,43.04,-9.84,9.84,0.75,0.03,18.59,0.05,0
38.33,11011.85,36.8,42.96,-9.84,9.84,0.75,0.03,18.59,0.05,0
38.34,11012.21,36.7,42.87,-9.84,9.84,0.75,0.03,18.59,0.05,0
38.35,11012.58,36.6,42.79,-9.84,9.84,0.75,0.03,18.59,0.05,0
38.36,11012.95,36.51,42.7,-9.84,9.84,0.76,0.03,18.59,0.05,0
38.37,11013.31,36.41,42.62,-9.84,9.84,0.79,0.03,18.59,0.05,0
38.38,11013.67,36.31,42.54,-9.84,9.84,0.81,0.03,18.59,0.05,0
38.39,11014.04,36.21,42.45,-9.83,9.83,0.83,0.03,18.59,0.05,0
38.4,11014.4,36.11,42.37,-9.83,9.83,0.86,0.03,18.59,0.05,0
38.41,11014.76,36.01,42.28,-9.83,9.83,0.87,0.03,18.59,0.05,0
38.42,11015.12,35.92,42.2,-9.83,9.83,0.88,0.03,18.59,0.05,0
38.43,11015.48,35.82,42.11,-9.83,9.83,0.88,0.03,18.59,0.05,0
38.44,11015.84,35.72,42.03,-9.83,9.83,0.88,0.03,18.59,0.05,0
38.45,11016.19,35.62,41.95,-9.83,9.83,0.88,0.03,18.59,0.05,0
38.46,11016.55,35.52,41.86,-9.83,9.83,0.89,0.03,18.59,0.05,0
38.47,11016.9,35.42,41.78,-9.83,9.83,0.91,0.03,18.59,0.05,0
38.48,11017.26,35.33,41.7,-9.83,9.83,0.93,0.03,18.59,0.05,0
38.49,11017.61,35.23,41.61,-9.82,9.82,0.96,0.03,18.59,0.05,0
38.5,11017.96,35.13,41.53,-9.82,9.82,0.98,0.03,18.59,0.05,0
38.51,11018.31,35.03,41.44,-9.82,9.82,0.99,0.03,18.59,0.05,0
38.52,11018.66,34.93,41.36,-9.82,9.82,0.99,0.03,18.59,0.05,0
38.53,11019.01,34.84,41.28,-9.82,9.82,1,0.03,18.59,0.05,0
38.54,11019.36,34.74,41.19,-9.82,9.82,1,0.03,18.59,0.05,0
38.55,11019.7,34.64,41.11,-9.82,9.82,1.01,0.03,18.59,0.05,0
38.56,11020.05,34.54,41.03,-9.82,9.82,0.99,0.03,18.59,0.05,0
38.57,11020.4,34.44,40.94,-9.82,9.82,0.97,0.03,18.59,0.05,0
38.58,11020.74,34.34,40.86,-9.82,9.82,0.95,0.03,18.59,0.05,0
38.59,11021.08,34.25,40.78,-9.82,9.82,0.93,0.03,18.59,0.05,0
38.6,11021.42,34.15,40.7,-9.82,9.82,0.92,0.03,18.59,0.05,0
38.61,11021.77,34.05,40.61,-9.82,9.82,0.93,0.03,18.59,0.05,0
38.62,11022.11,33.95,40.53,-9.82,9.82,0.96,0.03,18.59,0.05,0
38.63,11022.44,33.85,40.45,-9.82,9.82,1,0.03,18.59,0.05,0
38.64,11022.78,33.76,40.36,-9.82,9.82,1.03,0.03,18.59,0.05,0
38.65,11023.12,33.66,40.28,-9.81,9.81,1.07,0.03,18.59,0.05,0
38.66,11023.46,33.56,40.2,-9.81,9.81,1.08,0.03,18.59,0.05,0
38.67,11023.79,33.46,40.12,-9.81,9.81,1.09,0.03,18.59,0.05,0
38.68,11024.13,33.36,40.04,-9.81,9.81,1.09,0.03,18.59,0.05,0
38.69,11024.46,33.26,39.95,-9.81,9.81,1.09,0.03,18.59,0.05,0
38.7,11024.79,33.17,39.87,-9.81,9.81,1.1,0.03,18.59,0.05,0
38.71,11025.12,33.07,39.79,-9.81,9.81,1.11,0.03,18.59,0.05,0
38.72,11025.45,32.97,39.71,-9.81,9.81,1.14,0.03,18.59,0.05,0
38.73,11025.78,32.87,39.62,-9.81,9.81,1.16,0.03,18.59,0.05,0
38.74,11026.11,32.77,39.54,-9.81,9.81,1.18,0.03,18.59,0.05,0
38.75,11026.44,32.68,39.46,-9.81,9.81,1.2,0.03,18.59,0.05,0
38.76,11026.76,32.58,39.38,-9.81,9.81,1.23,0.03,18.59,0.05,0
38.77,11027.09,32.48,39.3,-9.8,9.8,1.27,0.03,18.59,0.05,0
38.78,11027.41,32.38,39.22,-9.8,9.8,1.31,0.03,18.59,0.05,0
38.79,11027.74,32.28,39.14,-9.8,9.8,1.35,0.03,18.59,0.05,0
38.8,11028.06,32.19,39.05,-9.8,9.8,1.4,0.03,18.59,0.05,0
38.81,11028.38,32.09,38.97,-9.8,9.8,1.43,0.03,18.59,0.05,0
38.82,11028.7,31.99,38.89,-9.8,9.8,1.47,0.03,18.59,0.05,0
38.83,11029.02,31.89,38.81,-9.8,9.8,1.51,0.03,18.59,0.05,0
38.84,11029.34,31.79,38.73,-9.79,9.79,1.55,0.03,18.59,0.05,0
38.85,11029.65,31.7,38.65,-9.79,9.79,1.6,0.03,18.59,0.05,0
38.86,11029.97,31.6,38.57,-9.79,9.79,1.63,0.03,18.59,0.05,0
38.87,11030.29,31.5,38.49,-9.79,9.79,1.66,0.03,18.59,0.05,0
38.88,11030.6,31.4,38.41,-9.79,9.79,1.7,0.03,18.59,0.05,0
38.89,11030.91,31.3,38.33,-9.79,9.79,1.73,0.03,18.59,0.05,0
38.9,11031.23,31.21,38.24,-9.79,9.79,1.77,0.03,18.59,0.05,0
38.91,11031.54,31.11,38.16,-9.79,9.79,1.78,0.03,18.59,0.05,0
38.92,11031.85,31.01,38.08,-9.79,9.79,1.78,0.03,18.59,0.05,0
38.93,11032.16,30.91,38,-9.79,9.79,1.79,0.03,18.59,0.05,0
38.94,11032.47,30.82,37.92,-9.79,9.79,1.79,0.03,18.59,0.05,0
38.95,11032.78,30.72,37.84,-9.78,9.79,1.8,0.03,18.59,0.05,0
38.96,11033.08,30.62,37.76,-9.78,9.79,1.81,0.03,18.59,0.05,0
38.97,11033.39,30.52,37.68,-9.78,9.78,1.82,0.03,18.59,0.05,0
38.98,11033.69,30.42,37.6,-9.78,9.78,1.84,0.03,18.59,0.05,0
38.99,11034,30.33,37.52,-9.78,9.78,1.85,0.03,18.59,0.05,0
39,11034.3,30.23,37.44,-9.78,9.78,1.86,0.03,18.59,0.05,0
39.01,11034.6,30.13,37.36,-9.78,9.78,1.88,0.03,18.59,0.05,0
39.02,11034.9,30.03,37.28,-9.78,9.78,1.89,0.03,18.59,0.05,0
39.03,11035.2,29.93,37.21,-9.78,9.78,1.91,0.03,18.59,0.05,0
39.04,11035.5,29.84,37.13,-9.78,9.78,1.92,0.03,18.59,0.05,0
39.05,11035.8,29.74,37.05,-9.78,9.78,1.94,0.03,18.59,0.05,0
39.06,11036.1,29.64,36.97,-9.78,9.78,1.94,0.03,18.59,0.05,0
39.07,11036.39,29.54,36.89,-9.78,9.78,1.95,0.03,18.59,0.05,0
39.08,11036.69,29.45,36.81,-9.78,9.78,1.95,0.03,18.59,0.05,0
39.09,11036.98,29.35,36.73,-9.78,9.78,1.95,0.03,18.59,0.05,0
39.1,11037.27,29.25,36.65,-9.78,9.78,1.96,0.03,18.59,0.05,0
39.11,11037.57,29.15,36.57,-9.78,9.78,1.98,0.03,18.59,0.05,0
39.12,11037.86,29.05,36.49,-9.78,9.78,2.03,0.03,18.59,0.05,0
39.13,11038.15,28.96,36.42,-9.77,9.77,2.07,0.03,18.59,0.05,0
39.14,11038.44,28.86,36.34,-9.77,9.77,2.11,0.03,18.59,0.05,0
39.15,11038.72,28.76,36.26,-9.77,9.77,2.15,0.03,18.59,0.05,0
39.16,11039.01,28.66,36.18,-9.77,9.77,2.18,0.03,18.59,0.05,0
39.17,11039.3,28.57,36.1,-9.77,9.77,2.22,0.03,18.59,0.05,0
39.18,11039.58,28.47,36.03,-9.77,9.77,2.25,0.03,18.59,0.05,0
39.19,11039.87,28.37,35.95,-9.77,9.77,2.29,0.03,18.59,0.05,0
39.2,11040.15,28.27,35.87,-9.77,9.77,2.32,0.03,18.59,0.05,0
39.21,11040.43,28.18,35.79,-9.77,9.77,2.32,0.03,18.59,0.05,0
39.22,11040.71,28.08,35.71,-9.77,9.77,2.3,0.03,18.59,0.05,0
39.23,11040.99,27.98,35.64,-9.77,9.77,2.29,0.03,18.59,0.05,0
39.24,11041.27,27.88,35.56,-9.77,9.77,2.27,0.03,18.59,0.05,0
39.25,11041.55,27.78,35.48,-9.77,9.77,2.25,0.03,18.59,0.05,0
39.26,11041.83,27.69,35.41,-9.77,9.77,2.25,0.03,18.59,0.05,0
39.27,11042.1,27.59,35.33,-9.77,9.77,2.25,0.03,18.59,0.05,0
39.28,11042.38,27.49,35.25,-9.77,9.77,2.26,0.03,18.59,0.05,0
39.29,11042.65,27.39,35.17,-9.77,9.77,2.26,0.03,18.59,0.05,0
39.3,11042.93,27.3,35.1,-9.77,9.77,2.27,0.03,18.59,0.05,0
39.31,11043.2,27.2,35.02,-9.76,9.77,2.3,0.03,18.59,0.05,0
39.32,11043.47,27.1,34.95,-9.76,9.76,2.33,0.03,18.59,0.05,0
39.33,11043.74,27,34.87,-9.76,9.76,2.37,0.03,18.59,0.05,0
39.34,11044.01,26.91,34.79,-9.76,9.76,2.41,0.03,18.59,0.05,0
39.35,11044.28,26.81,34.72,-9.76,9.76,2.45,0.03,18.59,0.05,0
39.36,11044.55,26.71,34.64,-9.76,9.76,2.47,0.03,18.59,0.05,0
39.37,11044.81,26.61,34.56,-9.76,9.76,2.48,0.03,18.59,0.05,0
39.38,11045.08,26.52,34.49,-9.76,9.76,2.49,0.03,18.59,0.05,0
39.39,11045.34,26.42,34.41,-9.76,9.76,2.5,0.03,18.59,0.05,0
39.4,11045.61,26.32,34.34,-9.76,9.76,2.51,0.03,18.59,0.05,0
39.41,11045.87,26.22,34.26,-9.76,9.76,2.56,0.03,18.59,0.05,0
39.42,11046.13,26.13,34.19,-9.76,9.76,2.61,0.03,18.59,0.05,0
39.43,11046.39,26.03,34.11,-9.75,9.75,2.67,0.03,18.59,0.05,0
39.44,11046.65,25.93,34.04,-9.75,9.75,2.73,0.03,18.59,0.05,0
39.45,11046.91,25.83,33.96,-9.75,9.75,2.79,0.03,18.59,0.05,0
39.46,11047.17,25.74,33.89,-9.75,9.75,2.82,0.03,18.59,0.05,0
39.47,11047.43,25.64,33.81,-9.75,9.75,2.84,0.03,18.59,0.05,0
39.48,11047.68,25.54,33.74,-9.75,9.75,2.86,0.03,18.59,0.05,0
39.49,11047.94,25.44,33.66,-9.75,9.75,2.88,0.03,18.59,0.05,0
39.5,11048.19,25.35,33.59,-9.75,9.75,2.9,0.03,18.59,0.05,0
39.51,11048.44,25.25,33.51,-9.75,9.75,2.93,0.02,18.59,0.05,0
39.52,11048.7,25.15,33.44,-9.75,9.75,2.98,0.02,18.59,0.05,0
39.53,11048.95,25.05,33.37,-9.74,9.74,3.02,0.02,18.59,0.05,0
39.54,11049.2,24.96,33.29,-9.74,9.74,3.06,0.02,18.59,0.05,0
39.55,11049.45,24.86,33.22,-9.74,9.74,3.11,0.02,18.59,0.05,0
39.56,11049.7,24.76,33.14,-9.74,9.74,3.14,0.02,18.59,0.05,0
39.57,11049.94,24.66,33.07,-9.74,9.74,3.18,0.02,18.59,0.05,0
39.58,11050.19,24.57,33,-9.74,9.74,3.21,0.02,18.59,0.05,0
39.59,11050.43,24.47,32.92,-9.74,9.74,3.25,0.02,18.59,0.05,0
39.6,11050.68,24.37,32.85,-9.74,9.74,3.29,0.02,18.59,0.05,0
39.61,11050.92,24.27,32.78,-9.74,9.74,3.32,0.02,18.59,0.05,0
39.62,11051.16,24.18,32.7,-9.73,9.74,3.35,0.02,18.59,0.05,0
39.63,11051.4,24.08,32.63,-9.73,9.73,3.37,0.02,18.59,0.05,0
39.64,11051.64,23.98,32.56,-9.73,9.73,3.4,0.02,18.59,0.05,0
39.65,11051.88,23.88,32.49,-9.73,9.73,3.43,0.02,18.59,0.05,0
39.66,11052.12,23.79,32.41,-9.73,9.73,3.45,0.02,18.59,0.05,0
39.67,11052.36,23.69,32.34,-9.73,9.73,3.45,0.02,18.59,0.05,0
39.68,11052.6,23.59,32.27,-9.73,9.73,3.46,0.02,18.59,0.05,0
39.69,11052.83,23.49,32.2,-9.73,9.73,3.46,0.02,18.59,0.05,0
39.7,11053.07,23.4,32.13,-9.73,9.73,3.47,0.02,18.59,0.05,0
39.71,11053.3,23.3,32.05,-9.73,9.73,3.48,0.02,18.59,0.05,0
39.72,11053.53,23.2,31.98,-9.73,9.73,3.51,0.02,18.59,0.05,0
39.73,11053.76,23.11,31.91,-9.73,9.73,3.53,0.02,18.59,0.05,0
39.74,11053.99,23.01,31.84,-9.73,9.73,3.56,0.02,18.59,0.05,0
39.75,11054.22,22.91,31.77,-9.73,9.73,3.59,0.02,18.59,0.05,0
39.76,11054.45,22.81,31.7,-9.73,9.73,3.59,0.02,18.59,0.05,0
39.77,11054.68,22.72,31.63,-9.73,9.73,3.58,0.02,18.59,0.05,0
39.78,11054.91,22.62,31.56,-9.73,9.73,3.58,0.02,18.59,0.05,0
39.79,11055.13,22.52,31.49,-9.73,9.73,3.57,0.02,18.59,0.05,0
39.8,11055.36,22.42,31.42,-9.73,9.73,3.57,0.02,18.59,0.05,0
39.81,11055.58,22.33,31.34,-9.73,9.73,3.58,0.02,18.59,0.05,0
39.82,11055.8,22.23,31.27,-9.73,9.73,3.6,0.02,18.59,0.05,0
39.83,11056.03,22.13,31.2,-9.73,9.73,3.62,0.02,18.59,0.05,0
39.84,11056.25,22.04,31.14,-9.73,9.73,3.64,0.02,18.59,0.05,0
39.85,11056.47,21.94,31.07,-9.73,9.73,3.67,0.02,18.59,0.05,0
39.86,11056.69,21.84,31,-9.73,9.73,3.67,0.02,18.59,0.05,0
39.87,11056.9,21.74,30.93,-9.73,9.73,3.67,0.02,18.59,0.05,0
39.88,11057.12,21.65,30.86,-9.73,9.73,3.67,0.02,18.59,0.05,0
39.89,11057.34,21.55,30.79,-9.73,9.73,3.67,0.02,18.59,0.05,0
39.9,11057.55,21.45,30.72,-9.73,9.73,3.66,0.02,18.59,0.05,0
39.91,11057.77,21.35,30.65,-9.72,9.73,3.7,0.02,18.59,0.05,0
39.92,11057.98,21.26,30.58,-9.72,9.72,3.76,0.02,18.59,0.05,0
39.93,11058.19,21.16,30.51,-9.72,9.72,3.82,0.02,18.59,0.05,0
39.94,11058.4,21.06,30.45,-9.72,9.72,3.88,0.02,18.59,0.05,0
39.95,11058.61,20.97,30.38,-9.72,9.72,3.94,0.02,18.59,0.05,0
39.96,11058.82,20.87,30.31,-9.72,9.72,3.96,0.02,18.59,0.05,0
39.97,11059.03,20.77,30.24,-9.72,9.72,3.96,0.02,18.59,0.05,0
39.98,11059.24,20.67,30.17,-9.72,9.72,3.97,0.02,18.59,0.05,0
39.99,11059.44,20.58,30.11,-9.72,9.72,3.97,0.02,18.59,0.05,0
40,11059.65,20.48,30.04,-9.72,9.72,3.97,0.02,18.59,0.05,0
40.01,11059.85,20.38,29.97,-9.72,9.72,3.99,0.02,18.59,0.05,0
40.02,11060.06,20.29,29.91,-9.72,9.72,4.02,0.02,18.59,0.05,0
40.03,11060.26,20.19,29.84,-9.72,9.72,4.05,0.02,18.59,0.05,0
40.04,11060.46,20.09,29.77,-9.71,9.72,4.08,0.02,18.59,0.05,0
40.05,11060.66,19.99,29.71,-9.71,9.72,4.11,0.02,18.59,0.05,0
40.06,11060.86,19.9,29.64,-9.71,9.71,4.11,0.02,18.59,0.05,0
40.07,11061.06,19.8,29.57,-9.71,9.72,4.1,0.02,18.59,0.05,0
40.08,11061.25,19.7,29.51,-9.71,9.72,4.09,0.02,18.59,0.05,0
40.09,11061.45,19.61,29.44,-9.72,9.72,4.08,0.02,18.59,0.05,0
40.1,11061.65,19.51,29.38,-9.72,9.72,4.06,0.02,18.59,0.05,0
40.11,11061.84,19.41,29.31,-9.72,9.72,4.08,0.02,18.59,0.05,0
40.12,11062.04,19.31,29.25,-9.71,9.72,4.11,0.02,18.59,0.05,0
40.13,11062.23,19.22,29.18,-9.71,9.71,4.13,0.02,18.59,0.05,0
40.14,11062.42,19.12,29.12,-9.71,9.71,4.16,0.02,18.59,0.05,0
40.15,11062.61,19.02,29.05,-9.71,9.71,4.19,0.02,18.59,0.05,0
40.16,11062.8,18.93,28.99,-9.71,9.71,4.21,0.02,18.59,0.05,0
40.17,11062.99,18.83,28.92,-9.71,9.71,4.24,0.02,18.59,0.05,0
40.18,11063.18,18.73,28.86,-9.71,9.71,4.27,0.02,18.59,0.05,0
40.19,11063.36,18.63,28.8,-9.71,9.71,4.3,0.02,18.59,0.05,0
40.2,11063.55,18.54,28.73,-9.71,9.71,4.33,0.02,18.59,0.05,0
40.21,11063.73,18.44,28.67,-9.71,9.71,4.35,0.02,18.59,0.05,0
40.22,11063.92,18.34,28.6,-9.71,9.71,4.37,0.02,18.59,0.05,0
40.23,11064.1,18.25,28.54,-9.71,9.71,4.39,0.02,18.59,0.05,0
40.24,11064.28,18.15,28.48,-9.71,9.71,4.41,0.02,18.59,0.05,0
40.25,11064.46,18.05,28.42,-9.71,9.71,4.43,0.02,18.59,0.05,0
40.26,11064.64,17.95,28.35,-9.71,9.71,4.45,0.02,18.59,0.05,0
40.27,11064.82,17.86,28.29,-9.71,9.71,4.47,0.02,18.59,0.05,0
40.28,11065,17.76,28.23,-9.71,9.71,4.5,0.02,18.59,0.05,0
40.29,11065.18,17.66,28.17,-9.7,9.71,4.52,0.02,18.59,0.05,0
40.3,11065.35,17.57,28.11,-9.7,9.71,4.54,0.02,18.59,0.05,0
40.31,11065.53,17.47,28.04,-9.7,9.7,4.56,0.02,18.59,0.05,0
40.32,11065.7,17.37,27.98,-9.7,9.7,4.58,0.02,18.59,0.05,0
40.33,11065.88,17.28,27.92,-9.7,9.7,4.6,0.02,18.59,0.05,0
40.34,11066.05,17.18,27.86,-9.7,9.7,4.62,0.02,18.59,0.05,0
40.35,11066.22,17.08,27.8,-9.7,9.7,4.64,0.02,18.59,0.05,0
40.36,11066.39,16.98,27.74,-9.7,9.7,4.66,0.02,18.59,0.05,0
40.37,11066.56,16.89,27.68,-9.7,9.7,4.69,0.02,18.59,0.05,0
40.38,11066.73,16.79,27.62,-9.7,9.7,4.71,0.02,18.59,0.05,0
40.39,11066.9,16.69,27.56,-9.7,9.7,4.74,0.02,18.59,0.05,0
40.4,11067.06,16.6,27.5,-9.7,9.7,4.77,0.02,18.59,0.05,0
40.41,11067.23,16.5,27.44,-9.7,9.7,4.79,0.02,18.59,0.05,0
40.42,11067.39,16.4,27.38,-9.7,9.7,4.81,0.02,18.59,0.05,0
40.43,11067.56,16.31,27.32,-9.7,9.7,4.83,0.02,18.59,0.05,0
40.44,11067.72,16.21,27.26,-9.7,9.7,4.85,0.02,18.59,0.05,0
40.45,11067.88,16.11,27.21,-9.7,9.7,4.87,0.02,18.59,0.05,0
40.46,11068.04,16.01,27.15,-9.7,9.7,4.91,0.02,18.59,0.05,0
40.47,11068.2,15.92,27.09,-9.7,9.7,4.96,0.02,18.59,0.05,0
40.48,11068.36,15.82,27.03,-9.69,9.69,5.01,0.02,18.59,0.05,0
40.49,11068.52,15.72,26.97,-9.69,9.69,5.07,0.02,18.59,0.05,0
40.5,11068.67,15.63,26.92,-9.69,9.69,5.12,0.02,18.59,0.05,0
40.51,11068.83,15.53,26.86,-9.69,9.69,5.16,0.02,18.59,0.05,0
40.52,11068.98,15.43,26.8,-9.69,9.69,5.19,0.02,18.59,0.05,0
40.53,11069.14,15.34,26.75,-9.69,9.69,5.22,0.02,18.59,0.05,0
40.54,11069.29,15.24,26.69,-9.69,9.69,5.26,0.02,18.59,0.05,0
40.55,11069.44,15.14,26.63,-9.69,9.69,5.29,0.02,18.59,0.05,0
40.56,11069.59,15.05,26.58,-9.69,9.69,5.34,0.02,18.59,0.05,0
40.57,11069.74,14.95,26.52,-9.69,9.69,5.4,0.02,18.59,0.05,0
40.58,11069.89,14.85,26.47,-9.68,9.68,5.46,0.02,18.59,0.05,0
40.59,11070.04,14.75,26.41,-9.68,9.68,5.52,0.02,18.59,0.05,0
40.6,11070.19,14.66,26.36,-9.68,9.68,5.58,0.02,18.59,0.05,0
40.61,11070.33,14.56,26.3,-9.68,9.68,5.64,0.02,18.59,0.05,0
40.62,11070.48,14.46,26.25,-9.68,9.68,5.68,0.02,18.59,0.05,0
40.63,11070.62,14.37,26.19,-9.68,9.68,5.73,0.02,18.59,0.05,0
40.64,11070.77,14.27,26.14,-9.68,9.68,5.78,0.02,18.59,0.05,0
40.65,11070.91,14.17,26.09,-9.68,9.68,5.82,0.02,18.59,0.05,0
40.66,11071.05,14.08,26.03,-9.67,9.68,5.87,0.02,18.59,0.05,0
40.67,11071.19,13.98,25.98,-9.67,9.67,5.91,0.02,18.59,0.05,0
40.68,11071.33,13.88,25.93,-9.67,9.67,5.96,0.02,18.59,0.05,0
40.69,11071.47,13.79,25.87,-9.67,9.67,6,0.02,18.59,0.05,0
40.7,11071.61,13.69,25.82,-9.67,9.67,6.05,0.02,18.59,0.05,0
40.71,11071.74,13.59,25.77,-9.67,9.67,6.09,0.02,18.59,0.05,0
40.72,11071.88,13.5,25.72,-9.67,9.67,6.12,0.02,18.59,0.05,0
40.73,11072.01,13.4,25.66,-9.67,9.67,6.16,0.02,18.59,0.05,0
40.74,11072.15,13.3,25.61,-9.67,9.67,6.2,0.02,18.59,0.05,0
40.75,11072.28,13.21,25.56,-9.67,9.67,6.24,0.02,18.59,0.05,0
40.76,11072.41,13.11,25.51,-9.67,9.67,6.26,0.02,18.59,0.05,0
40.77,11072.54,13.01,25.46,-9.67,9.67,6.28,0.02,18.59,0.05,0
40.78,11072.67,12.92,25.41,-9.66,9.67,6.3,0.02,18.59,0.05,0
40.79,11072.8,12.82,25.36,-9.66,9.67,6.32,0.02,18.59,0.05,0
40.8,11072.93,12.72,25.31,-9.66,9.67,6.34,0.02,18.59,0.05,0
40.81,11073.05,12.63,25.26,-9.66,9.67,6.35,0.02,18.59,0.05,0
40.82,11073.18,12.53,25.21,-9.66,9.67,6.36,0.02,18.59,0.05,0
40.83,11073.3,12.43,25.16,-9.66,9.67,6.37,0.02,18.59,0.05,0
40.84,11073.43,12.34,25.11,-9.66,9.67,6.38,0.02,18.59,0.05,0
40.85,11073.55,12.24,25.07,-9.66,9.67,6.39,0.02,18.59,0.05,0
40.86,11073.67,12.14,25.02,-9.66,9.66,6.42,0.02,18.59,0.05,0
40.87,11073.79,12.05,24.97,-9.66,9.66,6.48,0.02,18.59,0.05,0
40.88,11073.91,11.95,24.92,-9.66,9.66,6.53,0.02,18.59,0.05,0
40.89,11074.03,11.85,24.87,-9.66,9.66,6.59,0.02,18.59,0.05,0
40.9,11074.15,11.76,24.83,-9.66,9.66,6.64,0.02,18.59,0.05,0
40.91,11074.27,11.66,24.78,-9.66,9.66,6.67,0.02,18.59,0.05,0
40.92,11074.38,11.56,24.74,-9.66,9.66,6.69,0.02,18.59,0.05,0
40.93,11074.5,11.47,24.69,-9.66,9.66,6.71,0.02,18.59,0.05,0
40.94,11074.61,11.37,24.64,-9.66,9.66,6.73,0.02,18.59,0.05,0
40.95,11074.73,11.27,24.6,-9.66,9.66,6.75,0.02,18.59,0.05,0
40.96,11074.84,11.18,24.55,-9.66,9.66,6.77,0.02,18.59,0.05,0
40.97,11074.95,11.08,24.51,-9.66,9.66,6.78,0.02,18.59,0.05,0
40.98,11075.06,10.99,24.46,-9.66,9.66,6.8,0.02,18.59,0.05,0
40.99,11075.17,10.89,24.42,-9.66,9.66,6.82,0.02,18.59,0.05,0
41,11075.28,10.79,24.38,-9.66,9.66,6.84,0.02,18.59,0.05,0
41.01,11075.39,10.7,24.33,-9.65,9.66,6.88,0.02,18.59,0.05,0
41.02,11075.49,10.6,24.29,-9.65,9.65,6.93,0.02,18.59,0.05,0
41.03,11075.6,10.5,24.25,-9.65,9.65,6.97,0.02,18.59,0.05,0
41.04,11075.7,10.41,24.2,-9.65,9.65,7.02,0.02,18.59,0.05,0
41.05,11075.81,10.31,24.16,-9.65,9.65,7.07,0.02,18.59,0.05,0
41.06,11075.91,10.21,24.12,-9.65,9.65,7.1,0.02,18.59,0.05,0
41.07,11076.01,10.12,24.08,-9.65,9.65,7.13,0.02,18.59,0.05,0
41.08,11076.11,10.02,24.03,-9.65,9.65,7.15,0.02,18.59,0.05,0
41.09,11076.21,9.92,23.99,-9.65,9.65,7.18,0.02,18.59,0.05,0
41.1,11076.31,9.83,23.95,-9.65,9.65,7.21,0.02,18.59,0.05,0
41.11,11076.41,9.73,23.91,-9.65,9.65,7.25,0.02,18.59,0.05,0
41.12,11076.5,9.63,23.87,-9.65,9.65,7.3,0.02,18.59,0.05,0
41.13,11076.6,9.54,23.83,-9.64,9.65,7.36,0.02,18.59,0.05,0
41.14,11076.69,9.44,23.79,-9.64,9.64,7.41,0.02,18.59,0.05,0
41.15,11076.79,9.34,23.75,-9.64,9.64,7.47,0.02,18.59,0.05,0
41.16,11076.88,9.25,23.72,-9.64,9.64,7.52,0.02,18.59,0.05,0
41.17,11076.97,9.15,23.68,-9.64,9.64,7.57,0.02,18.59,0.05,0
41.18,11077.06,9.06,23.64,-9.64,9.64,7.61,0.02,18.59,0.05,0
41.19,11077.15,8.96,23.6,-9.64,9.64,7.66,0.02,18.59,0.05,0
41.2,11077.24,8.86,23.56,-9.64,9.64,7.71,0.02,18.59,0.05,0
41.21,11077.33,8.77,23.53,-9.63,9.64,7.76,0.02,18.59,0.05,0
41.22,11077.42,8.67,23.49,-9.63,9.63,7.82,0.02,18.59,0.05,0
41.23,11077.5,8.57,23.45,-9.63,9.63,7.88,0.02,18.59,0.05,0
41.24,11077.59,8.48,23.42,-9.63,9.63,7.93,0.02,18.59,0.05,0
41.25,11077.67,8.38,23.38,-9.63,9.63,7.99,0.02,18.59,0.05,0
41.26,11077.76,8.28,23.35,-9.63,9.63,8.02,0.02,18.59,0.05,0
41.27,11077.84,8.19,23.31,-9.63,9.63,8.03,0.02,18.59,0.05,0
41.28,11077.92,8.09,23.28,-9.63,9.63,8.04,0.02,18.59,0.05,0
41.29,11078,8,23.24,-9.63,9.63,8.05,0.02,18.59,0.05,0
41.3,11078.08,7.9,23.21,-9.63,9.63,8.07,0.02,18.59,0.05,0
41.31,11078.16,7.8,23.17,-9.63,9.63,8.1,0.02,18.59,0.05,0
41.32,11078.24,7.71,23.14,-9.63,9.63,8.15,0.02,18.59,0.05,0
41.33,11078.31,7.61,23.11,-9.63,9.63,8.19,0.02,18.59,0.05,0
41.34,11078.39,7.51,23.07,-9.63,9.63,8.23,0.02,18.59,0.05,0
41.35,11078.46,7.42,23.04,-9.62,9.62,8.28,0.02,18.59,0.05,0
41.36,11078.54,7.32,23.01,-9.62,9.62,8.32,0.02,18.59,0.05,0
41.37,11078.61,7.23,22.98,-9.62,9.62,8.35,0.02,18.59,0.05,0
41.38,11078.68,7.13,22.95,-9.62,9.62,8.39,0.02,18.59,0.05,0
41.39,11078.75,7.03,22.92,-9.62,9.62,8.42,0.02,18.59,0.05,0
41.4,11078.82,6.94,22.89,-9.62,9.62,8.46,0.02,18.59,0.05,0
41.41,11078.89,6.84,22.86,-9.62,9.62,8.5,0.02,18.59,0.05,0
41.42,11078.96,6.74,22.83,-9.62,9.62,8.55,0.02,18.59,0.05,0
41.43,11079.03,6.65,22.8,-9.62,9.62,8.6,0.02,18.59,0.05,0
41.44,11079.09,6.55,22.77,-9.62,9.62,8.65,0.02,18.59,0.05,0
41.45,11079.16,6.46,22.74,-9.61,9.61,8.69,0.02,18.59,0.05,0
41.46,11079.22,6.36,22.71,-9.61,9.61,8.74,0.02,18.59,0.05,0
41.47,11079.29,6.26,22.68,-9.61,9.61,8.78,0.02,18.59,0.05,0
41.48,11079.35,6.17,22.66,-9.61,9.61,8.82,0.02,18.59,0.05,0
41.49,11079.41,6.07,22.63,-9.61,9.61,8.87,0.02,18.59,0.05,0
41.5,11079.47,5.98,22.6,-9.61,9.61,8.91,0.02,18.59,0.05,0
41.51,11079.53,5.88,22.58,-9.61,9.61,8.94,0.02,18.59,0.05,0
41.52,11079.59,5.78,22.55,-9.61,9.61,8.96,0.02,18.59,0.05,0
41.53,11079.64,5.69,22.53,-9.61,9.61,8.98,0.02,18.59,0.05,0
41.54,11079.7,5.59,22.5,-9.61,9.61,9,0.02,18.59,0.05,0
41.55,11079.76,5.5,22.48,-9.61,9.61,9.02,0.02,18.59,0.05,0
41.56,11079.81,5.4,22.45,-9.61,9.61,9.05,0.02,18.59,0.05,0
41.57,11079.86,5.3,22.43,-9.61,9.61,9.08,0.02,18.59,0.05,0
41.58,11079.92,5.21,22.4,-9.61,9.61,9.12,0.02,18.59,0.05,0
41.59,11079.97,5.11,22.38,-9.61,9.61,9.15,0.02,18.59,0.05,0
41.6,11080.02,5.01,22.36,-9.6,9.61,9.18,0.02,18.59,0.05,0
41.61,11080.07,4.92,22.34,-9.6,9.6,9.23,0.02,18.59,0.05,0
41.62,11080.12,4.82,22.31,-9.6,9.6,9.27,0.02,18.59,0.05,0
41.63,11080.16,4.73,22.29,-9.6,9.6,9.32,0.02,18.59,0.05,0
41.64,11080.21,4.63,22.27,-9.6,9.6,9.37,0.02,18.59,0.05,0
41.65,11080.26,4.53,22.25,-9.6,9.6,9.41,0.02,18.59,0.05,0
41.66,11080.3,4.44,22.23,-9.6,9.6,9.45,0.02,18.59,0.05,0
41.67,11080.35,4.34,22.21,-9.6,9.6,9.48,0.02,18.59,0.05,0
41.68,11080.39,4.25,22.19,-9.6,9.6,9.51,0.02,18.59,0.05,0
41.69,11080.43,4.15,22.17,-9.6,9.6,9.55,0.02,18.59,0.05,0
41.7,11080.47,4.05,22.15,-9.59,9.6,9.58,0.02,18.59,0.05,0
41.71,11080.51,3.96,22.13,-9.59,9.59,9.62,0.02,18.59,0.05,0
41.72,11080.55,3.86,22.12,-9.59,9.59,9.66,0.02,18.59,0.05,0
41.73,11080.59,3.77,22.1,-9.59,9.59,9.7,0.02,18.59,0.05,0
41.74,11080.63,3.67,22.08,-9.59,9.59,9.73,0.02,18.59,0.05,0
41.75,11080.66,3.58,22.06,-9.59,9.59,9.77,0.02,18.59,0.05,0
41.76,11080.7,3.48,22.05,-9.59,9.59,9.8,0.02,18.59,0.05,0
41.77,11080.73,3.38,22.03,-9.59,9.59,9.83,0.02,18.59,0.05,0
41.78,11080.77,3.29,22.02,-9.59,9.59,9.86,0.02,18.59,0.05,0
41.79,11080.8,3.19,22,-9.59,9.59,9.89,0.02,18.59,0.05,0
41.8,11080.83,3.1,21.99,-9.59,9.59,9.92,0.02,18.59,0.05,0
41.81,11080.86,3,21.97,-9.58,9.59,9.96,0.02,18.59,0.05,0
41.82,11080.89,2.9,21.96,-9.58,9.58,10,0.02,18.59,0.05,0
41.83,11080.92,2.81,21.95,-9.58,9.58,10.03,0.02,18.59,0.05,0
41.84,11080.95,2.71,21.93,-9.58,9.58,10.07,0.02,18.59,0.05,0
41.85,11080.97,2.62,21.92,-9.58,9.58,10.11,0.02,18.59,0.05,0
41.86,11081,2.52,21.91,-9.58,9.58,10.14,0.02,18.59,0.05,0
41.87,11081.02,2.43,21.9,-9.58,9.58,10.17,0.02,18.59,0.05,0
41.88,11081.05,2.33,21.89,-9.58,9.58,10.2,0.02,18.59,0.05,0
41.89,11081.07,2.23,21.87,-9.58,9.58,10.23,0.02,18.59,0.05,0
41.9,11081.09,2.14,21.86,-9.58,9.58,10.26,0.02,18.59,0.05,0
41.91,11081.11,2.04,21.85,-9.57,9.58,10.29,0.02,18.59,0.05,0
41.92,11081.13,1.95,21.84,-9.57,9.57,10.32,0.02,18.59,0.05,0
41.93,11081.15,1.85,21.83,-9.57,9.57,10.35,0.02,18.59,0.05,0
41.94,11081.17,1.76,21.83,-9.57,9.57,10.38,0.02,18.59,0.05,0
41.95,11081.19,1.66,21.82,-9.57,9.57,10.41,0.02,18.59,0.05,0
41.96,11081.2,1.56,21.81,-9.57,9.57,10.44,0.02,18.59,0.05,0
41.97,11081.22,1.47,21.8,-9.57,9.57,10.46,0.02,18.59,0.05,0
41.98,11081.23,1.37,21.79,-9.57,9.57,10.49,0.02,18.59,0.05,0
41.99,11081.24,1.28,21.79,-9.57,9.57,10.52,0.02,18.59,0.05,0
42,11081.26,1.18,21.78,-9.57,9.57,10.55,0.02,18.59,0.05,0
42.01,11081.27,1.09,21.78,-9.56,9.57,10.57,0.02,18.59,0.05,0
42.02,11081.28,0.99,21.77,-9.56,9.57,10.59,0.02,18.59,0.05,0
42.03,11081.29,0.89,21.77,-9.56,9.57,10.61,0.02,18.59,0.05,0
42.04,11081.3,0.8,21.76,-9.56,9.57,10.63,0.02,18.59,0.05,0
42.05,11081.3,0.7,21.76,-9.56,9.57,10.65,0.02,18.59,0.05,0
42.06,11081.31,0.61,21.75,-9.56,9.56,10.68,0.02,18.59,0.05,0
42.07,11081.32,0.51,21.75,-9.56,9.56,10.7,0.02,18.59,0.05,0
42.08,11081.32,0.42,21.75,-9.56,9.56,10.73,0.02,18.59,0.05,0
42.09,11081.32,0.32,21.74,-9.56,9.56,10.75,0.02,18.59,0.05,0
42.1,11081.33,0.22,21.74,-9.56,9.56,10.77,0.02,18.59,0.05,0
42.11,11081.33,0.13,21.74,-9.56,9.56,10.79,0.02,18.59,0.05,0
42.12,11081.33,0.03,21.74,-9.56,9.56,10.81,0.02,18.59,0.05,0
42.13,11081.33,-0.06,21.74,-9.56,9.56,10.83,0.02,18.59,0.05,0
42.14,11081.33,-0.16,21.74,-9.55,9.56,10.85,0.02,18.59,0.05,0
42.15,11081.33,-0.25,21.74,-9.55,9.55,10.86,0.02,18.59,0.05,0
42.16,11081.32,-0.35,21.74,-9.55,9.55,10.88,0.02,18.59,0.05,0
42.17,11081.32,-0.44,21.74,-9.68,10.64,NaN,NaN,18.59,0.05,0
42.26,11081.24,-1.35,21.36,-9.51,10.41,NaN,NaN,18.59,0.05,0
42.36,11081.06,-2.27,21.04,-9.35,10.24,NaN,NaN,18.59,0.05,0
42.45,11080.8,-3.18,20.75,-9.19,10.05,NaN,NaN,18.59,0.05,0
42.55,11080.43,-4.09,20.51,-9.03,9.86,NaN,NaN,18.59,0.05,0
42.66,11079.97,-5.01,20.33,-8.86,9.71,NaN,NaN,18.59,0.05,0
42.76,11079.41,-5.92,20.18,-8.71,9.51,NaN,NaN,18.59,0.05,0
42.86,11078.74,-6.84,20.09,-8.56,9.33,NaN,NaN,18.59,0.05,0
42.97,11077.96,-7.76,20.05,-8.42,9.14,NaN,NaN,18.59,0.05,0
43.08,11077.06,-8.68,20.08,-8.25,8.97,NaN,NaN,18.59,0.05,0
43.19,11076.04,-9.6,20.14,-8.09,8.8,NaN,NaN,18.59,0.05,0
43.31,11074.89,-10.52,20.26,-7.91,8.64,NaN,NaN,18.59,0.05,0
43.42,11073.62,-11.43,20.42,-7.74,8.46,NaN,NaN,18.59,0.05,0
43.54,11072.22,-12.35,20.62,-7.59,8.26,NaN,NaN,18.59,0.05,0
43.66,11070.67,-13.27,20.88,-7.4,8.08,NaN,NaN,18.59,0.05,0
43.78,11068.97,-14.18,21.17,-7.23,7.89,NaN,NaN,18.59,0.05,0
43.91,11067.11,-15.1,21.5,-7.03,7.69,NaN,NaN,18.59,0.05,0
44.04,11065.09,-16.01,21.88,-6.83,7.49,NaN,NaN,18.59,0.05,0
44.17,11062.89,-16.92,22.28,-6.61,7.29,NaN,NaN,18.59,0.05,0
44.31,11060.51,-17.83,22.72,-6.37,7.08,NaN,NaN,18.59,0.05,0
44.45,11057.93,-18.73,23.17,-6.17,6.85,NaN,NaN,18.59,0.05,0
44.6,11055.12,-19.63,23.66,-5.91,6.62,NaN,NaN,18.59,0.05,0
44.75,11052.09,-20.53,24.17,-5.64,6.39,NaN,NaN,18.59,0.05,0
44.91,11048.81,-21.41,24.68,-5.42,6.13,NaN,NaN,18.59,0.05,0
45.07,11045.25,-22.29,25.23,-5.15,5.88,NaN,NaN,18.59,0.05,0
45.24,11041.38,-23.17,25.79,-4.88,5.61,NaN,NaN,18.59,0.05,0
45.42,11037.18,-24.04,26.37,-4.61,5.33,NaN,NaN,18.59,0.05,0
45.6,11032.59,-24.9,26.96,-4.34,5.03,NaN,NaN,18.59,0.05,0
45.8,11027.55,-25.76,27.58,-4.02,4.74,NaN,NaN,18.59,0.05,0
46.01,11022.03,-26.61,28.19,-3.68,4.47,NaN,NaN,18.59,0.05,0
46.24,11015.98,-27.43,28.79,-3.34,4.19,NaN,NaN,18.59,0.05,0
46.48,11009.34,-28.23,29.38,-3.03,3.88,NaN,NaN,18.59,0.05,0
46.73,11001.97,-29.01,29.97,-2.72,3.55,NaN,NaN,18.59,0.05,0
47.02,10993.7,-29.78,30.56,-2.4,3.23,NaN,NaN,18.59,0.05,0
47.33,10984.38,-30.52,31.14,-2.06,2.94,NaN,NaN,18.59,0.05,0
47.67,10973.88,-31.22,31.7,-1.76,2.59,NaN,NaN,18.59,0.05,0
