# Time (s),Altitude (ft),Vertical velocity (ft/s),Total velocity (ft/s),Vertical acceleration (G),Total acceleration (G),Angle of attack (°),Roll rate (r/s),Thrust (N)
0,0,0,0,0,0,87,0,0
0.01,0,0,0,0,0,87,0,20.41
0.02,0,0.92,0.92,6.35,6.36,78.96,0,2046.65
0.03,0.03,4.14,4.15,13.64,13.66,55.51,0,4072.89
0.04,0.09,9.7,9.71,20.93,20.96,33.21,0,6099.13
0.04,0.15,13.36,13.38,24.58,24.62,25.69,0,7112.25
0.05,0.27,19.23,19.26,24.07,24.1,18.65,0,6963.21
0.06,0.54,27.99,28.03,23.28,23.31,12.97,0,6734.69
0.07,0.86,35.55,35.6,23.7,23.73,10.2,0,6843.54
0.08,1.05,39.38,39.43,23.91,23.94,9.19,0,6897.96
0.09,1.37,45.09,45.15,23.44,23.47,7.98,0,6764.03
0.09,1.78,51.43,51.5,22.91,22.95,6.95,0,6612.25
0.1,2.33,58.86,58.95,23.31,23.34,6.09,0,6714.29
0.11,2.63,62.63,62.72,23.51,23.54,5.79,0,6765.31
0.12,3.12,68.26,68.35,23.14,23.18,5.4,0,6660.08
0.13,3.73,74.53,74.63,22.73,22.76,5.03,0,6540.82
0.14,4.51,81.86,81.97,22.82,22.86,4.68,0,6559.37
0.15,5.55,90.69,90.82,22.93,22.97,4.32,0,6581.63
0.16,6.49,98.07,98.2,22.91,22.94,4.01,0,6568.61
0.17,7.51,105.44,105.58,22.89,22.92,3.71,0,6555.58
0.18,8.6,112.8,112.95,22.86,22.9,3.46,0,6542.55
0.19,9.76,120.15,120.32,22.84,22.87,3.23,0,6529.53
0.19,10.62,125.29,125.46,22.82,22.86,3.09,0,6520.41
0.2,11.91,132.65,132.83,22.91,22.94,2.88,0,6538.07
0.21,13.28,140.03,140.23,23,23.03,2.66,0,6555.73
0.22,14.71,147.45,147.65,23.09,23.12,2.45,0,6573.39
0.23,16.23,154.89,155.11,23.18,23.21,2.27,0,6591.05
0.25,18.63,166.11,166.34,23.31,23.35,2.03,0,6617.54
0.27,22.56,183.06,183.31,23.51,23.55,1.81,0.01,6657.28
0.29,26.13,197.32,197.6,23.68,23.71,1.65,0.02,6690.46
0.31,29.42,209.66,209.96,23.82,23.86,1.52,0.02,6718.98
0.33,34.72,228.32,228.63,24.04,24.08,1.34,0.02,6761.76
0.35,39.28,243.33,243.67,24.21,24.25,1.2,0.03,6795.92
0.38,45.95,264,264.37,24.65,24.69,1.1,0.03,6895.68
0.4,53.22,285.17,285.57,25.09,25.13,1,0.04,6996.02
0.43,60.68,305.72,306.16,25.51,25.55,0.87,0.04,7091.84
0.46,69.36,328.3,328.77,25.73,25.78,0.72,0.05,7131.16
0.48,78.92,351.69,352.21,25.95,26,0.55,0.06,7171.57
0.51,89.51,376.09,376.65,26.18,26.24,0.39,0.06,7213.34
0.54,101.25,401.64,402.26,26.42,26.48,0.25,0.07,7256.7
0.56,109.53,418.87,419.52,26.58,26.65,0.15,0.07,7285.71
0.59,122.62,444.88,445.59,26.77,26.83,0.03,0.08,7314.04
0.63,138.07,473.95,474.74,26.97,27.04,0.13,0.08,7345.48
0.66,155.33,504.67,505.55,27.18,27.26,0.25,0.09,7378.44
0.69,171.82,532.56,533.53,27.36,27.46,0.34,0.09,7408.16
0.73,193.31,567.1,568.18,27.55,27.65,0.41,0.1,7431.23
0.78,217.88,604.4,605.61,27.74,27.85,0.43,0.1,7455.98
0.82,246.54,645.51,646.87,27.96,28.07,0.37,0.11,7483.04
0.87,279.94,690.68,692.2,28.2,28.3,0.22,0.11,7512.54
0.92,315.62,736.24,737.91,28.44,28.53,0.03,0.11,7542.04
0.97,353.57,782.19,784,28.68,28.76,0.16,0.12,7571.54
0.99,367.08,797.99,799.84,28.76,28.83,0.21,0.12,7581.63
1.01,387.86,821.75,823.66,28.83,28.9,0.26,0.12,7585.4
1.05,420.16,857.49,859.48,28.92,28.99,0.27,0.12,7591.05
1.1,464.2,904.1,906.22,29.03,29.11,0.15,0.11,7598.39
1.15,510.57,950.86,953.12,29.1,29.2,0.07,0.1,7605.73
1.16,517.18,957.35,959.63,29.11,29.21,0.1,0.1,7606.75
1.17,527.19,967.1,969.41,29.12,29.23,0.13,0.1,7608.27
1.19,542.39,981.72,984.08,29.14,29.25,0.18,0.1,7610.56
1.21,565.62,1003.67,1006.12,29.18,29.3,0.22,0.1,7614
1.24,601.43,1036.67,1039.24,29.26,29.38,0.21,0.12,7619.15
1.26,614.46,1048.44,1051.05,29.29,29.4,0.18,0.11,7620.99
1.27,624.94,1057.82,1060.47,29.31,29.42,0.14,0.11,7622.45
1.28,640.83,1071.91,1074.61,29.36,29.47,0.08,0.12,7629.22
1.3,665.07,1093.09,1095.86,29.44,29.54,0.02,0.12,7639.37
1.33,693.38,1117.4,1120.24,29.53,29.61,0.12,0.13,7650.99
1.35,721.07,1140.73,1143.63,29.61,29.69,0.18,0.13,7662.11
1.38,747.42,1162.55,1165.51,29.68,29.76,0.17,0.14,7672.49
1.4,771.7,1182.35,1185.36,29.75,29.83,0.12,0.15,7681.88
1.42,793.84,1200.15,1203.22,29.8,29.89,0.06,0.15,7690.31
1.43,814.35,1216.45,1219.56,29.85,29.95,0,0.16,7698.01
1.45,833.72,1231.66,1234.82,29.9,30.01,0.06,0.17,7705.18
1.46,852.11,1245.95,1249.16,29.95,30.06,0.11,0.17,7711.92
1.48,869.69,1259.48,1262.75,29.99,30.11,0.13,0.18,7718.28
1.49,887.02,1272.7,1276.02,30.04,30.16,0.14,0.18,7724.49
1.5,903.21,1284.93,1288.29,30.02,30.13,0.14,0.19,7714.45
1.52,918.79,1296.58,1299.99,30,30.11,0.11,0.19,7704.86
1.53,933.82,1307.72,1311.17,29.98,30.09,0.08,0.2,7695.7
1.54,948.34,1318.39,1321.87,29.96,30.06,0.04,0.21,7686.93
1.55,962.37,1328.6,1332.12,29.95,30.04,0,0.21,7678.51
1.56,975.92,1338.39,1341.94,29.93,30.03,0.04,0.22,7670.45
1.57,988.94,1347.73,1351.3,29.92,30.01,0.07,0.22,7662.75
1.58,1001.5,1356.67,1360.26,29.91,29.99,0.09,0.23,7655.38
1.58,1005.47,1359.48,1363.09,29.9,29.98,0.1,0.23,7653.06
1.59,1011.45,1363.7,1367.32,29.87,29.95,0.11,0.23,7644.85
1.59,1020.44,1370.02,1373.65,29.83,29.91,0.12,0.24,7632.54
1.6,1031.97,1378.07,1381.72,29.78,29.85,0.12,0.24,7616.84
1.61,1043.15,1385.81,1389.48,29.72,29.8,0.12,0.25,7601.71
1.62,1053.99,1393.26,1396.96,29.67,29.75,0.11,0.25,7587.12
1.62,1064.51,1400.44,1404.16,29.61,29.69,0.1,0.26,7573.03
1.63,1074.72,1407.36,1411.1,29.56,29.64,0.08,0.27,7559.43
1.64,1084.62,1414.04,1417.79,29.51,29.6,0.06,0.27,7546.29
1.64,1088.77,1416.81,1420.58,29.49,29.58,0.05,0.27,7540.82
1.65,1094.99,1420.98,1424.75,29.47,29.56,0.04,0.28,7536.65
1.65,1104.31,1427.18,1430.97,29.45,29.55,0.01,0.28,7530.44
1.66,1113.36,1433.17,1436.98,29.43,29.53,0.01,0.29,7524.43
1.66,1122.12,1438.95,1442.78,29.41,29.51,0.03,0.29,7518.64
1.67,1130.59,1444.5,1448.35,29.39,29.49,0.05,0.3,7513.07
1.68,1138.78,1449.86,1453.72,29.37,29.48,0.07,0.31,7507.69
1.68,1146.73,1455.03,1458.91,29.35,29.46,0.08,0.31,7502.5
1.68,1150.57,1457.51,1461.41,29.34,29.45,0.09,0.31,7500
1.69,1156.33,1461.23,1465.14,29.26,29.37,0.1,0.32,7479.86
1.69,1163.77,1466.01,1469.94,29.15,29.26,0.1,0.32,7453.92
1.7,1171.01,1470.63,1474.57,29.04,29.15,0.11,0.33,7428.76
1.7,1178.06,1475.09,1479.05,28.94,29.05,0.11,0.33,7404.33
1.71,1184.93,1479.42,1483.39,28.84,28.95,0.11,0.34,7380.59
1.71,1191.64,1483.61,1487.6,28.74,28.85,0.11,0.35,7357.5
1.72,1197.69,1487.37,1491.37,28.65,28.76,0.1,0.35,7336.74
1.72,1204.08,1491.32,1495.35,28.63,28.74,0.1,0.36,7329.65
1.72,1210.32,1495.17,1499.21,28.6,28.71,0.09,0.36,7322.75
1.73,1216.41,1498.91,1502.96,28.58,28.68,0.08,0.37,7316.04
1.73,1222.34,1502.55,1506.61,28.55,28.66,0.07,0.37,7309.51
1.74,1228.14,1506.08,1510.16,28.53,28.64,0.06,0.38,7303.15
1.74,1233.78,1509.52,1513.61,28.51,28.61,0.05,0.39,7296.97
1.74,1239.29,1512.86,1516.96,28.49,28.59,0.04,0.39,7290.95
1.75,1244.67,1516.11,1520.23,28.47,28.57,0.02,0.4,7285.09
1.75,1249.91,1519.28,1523.4,28.45,28.54,0.01,0.4,7279.39
1.75,1255.03,1522.35,1526.49,28.43,28.52,0,0.41,7273.84
1.76,1260.02,1525.35,1529.49,28.41,28.5,0.01,0.41,7268.43
1.76,1264.88,1528.26,1532.41,28.39,28.48,0.02,0.42,7263.17
1.76,1269.62,1531.09,1535.25,28.37,28.46,0.03,0.42,7258.06
1.77,1274.24,1533.84,1538.01,28.36,28.44,0.04,0.43,7253.08
1.77,1278.75,1536.52,1540.7,28.34,28.42,0.05,0.44,7248.24
1.77,1283.15,1539.13,1543.31,28.32,28.41,0.05,0.44,7243.52
1.78,1287.44,1541.67,1545.86,28.31,28.39,0.06,0.45,7238.91
1.78,1291.64,1544.14,1548.34,28.29,28.37,0.07,0.45,7234.42
1.78,1295.74,1546.56,1550.76,28.28,28.36,0.07,0.46,7230.04
1.78,1300.95,1549.62,1553.83,28.26,28.34,0.08,0.47,7224.49
1.79,1304.84,1551.9,1556.12,28.23,28.31,0.08,0.47,7217.33
1.79,1308.73,1554.17,1558.4,28.2,28.28,0.09,0.48,7210.21
1.79,1312.61,1556.44,1560.67,28.17,28.25,0.09,0.48,7203.09
1.79,1316.51,1558.7,1562.94,28.14,28.22,0.09,0.49,7195.96
1.8,1320.41,1560.96,1565.21,28.11,28.19,0.09,0.49,7188.84
1.8,1324.31,1563.22,1567.48,28.08,28.16,0.09,0.5,7181.72
1.8,1328.22,1565.48,1569.74,28.05,28.13,0.09,0.51,7174.6
1.8,1332.14,1567.74,1572,28.03,28.1,0.09,0.51,7167.47
1.81,1336.06,1569.99,1574.26,28,28.07,0.09,0.52,7160.35
1.81,1339.99,1572.24,1576.52,27.97,28.04,0.09,0.53,7153.23
1.81,1343.92,1574.49,1578.77,27.94,28.01,0.09,0.54,7146.1
1.81,1347.86,1576.73,1581.02,27.91,27.98,0.09,0.54,7138.98
1.82,1351.81,1578.98,1583.27,27.88,27.95,0.09,0.55,7131.86
1.82,1355.76,1581.22,1585.52,27.85,27.93,0.08,0.56,7124.73
1.82,1359.71,1583.46,1587.77,27.82,27.9,0.08,0.57,7117.61
1.82,1363.67,1585.69,1590.01,27.79,27.87,0.08,0.57,7110.49
1.83,1367.64,1587.93,1592.25,27.76,27.84,0.07,0.58,7103.37
1.83,1371.61,1590.16,1594.49,27.73,27.81,0.07,0.59,7096.24
1.83,1375.59,1592.39,1596.72,27.7,27.78,0.06,0.6,7089.12
1.83,1379.58,1594.62,1598.95,27.67,27.75,0.06,0.61,7082
1.84,1383.57,1596.84,1601.19,27.64,27.72,0.05,0.62,7074.87
1.84,1387.56,1599.06,1603.41,27.61,27.69,0.04,0.63,7067.75
1.84,1391.56,1601.28,1605.64,27.58,27.66,0.04,0.64,7060.63
1.84,1395.57,1603.5,1607.86,27.55,27.63,0.03,0.65,7053.5
1.85,1399.58,1605.71,1610.08,27.51,27.6,0.02,0.66,7046.38
1.85,1403.59,1607.92,1612.3,27.48,27.57,0.02,0.67,7039.26
1.85,1407.62,1610.13,1614.52,27.45,27.54,0.01,0.68,7032.14
1.85,1411.65,1612.34,1616.73,27.42,27.51,0.01,0.69,7025.01
1.86,1415.68,1614.55,1618.94,27.39,27.48,0.01,0.7,7017.89
1.86,1419.72,1616.75,1621.15,27.36,27.45,0.02,0.72,7010.77
1.86,1423.76,1618.95,1623.36,27.33,27.42,0.02,0.73,7003.64
1.86,1427.81,1621.14,1625.57,27.3,27.39,0.03,0.74,6996.52
1.87,1431.87,1623.34,1627.77,27.27,27.36,0.04,0.76,6989.4
1.87,1435.93,1625.53,1629.97,27.24,27.33,0.04,0.77,6982.27
1.87,1440,1627.72,1632.16,27.21,27.3,0.05,0.79,6975.15
1.87,1444.07,1629.91,1634.36,27.18,27.27,0.05,0.8,6968.03
1.88,1448.15,1632.09,1636.55,27.15,27.24,0.06,0.82,6960.91
1.88,1452.23,1634.27,1638.74,27.12,27.21,0.06,0.83,6953.78
1.88,1456.32,1636.45,1640.93,27.08,27.18,0.07,0.85,6946.66
1.88,1460.41,1638.63,1643.11,27.05,27.15,0.07,0.87,6939.54
1.89,1464.51,1640.81,1645.3,27.02,27.12,0.08,0.89,6932.41
1.89,1468.62,1642.98,1647.48,26.99,27.09,0.08,0.91,6925.29
1.89,1472.73,1645.15,1649.66,26.96,27.06,0.08,0.93,6918.17
1.89,1476.84,1647.32,1651.83,26.93,27.04,0.08,0.95,6911.04
1.9,1480.96,1649.48,1654,26.9,27.01,0.08,0.96,6903.92
1.9,1485.09,1651.64,1656.17,26.87,26.98,0.08,0.98,6896.8
1.9,1489.22,1653.8,1658.34,26.84,26.95,0.09,1,6889.68
1.9,1493.36,1655.96,1660.51,26.81,26.92,0.09,1.01,6882.55
1.91,1497.5,1658.12,1662.67,26.78,26.89,0.09,1.03,6875.43
1.91,1501.65,1660.27,1664.83,26.75,26.86,0.08,1.04,6868.31
1.91,1505.8,1662.42,1666.99,26.72,26.83,0.08,1.05,6861.18
1.91,1509.96,1664.57,1669.15,26.69,26.8,0.08,1.06,6854.06
1.92,1514.12,1666.72,1671.3,26.66,26.77,0.08,1.08,6846.94
1.92,1518.29,1668.86,1673.45,26.63,26.74,0.08,1.09,6839.82
1.92,1522.47,1671,1675.6,26.61,26.71,0.07,1.1,6832.69
1.92,1526.65,1673.14,1677.75,26.58,26.68,0.07,1.11,6825.57
1.93,1530.83,1675.28,1679.89,26.55,26.64,0.06,1.12,6818.45
1.93,1535.02,1677.41,1682.04,26.52,26.61,0.06,1.13,6811.32
1.93,1539.22,1679.54,1684.18,26.49,26.58,0.05,1.14,6804.2
1.93,1543.42,1681.67,1686.31,26.46,26.55,0.05,1.14,6797.08
1.94,1550.14,1685.06,1689.72,26.41,26.51,0.04,1.16,6785.71
1.94,1554.35,1687.19,1691.85,26.39,26.48,0.04,1.17,6779.97
1.94,1558.57,1689.31,1693.98,26.36,26.46,0.03,1.17,6774.23
1.95,1562.8,1691.43,1696.1,26.34,26.43,0.03,1.18,6768.49
1.95,1567.03,1693.55,1698.23,26.32,26.41,0.02,1.19,6762.75
1.95,1571.27,1695.66,1700.35,26.29,26.38,0.02,1.19,6757.02
1.95,1575.51,1697.78,1702.47,26.27,26.36,0.02,1.2,6751.28
1.96,1579.75,1699.89,1704.59,26.25,26.34,0.02,1.2,6745.54
1.96,1584.01,1702,1706.71,26.22,26.31,0.02,1.21,6739.8
1.96,1588.31,1704.13,1708.85,26.2,26.29,0.03,1.22,6733.99
1.96,1592.8,1706.35,1711.07,26.17,26.26,0.03,1.22,6727.96
1.97,1597.46,1708.65,1713.38,26.15,26.23,0.04,1.23,6721.68
1.97,1602.33,1711.04,1715.78,26.12,26.21,0.04,1.23,6715.14
1.97,1607.41,1713.53,1718.28,26.09,26.18,0.05,1.24,6708.33
1.97,1612.71,1716.13,1720.88,26.06,26.15,0.06,1.24,6701.23
1.98,1618.26,1718.83,1723.6,26.03,26.11,0.06,1.25,6693.82
1.98,1624.05,1721.65,1726.43,26,26.08,0.07,1.25,6686.08
1.98,1630.12,1724.6,1729.38,25.97,26.05,0.07,1.26,6678
1.99,1636.48,1727.67,1732.46,25.93,26.01,0.07,1.26,6669.54
1.99,1643.15,1730.89,1735.69,25.89,25.97,0.08,1.27,6660.69
2,1650.14,1734.25,1739.06,25.85,25.93,0.08,1.27,6651.42
2,1657.48,1737.76,1742.58,25.81,25.89,0.08,1.28,6641.71
2.01,1665.2,1741.44,1746.28,25.77,25.85,0.08,1.29,6631.53
2.01,1673.3,1745.29,1750.14,25.72,25.8,0.07,1.29,6620.86
2.01,1681.83,1749.33,1754.18,25.68,25.75,0.07,1.3,6609.66
2.02,1690.79,1753.55,1758.42,25.63,25.7,0.06,1.3,6597.91
2.03,1700.21,1757.97,1762.85,25.57,25.65,0.05,1.31,6585.59
2.03,1710.1,1762.59,1767.48,25.52,25.6,0.04,1.31,6572.69
2.04,1720.48,1767.41,1772.32,25.46,25.54,0.03,1.32,6559.18
2.04,1731.37,1772.44,1777.37,25.4,25.48,0.02,1.32,6545.06
2.05,1742.77,1777.68,1782.63,25.34,25.42,0.02,1.33,6530.32
2.06,1754.65,1783.12,1788.08,25.27,25.35,0.02,1.33,6515
2.06,1766.95,1788.71,1793.69,25.2,25.28,0.04,1.34,6499.19
2.07,1779.64,1794.44,1799.44,25.13,25.21,0.05,1.35,6482.92
2.08,1792.71,1800.31,1805.33,25.06,25.14,0.06,1.35,6466.23
2.08,1806.14,1806.31,1811.35,24.99,25.07,0.06,1.36,6449.12
2.09,1819.95,1812.44,1817.5,24.91,24.99,0.07,1.36,6431.61
2.1,1834.12,1818.69,1823.76,24.83,24.92,0.07,1.37,6413.68
2.11,1848.67,1825.06,1830.16,24.75,24.84,0.06,1.37,6395.35
2.12,1863.6,1831.55,1836.67,24.67,24.76,0.05,1.38,6376.6
2.12,1878.91,1838.16,1843.3,24.59,24.68,0.04,1.38,6357.44
2.13,1894.6,1844.89,1850.06,24.51,24.59,0.03,1.39,6337.88
2.14,1903.73,1848.79,1853.97,24.46,24.54,0.02,1.39,6326.53
2.15,1917.47,1854.62,1859.82,24.42,24.51,0.01,1.4,6317.53
2.15,1933.94,1861.58,1866.8,24.38,24.46,0.03,1.4,6306.76
2.16,1950.53,1868.55,1873.8,24.33,24.42,0.04,1.41,6295.96
2.17,1967.2,1875.51,1880.78,24.29,24.37,0.05,1.41,6285.15
2.18,1983.96,1882.48,1887.77,24.24,24.33,0.06,1.42,6274.32
2.19,2000.84,1889.45,1894.77,24.2,24.28,0.06,1.43,6263.45
2.2,2017.89,1896.46,1901.8,24.15,24.24,0.06,1.43,6252.52
2.21,2035.12,1903.5,1908.87,24.11,24.19,0.05,1.44,6241.51
2.22,2052.58,1910.59,1915.99,24.07,24.15,0.04,1.44,6230.4
2.23,2070.27,1917.74,1923.16,24.02,24.1,0.03,1.45,6219.17
2.24,2088.2,1924.95,1930.39,23.98,24.05,0.02,1.45,6207.85
2.25,2106.31,1932.18,1937.65,23.93,24.01,0.02,1.46,6196.45
2.25,2124.47,1939.4,1944.89,23.89,23.96,0.04,1.46,6185.05
2.26,2142.63,1946.58,1952.08,23.84,23.91,0.05,1.47,6173.71
2.27,2160.81,1953.72,1959.25,23.79,23.86,0.05,1.48,6162.39
2.28,2179.04,1960.85,1966.39,23.75,23.82,0.06,1.48,6151.08
2.29,2197.38,1967.97,1973.54,23.7,23.77,0.06,1.49,6139.74
2.3,2215.87,1975.12,1980.71,23.65,23.72,0.05,1.49,6128.36
2.31,2234.53,1982.29,1987.9,23.6,23.67,0.04,1.5,6116.91
2.32,2253.4,1989.49,1995.12,23.55,23.63,0.03,1.5,6105.38
2.33,2272.47,1996.73,2002.39,23.5,23.58,0.02,1.51,6093.76
2.34,2291.72,2004,2009.68,23.45,23.53,0.02,1.51,6082.08
2.35,2311.04,2011.26,2016.96,23.4,23.48,0.03,1.52,6070.39
2.36,2330.36,2018.46,2024.2,23.35,23.43,0.04,1.52,6058.75
2.37,2349.65,2025.62,2031.38,23.29,23.38,0.05,1.53,6047.17
2.38,2368.98,2032.76,2038.54,23.25,23.34,0.05,1.54,6035.6
2.39,2388.4,2039.88,2045.69,23.2,23.29,0.05,1.54,6024.02
2.4,2407.95,2047.01,2052.86,23.15,23.24,0.05,1.55,6012.41
2.41,2427.69,2054.18,2060.04,23.1,23.19,0.04,1.55,6000.72
2.42,2447.64,2061.37,2067.27,23.06,23.14,0.03,1.56,5988.95
2.43,2467.8,2068.61,2074.53,23.01,23.09,0.02,1.56,5977.1
2.44,2488.18,2075.88,2081.83,22.96,23.04,0.01,1.57,5965.15
2.45,2508.71,2083.17,2089.14,22.92,22.99,0.02,1.57,5953.17
2.46,2529.23,2090.41,2096.4,22.87,22.94,0.03,1.58,5941.23
2.47,2549.71,2097.6,2103.61,22.82,22.89,0.04,1.59,5929.36
2.47,2570.16,2104.74,2110.77,22.77,22.84,0.05,1.59,5917.54
2.48,2590.65,2111.86,2117.91,22.73,22.79,0.05,1.6,5905.74
2.49,2604.21,2116.54,2122.6,22.69,22.76,0.05,1.6,5897.96
2.5,2624.59,2123.55,2129.63,22.61,22.68,0.05,1.61,5880.86
2.51,2645.5,2130.69,2136.79,22.53,22.6,0.04,1.61,5863.37
2.52,2666.69,2137.87,2144,22.45,22.52,0.02,1.62,5845.71
2.53,2688.15,2145.1,2151.25,22.36,22.44,0.01,1.62,5827.89
2.54,2709.84,2152.34,2158.52,22.28,22.36,0.02,1.63,5809.94
2.55,2731.54,2159.55,2165.75,22.19,22.27,0.03,1.63,5792.03
2.56,2753.2,2166.68,2172.91,22.11,22.19,0.04,1.64,5774.22
2.57,2774.89,2173.78,2180.03,22.03,22.11,0.05,1.65,5756.44
2.58,2796.67,2180.86,2187.13,21.95,22.03,0.05,1.65,5738.65
2.59,2818.61,2187.94,2194.24,21.87,21.95,0.04,1.66,5720.78
2.6,2839.19,2194.53,2200.86,21.79,21.87,0.04,1.66,5704.08
2.61,2861.58,2201.62,2207.97,21.44,21.52,0.03,1.67,5634.98
2.62,2884.29,2208.66,2215.04,21.09,21.17,0.01,1.67,5565.15
2.63,2907.36,2215.68,2222.08,20.74,20.81,0.01,1.68,5494.44
2.64,2930.71,2222.64,2229.06,20.38,20.45,0.02,1.68,5423.1
2.65,2954.16,2229.49,2235.94,20.02,20.09,0.03,1.69,5351.64
2.66,2977.79,2236.24,2242.71,19.66,19.72,0.04,1.69,5279.87
2.67,3001.71,2242.93,2249.43,19.29,19.36,0.04,1.7,5207.46
2.68,3026.02,2249.59,2256.1,18.92,18.98,0.04,1.71,5134.08
2.7,3050.83,2256.22,2262.76,18.54,18.6,0.03,1.71,5059.4
2.71,3076.24,2262.86,2269.42,18.16,18.22,0.02,1.72,4983.12
2.72,3102.34,2269.52,2276.1,17.76,17.82,0.01,1.72,4905.02
2.73,3129.17,2276.18,2282.79,17.35,17.41,0.01,1.73,4824.98
2.74,3156.5,2282.8,2289.43,16.94,17,0.02,1.73,4743.66
2.75,3184.21,2289.32,2295.97,16.52,16.58,0.03,1.74,4661.47
2.77,3212.41,2295.78,2302.45,16.1,16.15,0.03,1.74,4578.05
2.78,3241.26,2302.19,2308.88,15.67,15.72,0.03,1.75,4492.95
2.79,3270.95,2308.59,2315.3,15.22,15.27,0.03,1.76,4405.62
2.8,3301.66,2315,2321.73,14.76,14.81,0.02,1.76,4315.54
2.82,3333.57,2321.43,2328.18,14.28,14.33,0.01,1.77,4222.18
2.83,3366.56,2327.83,2334.61,13.78,13.84,0.02,1.77,4125.95
2.85,3400.24,2334.12,2340.93,13.28,13.33,0.03,1.78,4027.97
2.86,3434.79,2340.32,2347.14,12.76,12.82,0.03,1.78,3927.72
2.88,3470.69,2346.48,2353.33,12.23,12.28,0.03,1.79,3823.83
2.89,3508.33,2352.64,2359.51,11.68,11.72,0.02,1.79,3715.2
2.91,3547.99,2358.8,2365.7,11.09,11.13,0.02,1.8,3601.04
2.92,3568.95,2361.93,2368.84,10.78,10.82,0.02,1.8,3540.82
2.93,3600.45,2366.53,2373.46,10.7,10.73,0.03,1.81,3523.66
2.95,3643.62,2372.77,2379.71,10.58,10.61,0.04,1.81,3500.19
2.97,3688.47,2379.16,2386.12,10.45,10.49,0.03,1.82,3475.88
2.99,3735.56,2385.77,2392.74,10.32,10.36,0.02,1.82,3450.43
3.01,3784.82,2392.56,2399.57,10.18,10.22,0.02,1.83,3423.87
3.02,3814.03,2396.54,2403.56,10.09,10.14,0.03,1.83,3408.16
3.04,3857.94,2402.36,2409.4,9.66,9.71,0.04,1.84,3326.07
3.06,3909.03,2408.79,2415.86,9.16,9.2,0.03,1.84,3230.78
3.08,3962.67,2415.16,2422.26,8.64,8.68,0.02,1.85,3131.01
3.11,4019.94,2421.53,2428.66,8.09,8.12,0.02,1.85,3024.78
3.13,4079.49,2427.7,2434.84,7.51,7.54,0.04,1.86,2914.6
3.14,4094.02,2429.13,2436.28,7.37,7.4,0.04,1.86,2887.76
3.15,4115.83,2431.23,2438.39,7.18,7.2,0.04,1.86,2851.57
3.16,4148.58,2434.28,2441.45,6.89,6.92,0.03,1.86,2797.3
3.18,4197.78,2438.62,2445.8,6.46,6.48,0.02,1.87,2715.89
3.21,4270.84,2444.53,2451.73,5.82,5.85,0.03,1.87,2595.28
3.24,4349.08,2450.17,2457.4,5.14,5.17,0.04,1.88,2466.4
3.28,4434.45,2455.51,2462.76,4.4,4.42,0.02,1.88,2326.09
3.3,4490.16,2458.54,2465.81,3.92,3.94,0.02,1.89,2234.69
3.33,4573.84,2462.2,2469.49,2.77,2.78,0.04,1.89,2017.8
3.38,4697.04,2465.29,2472.59,1.07,1.08,0.01,1.89,1698.93
3.39,4706.88,2465.42,2472.72,0.94,0.95,0.01,1.89,1673.47
3.39,4721.64,2465.59,2472.89,0.83,0.84,0.01,1.89,1652.72
3.4,4743.78,2465.8,2473.11,0.67,0.68,0.01,1.9,1621.6
3.42,4777,2466.04,2473.35,0.42,0.43,0.03,1.9,1574.91
3.44,4826.84,2466.2,2473.51,0.06,0.1,0.03,1.9,1504.88
3.44,4837.57,2466.2,2473.51,-0.02,0.08,0.03,1.9,1489.8
3.45,4853.67,2466.19,2473.51,-0.04,0.09,0.03,1.9,1485.27
3.46,4877.82,2466.18,2473.49,-0.07,0.1,0.03,1.9,1478.48
3.47,4914.05,2466.13,2473.45,-0.12,0.14,0.02,1.9,1468.29
3.49,4968.39,2466.02,2473.34,-0.19,0.21,0.01,1.9,1453.01
3.53,5049.88,2465.76,2473.09,-0.3,0.32,0.03,1.9,1430.09
3.54,5091.57,2465.58,2472.92,-0.35,0.37,0.03,1.9,1418.37
3.57,5154.09,2465.2,2472.54,-0.59,0.59,0.01,1.9,1370.6
3.61,5251.79,2464.21,2471.55,-0.96,0.96,0.02,1.9,1295.92
3.66,5374.94,2461.37,2468.7,-2.57,2.58,0.02,1.9,992.38
3.69,5446.28,2458.53,2465.86,-3.51,3.52,0.01,1.9,816.33
3.73,5553.12,2453.34,2460.66,-3.9,3.91,0.02,1.89,737.42
3.78,5667.06,2447.19,2454.51,-4.32,4.32,0.01,1.89,653.06
3.82,5767.27,2441.27,2448.57,-4.66,4.67,0.01,1.88,581.63
3.85,5850.19,2435.92,2443.21,-5.12,5.14,0.01,1.88,489.8
3.9,5957.2,2427.91,2435.18,-6.19,6.2,0.01,1.88,285.71
3.94,6063.17,2418.71,2425.96,-6.89,6.9,0.02,1.87,147.6
3.98,6160.39,2409.37,2416.6,-7.53,7.55,0.01,1.86,20.41
4,6198.91,2405.47,2412.69,-7.62,7.63,0.01,1.86,0
4.02,6256.57,2399.6,2406.81,-7.58,7.6,0.02,1.86,0
4.05,6333.89,2391.75,2398.94,-7.53,7.55,0.02,1.85,0
4.08,6408.22,2384.23,2391.4,-7.49,7.51,0,1.85,0
4.11,6479.53,2377.03,2384.18,-7.45,7.47,0.02,1.84,0
4.15,6552.34,2369.7,2376.83,-7.41,7.43,0.02,1.83,0
4.18,6624.48,2362.45,2369.57,-7.36,7.38,0.01,1.83,0
4.21,6695.26,2355.36,2362.46,-7.32,7.34,0.01,1.82,0
4.24,6767.29,2348.17,2355.25,-7.28,7.3,0.01,1.82,0
4.27,6839.4,2340.98,2348.04,-7.24,7.26,0.01,1.81,0
4.3,6910.99,2333.86,2340.91,-7.2,7.22,0.01,1.81,0
4.33,6983.34,2326.69,2333.72,-7.16,7.18,0.01,1.8,0
4.36,7056.04,2319.51,2326.52,-7.12,7.14,0.01,1.8,0
4.39,7128.32,2312.38,2319.37,-7.08,7.1,0.01,1.79,0
4.42,7200.94,2305.24,2312.21,-7.04,7.06,0.01,1.79,0
4.45,7274.32,2298.03,2304.99,-7,7.02,0.01,1.78,0
4.49,7347,2290.92,2297.86,-6.96,6.98,0.02,1.77,0
4.52,7421.36,2283.67,2290.59,-6.92,6.94,0.01,1.77,0
4.55,7494.65,2276.53,2283.43,-6.88,6.9,0.01,1.76,0
4.58,7568.39,2269.37,2276.26,-6.84,6.86,0.01,1.76,0
4.62,7642.71,2262.17,2269.04,-6.8,6.82,0.01,1.75,0
4.65,7716.15,2255.08,2261.93,-6.76,6.78,0.01,1.75,0
4.68,7790.23,2247.95,2254.78,-6.72,6.74,0.01,1.74,0
4.71,7865.34,2240.73,2247.55,-6.68,6.7,0.01,1.74,0
4.75,7939.81,2233.6,2240.39,-6.64,6.66,0.01,1.73,0
4.78,8014.7,2226.44,2233.22,-6.61,6.62,0.02,1.72,0
4.82,8091.17,2219.15,2225.91,-6.57,6.58,0.01,1.72,0
4.85,8166.26,2212.01,2218.76,-6.52,6.54,0.01,1.71,0
4.88,8241.52,2204.88,2211.61,-6.49,6.5,0.02,1.71,0
4.92,8317.8,2197.67,2204.38,-6.45,6.46,0.01,1.7,0
4.95,8393.06,2190.57,2197.27,-6.41,6.42,0.01,1.7,0
4.99,8469.06,2183.43,2190.11,-6.37,6.39,0.02,1.69,0
5.02,8546.1,2176.21,2182.87,-6.33,6.35,0.01,1.69,0
5.06,8622.75,2169.04,2175.69,-6.29,6.31,0,1.68,0
5.09,8698.69,2161.96,2168.59,-6.26,6.27,0.01,1.67,0
5.13,8776.14,2154.76,2161.37,-6.22,6.24,0.02,1.67,0
5.17,8854.37,2147.5,2154.09,-6.18,6.2,0.01,1.66,0
5.2,8930.87,2140.42,2147,-6.14,6.16,0.01,1.66,0
5.24,9009.06,2133.22,2139.77,-6.1,6.12,0.02,1.65,0
5.28,9087.77,2125.98,2132.51,-6.07,6.09,0,1.65,0
5.31,9164.28,2118.95,2125.48,-6.04,6.05,0.02,1.64,0
5.35,9244.04,2111.65,2118.16,-6,6.01,0.02,1.64,0
5.39,9322.88,2104.45,2110.95,-5.96,5.98,0.01,1.63,0
5.42,9400.31,2097.41,2103.88,-5.92,5.94,0.02,1.62,0
5.46,9480.29,2090.15,2096.6,-5.89,5.9,0.01,1.62,0
5.5,9558.28,2083.09,2089.53,-5.85,5.87,0.01,1.61,0
5.54,9637.49,2075.94,2082.36,-5.82,5.83,0.02,1.61,0
5.58,9717.63,2068.72,2075.12,-5.78,5.8,0.01,1.6,0
5.61,9796.33,2061.65,2068.04,-5.75,5.76,0.01,1.6,0
5.65,9876.47,2054.48,2060.85,-5.71,5.72,0.02,1.59,0
5.69,9956.97,2047.28,2053.64,-5.68,5.69,0.01,1.59,0
5.73,10036.66,2040.19,2046.53,-5.64,5.65,0.02,1.58,0
5.77,10117.66,2033,2039.32,-5.6,5.62,0.01,1.57,0
5.81,10198.29,2025.86,2032.16,-5.57,5.58,0.01,1.57,0
5.85,10278.83,2018.74,2025.03,-5.54,5.55,0.02,1.56,0
5.89,10360.56,2011.54,2017.81,-5.5,5.51,0.01,1.56,0
5.93,10441.3,2004.45,2010.7,-5.46,5.48,0.01,1.55,0
5.97,10522.78,1997.31,2003.55,-5.43,5.44,0.01,1.55,0
6.01,10604.43,1990.17,1996.4,-5.4,5.41,0.01,1.54,0
6.05,10686.15,1983.05,1989.26,-5.36,5.38,0.01,1.54,0
6.09,10767.85,1975.95,1982.14,-5.33,5.34,0.01,1.53,0
6.14,10850.42,1968.8,1974.97,-5.29,5.31,0.01,1.52,0
6.18,10933,1961.66,1967.82,-5.26,5.27,0,1.52,0
6.22,11015.25,1954.57,1960.71,-5.23,5.24,0.01,1.51,0
6.26,11099.16,1947.36,1953.48,-5.2,5.21,0.01,1.51,0
6.31,11182.3,1940.23,1946.34,-5.16,5.17,0.01,1.5,0
6.35,11265.86,1933.09,1939.18,-5.13,5.14,0.01,1.5,0
6.39,11350.01,1925.92,1931.99,-5.09,5.11,0.01,1.49,0
6.44,11434.42,1918.74,1924.8,-5.06,5.07,0.02,1.49,0
6.48,11519.74,1911.51,1917.56,-5.03,5.04,0.01,1.48,0
6.53,11604.62,1904.34,1910.37,-5,5.01,0.02,1.47,0
6.57,11690.4,1897.11,1903.12,-4.96,4.97,0.01,1.47,0
6.62,11774.7,1890.02,1896.02,-4.93,4.94,0.02,1.46,0
6.66,11860.9,1882.81,1888.78,-4.89,4.91,0.02,1.46,0
6.71,11946.53,1875.65,1881.61,-4.87,4.88,0.02,1.45,0
6.75,12032.51,1868.49,1874.43,-4.83,4.84,0.02,1.45,0
6.8,12119.02,1861.3,1867.23,-4.8,4.81,0.02,1.44,0
6.85,12206.05,1854.09,1860,-4.77,4.78,0.01,1.44,0
6.89,12292.12,1846.98,1852.88,-4.74,4.75,0.01,1.43,0
6.94,12379.02,1839.81,1845.7,-4.71,4.72,0.01,1.42,0
6.99,12465.94,1832.67,1838.54,-4.67,4.68,0.01,1.42,0
7.03,12552.07,1825.62,1831.47,-4.64,4.65,0.02,1.41,0
7.08,12640.13,1818.42,1824.26,-4.61,4.62,0.01,1.41,0
7.13,12726.74,1811.36,1817.19,-4.58,4.59,0.01,1.4,0
7.18,12815.04,1804.19,1810,-4.55,4.56,0.01,1.4,0
7.23,12903.49,1797.03,1802.82,-4.52,4.53,0.01,1.39,0
7.28,12992.21,1789.86,1795.64,-4.49,4.5,0.01,1.39,0
7.33,13080.68,1782.73,1788.49,-4.46,4.47,0.01,1.38,0
7.38,13169.18,1775.62,1781.37,-4.43,4.44,0.01,1.37,0
7.43,13257.77,1768.53,1774.26,-4.4,4.41,0,1.37,0
7.48,13346.02,1761.48,1767.2,-4.36,4.38,0.01,1.36,0
7.53,13433.92,1754.48,1760.19,-4.34,4.35,0.02,1.36,0
7.58,13521.47,1747.53,1753.22,-4.31,4.32,0.01,1.35,0
7.63,13608.67,1740.62,1746.3,-4.28,4.29,0.02,1.35,0
7.68,13695.53,1733.77,1739.43,-4.25,4.26,0.02,1.34,0
7.73,13782.05,1726.95,1732.6,-4.22,4.23,0.03,1.34,0
7.78,13868.23,1720.18,1725.81,-4.2,4.2,0.03,1.33,0
7.83,13954.07,1713.45,1719.07,-4.17,4.18,0.02,1.33,0
7.88,14039.57,1706.78,1712.38,-4.14,4.15,0.03,1.32,0
7.93,14124.75,1700.14,1705.73,-4.11,4.12,0.02,1.32,0
7.98,14209.59,1693.54,1699.12,-4.09,4.1,0.03,1.31,0
8.03,14294.1,1686.99,1692.55,-4.06,4.07,0.02,1.31,0
8.08,14378.29,1680.48,1686.03,-4.03,4.04,0.03,1.3,0
8.13,14462.15,1674.01,1679.55,-4,4.02,0.03,1.3,0
8.18,14545.69,1667.59,1673.11,-3.98,3.99,0.03,1.29,0
8.23,14628.91,1661.2,1666.71,-3.96,3.97,0.03,1.29,0
8.28,14711.81,1654.86,1660.36,-3.93,3.94,0.02,1.28,0
8.33,14794.39,1648.55,1654.04,-3.9,3.91,0.03,1.28,0
8.38,14876.67,1642.29,1647.77,-3.88,3.89,0.01,1.27,0
8.43,14958.62,1636.08,1641.54,-3.85,3.86,0.02,1.27,0
8.48,15040.27,1629.9,1635.34,-3.83,3.84,0,1.26,0
8.53,15121.61,1623.76,1629.19,-3.81,3.81,0.02,1.26,0
8.58,15202.65,1617.65,1623.08,-3.78,3.79,0.01,1.25,0
8.63,15283.38,1611.59,1617,-3.75,3.76,0.03,1.25,0
8.68,15363.81,1605.57,1610.97,-3.73,3.74,0.01,1.24,0
8.73,15443.94,1599.58,1604.97,-3.71,3.72,0.02,1.24,0
8.78,15523.77,1593.63,1599,-3.69,3.7,0.02,1.23,0
8.83,15603.3,1587.71,1593.08,-3.66,3.67,0.01,1.23,0
8.88,15682.54,1581.84,1587.19,-3.64,3.65,0.03,1.22,0
8.93,15761.49,1576,1581.34,-3.62,3.63,0.01,1.22,0
8.98,15840.14,1570.19,1575.52,-3.6,3.61,0.03,1.22,0
9.03,15918.51,1564.41,1569.74,-3.58,3.58,0.02,1.21,0
9.08,15996.58,1558.67,1563.99,-3.56,3.56,0.02,1.21,0
9.13,16074.37,1552.97,1558.28,-3.53,3.54,0.03,1.19,0
9.13,16084.38,1552.24,1557.54,-3.53,3.54,0.03,1.18,0
9.14,16093.21,1551.6,1556.9,-3.53,3.53,0.03,1.18,0
9.14,16101.28,1551.01,1556.3,-3.52,3.53,0.03,1.17,0
9.15,16108.82,1550.45,1555.75,-3.52,3.53,0.03,1.17,0
9.15,16115.97,1549.93,1555.23,-3.52,3.53,0.03,1.16,0
9.16,16122.82,1549.43,1554.73,-3.52,3.53,0.03,1.16,0
9.16,16129.43,1548.95,1554.24,-3.51,3.52,0.03,1.15,0
9.17,16135.85,1548.48,1553.77,-3.51,3.52,0.04,1.14,0
9.17,16142.11,1548.02,1553.31,-3.51,3.52,0.04,1.14,0
9.17,16148.23,1547.58,1552.87,-3.51,3.52,0.04,1.13,0
9.18,16154.24,1547.14,1552.43,-3.51,3.52,0.04,1.13,0
9.18,16160.16,1546.71,1551.99,-3.51,3.52,0.04,1.12,0
9.19,16165.99,1546.28,1551.57,-3.5,3.51,0.04,1.12,0
9.19,16171.76,1545.86,1551.15,-3.5,3.51,0.04,1.11,0
9.19,16177.46,1545.44,1550.73,-3.5,3.51,0.04,1.11,0
9.2,16183.12,1545.03,1550.31,-3.5,3.51,0.03,1.1,0
9.2,16188.74,1544.62,1549.9,-3.5,3.51,0.03,1.09,0
9.2,16194.32,1544.22,1549.5,-3.5,3.51,0.03,1.09,0
9.21,16199.87,1543.81,1549.09,-3.5,3.51,0.03,1.08,0
9.21,16205.41,1543.41,1548.69,-3.5,3.5,0.03,1.08,0
9.22,16210.93,1543.01,1548.28,-3.49,3.5,0.03,1.07,0
9.22,16216.44,1542.6,1547.88,-3.49,3.5,0.03,1.07,0
9.22,16221.94,1542.2,1547.48,-3.49,3.5,0.03,1.06,0
9.23,16227.44,1541.8,1547.08,-3.49,3.5,0.02,1.06,0
9.23,16232.94,1541.4,1546.68,-3.49,3.5,0.02,1.05,0
9.23,16238.44,1541,1546.27,-3.49,3.5,0.02,1.04,0
9.24,16243.96,1540.6,1545.87,-3.49,3.49,0.02,1.04,0
9.24,16249.49,1540.2,1545.47,-3.49,3.49,0.02,1.03,0
9.24,16255.04,1539.79,1545.06,-3.49,3.49,0.02,1.03,0
9.25,16260.6,1539.39,1544.66,-3.48,3.49,0.03,1.02,0
9.25,16266.19,1538.98,1544.25,-3.48,3.49,0.03,1.02,0
9.25,16271.8,1538.57,1543.84,-3.48,3.49,0.03,1.01,0
9.26,16277.43,1538.16,1543.43,-3.48,3.49,0.03,1.01,0
9.26,16283.1,1537.75,1543.02,-3.48,3.49,0.04,1,0
9.27,16288.79,1537.34,1542.6,-3.48,3.48,0.04,0.99,0
9.27,16294.51,1536.92,1542.19,-3.48,3.48,0.04,0.99,0
9.27,16300.28,1536.5,1541.77,-3.48,3.48,0.04,0.98,0
9.28,16306.07,1536.08,1541.34,-3.48,3.48,0.05,0.98,0
9.28,16311.91,1535.65,1540.92,-3.47,3.48,0.05,0.97,0
9.28,16317.79,1535.22,1540.49,-3.47,3.48,0.05,0.97,0
9.29,16323.72,1534.79,1540.06,-3.47,3.48,0.05,0.96,0
9.29,16329.69,1534.36,1539.62,-3.47,3.47,0.05,0.96,0
9.3,16335.71,1533.92,1539.19,-3.47,3.47,0.05,0.95,0
9.3,16341.78,1533.48,1538.74,-3.47,3.47,0.05,0.94,0
9.3,16347.9,1533.03,1538.3,-3.47,3.47,0.05,0.94,0
9.31,16354.08,1532.58,1537.85,-3.46,3.47,0.05,0.93,0
9.31,16360.32,1532.13,1537.4,-3.46,3.46,0.04,0.93,0
9.32,16366.62,1531.67,1536.94,-3.46,3.46,0.04,0.92,0
9.32,16372.99,1531.21,1536.47,-3.46,3.46,0.04,0.92,0
9.32,16379.42,1530.74,1536.01,-3.45,3.46,0.03,0.91,0
9.33,16385.92,1530.27,1535.53,-3.45,3.46,0.03,0.91,0
9.33,16392.49,1529.79,1535.06,-3.45,3.46,0.02,0.9,0
9.34,16399.13,1529.31,1534.58,-3.45,3.45,0.02,0.89,0
9.34,16405.85,1528.83,1534.09,-3.44,3.45,0.02,0.89,0
9.35,16412.65,1528.33,1533.59,-3.44,3.45,0.02,0.88,0
9.35,16419.54,1527.83,1533.09,-3.44,3.45,0.02,0.88,0
9.36,16426.51,1527.33,1532.59,-3.44,3.45,0.02,0.87,0
9.36,16433.57,1526.82,1532.07,-3.44,3.44,0.03,0.87,0
9.37,16440.72,1526.3,1531.56,-3.43,3.44,0.03,0.86,0
9.37,16447.97,1525.78,1531.03,-3.43,3.44,0.03,0.86,0
9.37,16455.3,1525.25,1530.5,-3.43,3.44,0.03,0.85,0
9.38,16462.74,1524.71,1529.96,-3.43,3.44,0.04,0.85,0
9.38,16470.27,1524.16,1529.41,-3.42,3.43,0.04,0.84,0
9.39,16477.91,1523.61,1528.86,-3.42,3.43,0.04,0.83,0
9.39,16485.65,1523.05,1528.3,-3.42,3.43,0.04,0.83,0
9.4,16493.49,1522.48,1527.73,-3.42,3.43,0.04,0.82,0
9.4,16501.45,1521.91,1527.16,-3.42,3.42,0.04,0.82,0
9.41,16509.53,1521.33,1526.57,-3.41,3.42,0.04,0.81,0
9.42,16517.73,1520.74,1525.98,-3.41,3.42,0.03,0.81,0
9.42,16526.06,1520.13,1525.38,-3.41,3.42,0.03,0.8,0
9.43,16534.52,1519.52,1524.76,-3.41,3.42,0.03,0.8,0
9.43,16543.11,1518.9,1524.14,-3.4,3.41,0.03,0.79,0
9.44,16551.83,1518.28,1523.51,-3.4,3.41,0.03,0.78,0
9.44,16560.69,1517.64,1522.87,-3.4,3.41,0.03,0.78,0
9.45,16569.7,1516.99,1522.22,-3.4,3.41,0.02,0.77,0
9.46,16578.85,1516.33,1521.56,-3.4,3.4,0.02,0.77,0
9.46,16588.15,1515.66,1520.89,-3.39,3.4,0.02,0.76,0
9.47,16597.61,1514.98,1520.2,-3.39,3.4,0.02,0.76,0
9.47,16607.23,1514.28,1519.51,-3.39,3.4,0.02,0.75,0
9.48,16617.02,1513.58,1518.8,-3.39,3.39,0.03,0.75,0
9.49,16626.97,1512.86,1518.09,-3.39,3.39,0.03,0.74,0
9.49,16637.11,1512.13,1517.36,-3.38,3.39,0.03,0.74,0
9.5,16647.42,1511.39,1516.61,-3.38,3.39,0.03,0.73,0
9.51,16657.92,1510.63,1515.86,-3.38,3.38,0.03,0.72,0
9.52,16668.61,1509.87,1515.08,-3.38,3.38,0.03,0.72,0
9.52,16679.49,1509.08,1514.3,-3.37,3.38,0.03,0.71,0
9.53,16690.57,1508.29,1513.5,-3.37,3.38,0.03,0.71,0
9.54,16701.84,1507.48,1512.69,-3.37,3.37,0.03,0.7,0
9.54,16713.32,1506.65,1511.87,-3.36,3.37,0.02,0.7,0
9.55,16725,1505.81,1511.03,-3.36,3.37,0.02,0.69,0
9.56,16736.89,1504.96,1510.17,-3.36,3.36,0.02,0.69,0
9.57,16749,1504.09,1509.3,-3.35,3.36,0.02,0.68,0
9.58,16761.34,1503.2,1508.42,-3.35,3.36,0.02,0.67,0
9.59,16773.91,1502.3,1507.51,-3.35,3.35,0.02,0.67,0
9.59,16786.73,1501.38,1506.59,-3.34,3.35,0.02,0.66,0
9.6,16799.81,1500.45,1505.65,-3.34,3.35,0.03,0.66,0
9.61,16813.15,1499.49,1504.7,-3.34,3.34,0.03,0.65,0
9.62,16826.79,1498.51,1503.72,-3.33,3.34,0.03,0.65,0
9.63,16840.74,1497.52,1502.72,-3.33,3.34,0.04,0.64,0
9.64,16855,1496.5,1501.7,-3.32,3.33,0.04,0.64,0
9.65,16869.56,1495.46,1500.65,-3.32,3.33,0.04,0.63,0
9.66,16884.42,1494.4,1499.59,-3.32,3.32,0.03,0.63,0
9.67,16899.53,1493.32,1498.51,-3.31,3.32,0.02,0.62,0
9.68,16914.87,1492.22,1497.41,-3.31,3.32,0.02,0.61,0
9.69,16930.49,1491.11,1496.29,-3.31,3.31,0.01,0.61,0
9.7,16946.41,1489.97,1495.16,-3.3,3.31,0.02,0.6,0
9.71,16962.69,1488.81,1493.99,-3.3,3.31,0.03,0.6,0
9.72,16979.33,1487.63,1492.8,-3.3,3.3,0.04,0.59,0
9.73,16996.34,1486.41,1491.59,-3.29,3.3,0.04,0.59,0
9.75,17013.72,1485.17,1490.35,-3.29,3.29,0.04,0.58,0
9.76,17031.44,1483.91,1489.09,-3.29,3.29,0.04,0.58,0
9.77,17049.52,1482.62,1487.8,-3.28,3.28,0.03,0.57,0
9.78,17067.97,1481.31,1486.48,-3.27,3.28,0.01,0.56,0
9.79,17086.78,1479.97,1485.14,-3.27,3.27,0,0.56,0
9.81,17106,1478.61,1483.78,-3.26,3.27,0.02,0.55,0
9.82,17125.77,1477.21,1482.37,-3.26,3.26,0.03,0.55,0
9.84,17146.06,1475.77,1480.93,-3.25,3.26,0.03,0.54,0
9.85,17166.85,1474.29,1479.45,-3.25,3.25,0.04,0.54,0
9.86,17188.11,1472.79,1477.94,-3.24,3.25,0.03,0.53,0
9.88,17209.77,1471.25,1476.41,-3.24,3.24,0.02,0.53,0
9.89,17231.83,1469.69,1474.84,-3.23,3.24,0.01,0.52,0
9.91,17254.32,1468.1,1473.25,-3.23,3.23,0.01,0.52,0
9.92,17277.41,1466.47,1471.61,-3.22,3.23,0.02,0.51,0
9.94,17301.22,1464.79,1469.93,-3.22,3.22,0.03,0.5,0
9.96,17325.7,1463.06,1468.2,-3.21,3.22,0.03,0.5,0
9.97,17350.76,1461.29,1466.43,-3.2,3.21,0.03,0.49,0
9.99,17376.34,1459.49,1464.62,-3.2,3.2,0.02,0.49,0
10.01,17402.44,1457.65,1462.78,-3.19,3.2,0.01,0.48,0
10.03,17429.06,1455.77,1460.9,-3.19,3.19,0.01,0.48,0
10.05,17456.37,1453.85,1458.97,-3.18,3.18,0.02,0.47,0
10.07,17484.48,1451.87,1456.99,-3.17,3.18,0.03,0.47,0
10.09,17513.42,1449.84,1454.96,-3.16,3.17,0.03,0.46,0
10.11,17543.12,1447.76,1452.87,-3.16,3.16,0.03,0.45,0
10.13,17573.6,1445.62,1450.73,-3.15,3.16,0.02,0.45,0
10.15,17604.97,1443.42,1448.53,-3.14,3.15,0.03,0.44,0
10.17,17637.27,1441.16,1446.26,-3.13,3.14,0.03,0.44,0
10.19,17670.29,1438.86,1443.95,-3.13,3.13,0.03,0.43,0
10.22,17704.23,1436.48,1441.58,-3.12,3.12,0.04,0.43,0
10.24,17738.98,1434.05,1439.15,-3.11,3.12,0.04,0.42,0
10.27,17774.55,1431.57,1436.66,-3.1,3.11,0.03,0.42,0
10.29,17811.02,1429.03,1434.12,-3.09,3.1,0.03,0.41,0
10.32,17848.81,1426.41,1431.49,-3.08,3.09,0.05,0.41,0
10.35,17888.2,1423.68,1428.75,-3.07,3.08,0.05,0.4,0
10.38,17928.72,1420.87,1425.93,-3.06,3.07,0.04,0.39,0
10.4,17970.07,1418.01,1423.06,-3.05,3.06,0.02,0.39,0
10.43,18012.65,1415.06,1420.11,-3.04,3.05,0.04,0.38,0
10.47,18057.04,1411.99,1417.04,-3.03,3.04,0.05,0.38,0
10.5,18102.66,1408.84,1413.89,-3.02,3.03,0.03,0.37,0
10.53,18149.22,1405.63,1410.67,-3.01,3.01,0.03,0.37,0
10.57,18197.13,1402.33,1407.37,-2.99,3,0.04,0.36,0
10.6,18246.91,1398.91,1403.95,-2.98,2.99,0.04,0.36,0
10.64,18298.43,1395.38,1400.41,-2.97,2.98,0.04,0.35,0
10.68,18351.5,1391.75,1396.77,-2.96,2.97,0.03,0.35,0
10.72,18406.37,1388,1393.01,-2.95,2.95,0.04,0.34,0
10.76,18463.34,1384.1,1389.11,-2.94,2.94,0.03,0.33,0
10.8,18521.94,1380.11,1385.11,-2.92,2.93,0.03,0.33,0
10.84,18582.06,1376.02,1381.02,-2.91,2.91,0.03,0.32,0
10.89,18644.33,1371.79,1376.78,-2.89,2.9,0.03,0.32,0
10.94,18708.65,1367.43,1372.41,-2.88,2.88,0.02,0.31,0
10.98,18774.69,1362.96,1367.94,-2.87,2.87,0.02,0.31,0
11.03,18842.72,1358.37,1363.34,-2.85,2.85,0.02,0.3,0
11.08,18910.52,1353.79,1358.76,-2.83,2.84,0.02,0.3,0
11.13,18978.1,1349.25,1354.2,-2.82,2.82,0.02,0.29,0
11.18,19045.45,1344.73,1349.67,-2.8,2.81,0.03,0.29,0
11.23,19112.57,1340.23,1345.17,-2.79,2.8,0.01,0.28,0
11.28,19179.47,1335.75,1340.68,-2.78,2.78,0.04,0.28,0
11.33,19246.15,1331.29,1336.22,-2.76,2.77,0.02,0.27,0
11.38,19312.6,1326.86,1331.79,-2.75,2.75,0.02,0.27,0
11.43,19378.84,1322.46,1327.37,-2.73,2.74,0.02,0.27,0
11.48,19444.85,1318.07,1322.98,-2.72,2.72,0.01,0.26,0
11.53,19510.64,1313.71,1318.61,-2.71,2.71,0,0.26,0
11.58,19576.22,1309.36,1314.26,-2.69,2.7,0.01,0.25,0
11.63,19641.58,1305.05,1309.94,-2.68,2.68,0.01,0.25,0
11.68,19706.72,1300.75,1305.63,-2.67,2.67,0.01,0.25,0
11.73,19771.66,1296.47,1301.35,-2.65,2.66,0.02,0.24,0
11.78,19836.37,1292.21,1297.09,-2.64,2.64,0.01,0.24,0
11.83,19900.88,1287.98,1292.85,-2.62,2.63,0.02,0.24,0
11.88,19965.17,1283.77,1288.63,-2.61,2.62,0.04,0.23,0
11.93,20029.25,1279.58,1284.43,-2.6,2.6,0.01,0.23,0
11.98,20093.13,1275.4,1280.25,-2.59,2.59,0.05,0.23,0
12.03,20156.79,1271.24,1276.09,-2.58,2.58,0.04,0.23,0
12.08,20220.25,1267.11,1271.95,-2.56,2.57,0.02,0.22,0
12.13,20283.5,1263,1267.83,-2.55,2.55,0.05,0.22,0
12.18,20346.55,1258.91,1263.73,-2.54,2.54,0.03,0.22,0
12.23,20409.4,1254.83,1259.65,-2.53,2.53,0.03,0.22,0
12.28,20472.04,1250.77,1255.59,-2.52,2.52,0.05,0.21,0
12.33,20534.47,1246.73,1251.54,-2.51,2.51,0.03,0.21,0
12.38,20596.71,1242.71,1247.52,-2.49,2.5,0.02,0.21,0
12.43,20658.74,1238.71,1243.51,-2.48,2.48,0.03,0.21,0
12.48,20720.58,1234.73,1239.53,-2.47,2.47,0.03,0.2,0
12.53,20782.22,1230.77,1235.56,-2.46,2.46,0.02,0.2,0
12.58,20843.66,1226.82,1231.61,-2.45,2.45,0.03,0.2,0
12.63,20904.9,1222.89,1227.67,-2.44,2.44,0.05,0.2,0
12.68,20965.95,1218.97,1223.76,-2.43,2.43,0.03,0.19,0
12.73,21026.8,1215.08,1219.86,-2.41,2.42,0.04,0.19,0
12.78,21087.45,1211.21,1215.98,-2.4,2.41,0.06,0.19,0
12.83,21147.92,1207.36,1212.12,-2.39,2.4,0.02,0.19,0
12.88,21208.19,1203.52,1208.28,-2.38,2.39,0.04,0.19,0
12.93,21268.27,1199.7,1204.45,-2.37,2.38,0.04,0.18,0
12.98,21328.16,1195.89,1200.65,-2.36,2.36,0.01,0.18,0
13.03,21387.86,1192.1,1196.85,-2.35,2.35,0.02,0.18,0
13.08,21447.37,1188.33,1193.08,-2.34,2.34,0.03,0.18,0
13.13,21506.69,1184.58,1189.32,-2.33,2.33,0.01,0.18,0
13.18,21565.83,1180.84,1185.58,-2.32,2.32,0.02,0.18,0
13.23,21624.78,1177.12,1181.86,-2.31,2.31,0.01,0.17,0
13.28,21683.54,1173.42,1178.15,-2.3,2.3,0.01,0.17,0
13.33,21742.12,1169.73,1174.46,-2.29,2.29,0.01,0.17,0
13.38,21800.52,1166.06,1170.78,-2.28,2.28,0,0.17,0
13.43,21858.73,1162.4,1167.12,-2.27,2.27,0.01,0.17,0
13.48,21916.76,1158.76,1163.48,-2.26,2.26,0.02,0.17,0
13.53,21974.6,1155.14,1159.85,-2.25,2.25,0.01,0.16,0
13.58,22032.27,1151.53,1156.24,-2.24,2.24,0.02,0.16,0
13.63,22089.76,1147.93,1152.64,-2.23,2.23,0.02,0.16,0
13.68,22147.06,1144.35,1149.06,-2.22,2.22,0.01,0.16,0
13.73,22204.19,1140.79,1145.49,-2.21,2.21,0.02,0.16,0
13.78,22261.14,1137.24,1141.93,-2.2,2.21,0.02,0.16,0
13.83,22317.92,1133.7,1138.39,-2.19,2.2,0.01,0.16,0
13.88,22374.51,1130.18,1134.87,-2.19,2.19,0.02,0.15,0
13.93,22430.93,1126.67,1131.36,-2.18,2.18,0.01,0.15,0
13.98,22487.18,1123.18,1127.86,-2.17,2.17,0.01,0.15,0
14.03,22543.25,1119.7,1124.38,-2.16,2.16,0.01,0.15,0
14.08,22599.15,1116.24,1120.92,-2.15,2.15,0,0.15,0
14.13,22654.88,1112.79,1117.46,-2.14,2.14,0.03,0.15,0
14.18,22710.43,1109.35,1114.02,-2.13,2.13,0.02,0.15,0
14.23,22765.81,1105.93,1110.6,-2.12,2.13,0.01,0.15,0
14.28,22821.02,1102.52,1107.19,-2.12,2.12,0.05,0.14,0
14.33,22876.06,1099.12,1103.79,-2.11,2.11,0.02,0.14,0
14.38,22930.94,1095.74,1100.41,-2.09,2.1,0.03,0.14,0
14.43,22985.64,1092.38,1097.04,-2.09,2.09,0.02,0.14,0
14.48,23040.17,1089.03,1093.69,-2.08,2.08,0.03,0.14,0
14.53,23094.54,1085.7,1090.35,-2.07,2.07,0.02,0.14,0
14.58,23148.74,1082.37,1087.02,-2.06,2.07,0.04,0.14,0
14.63,23202.78,1079.05,1083.71,-2.06,2.06,0.06,0.14,0
14.68,23256.65,1075.75,1080.41,-2.05,2.05,0.03,0.14,0
14.73,23310.35,1072.47,1077.12,-2.04,2.04,0.02,0.13,0
14.78,23363.9,1069.2,1073.85,-2.03,2.03,0.06,0.13,0
14.83,23417.27,1065.94,1070.59,-2.02,2.02,0.04,0.13,0
14.88,23470.49,1062.7,1067.34,-2.01,2.02,0.01,0.13,0
14.93,23523.54,1059.46,1064.1,-2.01,2.01,0.02,0.13,0
14.98,23576.44,1056.24,1060.88,-2,2,0.05,0.13,0
15.03,23629.17,1053.03,1057.67,-1.99,1.99,0.01,0.13,0
15.08,23681.74,1049.83,1054.47,-1.98,1.98,0.02,0.13,0
15.13,23734.15,1046.66,1051.29,-1.97,1.97,0.03,0.13,0
15.18,23786.41,1043.49,1048.12,-1.96,1.97,0.01,0.13,0
15.23,23838.5,1040.34,1044.97,-1.96,1.96,0.02,0.12,0
15.28,23890.44,1037.19,1041.83,-1.95,1.95,0.02,0.12,0
15.33,23942.22,1034.06,1038.7,-1.94,1.94,0.01,0.12,0
15.38,23993.85,1030.95,1035.58,-1.93,1.93,0.02,0.12,0
15.43,24045.32,1027.85,1032.48,-1.92,1.93,0.03,0.12,0
15.48,24096.63,1024.76,1029.39,-1.92,1.92,0.01,0.12,0
15.53,24147.79,1021.69,1026.31,-1.91,1.91,0.02,0.12,0
15.58,24198.8,1018.62,1023.25,-1.9,1.9,0.03,0.12,0
15.63,24249.66,1015.57,1020.2,-1.89,1.9,0.01,0.12,0
15.68,24300.36,1012.53,1017.16,-1.89,1.89,0.01,0.12,0
15.73,24350.91,1009.5,1014.13,-1.88,1.88,0.03,0.12,0
15.78,24401.31,1006.49,1011.11,-1.87,1.87,0.04,0.12,0
15.83,24451.56,1003.49,1008.11,-1.86,1.87,0.01,0.12,0
15.88,24501.66,1000.49,1005.12,-1.86,1.86,0.04,0.11,0
15.93,24551.61,997.51,1002.13,-1.85,1.85,0.04,0.11,0
15.98,24601.41,994.54,999.16,-1.84,1.84,0.01,0.11,0
16.03,24651.06,991.58,996.21,-1.83,1.84,0.01,0.11,0
16.08,24700.57,988.64,993.26,-1.83,1.83,0.01,0.11,0
16.13,24749.92,985.7,990.32,-1.82,1.82,0.02,0.11,0
16.18,24799.14,982.78,987.4,-1.81,1.82,0.02,0.11,0
16.23,24848.2,979.87,984.49,-1.81,1.81,0.01,0.11,0
16.28,24897.12,976.97,981.59,-1.8,1.8,0.01,0.11,0
16.33,24945.9,974.07,978.69,-1.79,1.8,0.01,0.11,0
16.38,24994.53,971.19,975.81,-1.79,1.79,0.01,0.11,0
16.43,25043.02,968.32,972.94,-1.78,1.78,0.01,0.11,0
16.48,25091.36,965.46,970.08,-1.77,1.78,0,0.11,0
16.53,25139.57,962.61,967.24,-1.77,1.77,0.01,0.11,0
16.58,25187.63,959.77,964.4,-1.76,1.76,0.01,0.11,0
16.63,25235.54,956.94,961.57,-1.76,1.76,0.01,0.1,0
16.68,25283.32,954.12,958.75,-1.75,1.75,0,0.1,0
16.73,25330.96,951.32,955.94,-1.74,1.75,0.01,0.1,0
16.78,25378.45,948.52,953.14,-1.74,1.74,0.01,0.1,0
16.83,25425.81,945.73,950.35,-1.73,1.73,0.01,0.1,0
16.88,25473.02,942.94,947.57,-1.73,1.73,0.02,0.1,0
16.93,25520.1,940.17,944.8,-1.72,1.72,0.01,0.1,0
16.98,25567.04,937.41,942.03,-1.72,1.72,0.01,0.1,0
17.03,25613.84,934.65,939.28,-1.71,1.71,0.02,0.1,0
17.08,25660.51,931.9,936.53,-1.71,1.71,0.01,0.1,0
17.13,25707.03,929.17,933.79,-1.7,1.7,0.01,0.1,0
17.18,25753.42,926.43,931.07,-1.7,1.7,0.03,0.1,0
17.23,25799.68,923.71,928.35,-1.69,1.69,0.01,0.1,0
17.28,25845.79,921,925.63,-1.68,1.69,0.01,0.1,0
17.33,25891.78,918.3,922.93,-1.68,1.68,0.03,0.1,0
17.38,25937.62,915.6,920.23,-1.67,1.67,0.03,0.1,0
17.43,25983.34,912.91,917.55,-1.67,1.67,0.01,0.1,0
17.48,26028.92,910.23,914.87,-1.66,1.67,0.02,0.1,0
17.53,26074.36,907.56,912.2,-1.66,1.66,0.05,0.09,0
17.58,26119.67,904.89,909.53,-1.66,1.66,0.05,0.09,0
17.63,26164.85,902.23,906.88,-1.65,1.65,0.02,0.09,0
17.68,26209.9,899.59,904.23,-1.64,1.64,0.04,0.09,0
17.73,26254.81,896.95,901.59,-1.64,1.64,0.07,0.09,0
17.78,26299.59,894.32,898.96,-1.63,1.63,0.04,0.09,0
17.83,26344.24,891.7,896.34,-1.63,1.63,0.04,0.09,0
17.88,26388.76,889.09,893.73,-1.62,1.62,0.03,0.09,0
17.93,26433.15,886.49,891.13,-1.62,1.62,0.03,0.09,0
17.98,26477.41,883.89,888.54,-1.61,1.61,0.05,0.09,0
18.03,26521.54,881.31,885.96,-1.61,1.61,0.08,0.09,0
18.08,26565.54,878.73,883.39,-1.6,1.6,0.06,0.09,0
18.13,26609.41,876.16,880.83,-1.59,1.59,0.03,0.09,0
18.18,26653.16,873.61,878.27,-1.58,1.59,0.05,0.09,0
18.23,26696.77,871.07,875.73,-1.58,1.58,0.11,0.1,0
18.28,26740.26,868.53,873.19,-1.57,1.57,0.09,0.1,0
18.33,26783.63,866.01,870.67,-1.57,1.57,0.02,0.1,0
18.38,26826.87,863.49,868.15,-1.57,1.57,0.04,0.1,0
18.43,26869.98,860.97,865.64,-1.56,1.56,0.1,0.1,0
18.48,26912.96,858.46,863.14,-1.56,1.56,0.11,0.1,0
18.53,26955.82,855.96,860.64,-1.55,1.55,0.05,0.1,0
18.58,26998.56,853.47,858.16,-1.54,1.54,0.04,0.1,0
18.63,27041.17,851,855.68,-1.54,1.54,0.09,0.1,0
18.68,27083.66,848.53,853.21,-1.53,1.53,0.1,0.1,0
18.73,27126.02,846.07,850.75,-1.53,1.53,0.09,0.1,0
18.78,27168.26,843.61,848.29,-1.52,1.53,0.05,0.1,0
18.83,27210.38,841.16,845.85,-1.52,1.52,0.03,0.1,0
18.88,27252.38,838.72,843.41,-1.52,1.52,0.1,0.1,0
18.93,27294.26,836.28,840.98,-1.52,1.52,0.14,0.1,0
18.98,27336.01,833.84,838.55,-1.51,1.51,0.11,0.1,0
19.03,27377.64,831.42,836.13,-1.5,1.5,0.04,0.1,0
19.08,27419.15,829.01,833.72,-1.5,1.5,0.05,0.1,0
19.13,27460.54,826.6,831.32,-1.49,1.49,0.09,0.1,0
19.18,27501.81,824.21,828.92,-1.49,1.49,0.09,0.1,0
19.23,27542.96,821.82,826.53,-1.48,1.49,0.06,0.1,0
19.28,27583.99,819.43,824.15,-1.48,1.48,0.03,0.1,0
19.33,27624.91,817.06,821.78,-1.48,1.48,0.01,0.1,0
19.38,27665.7,814.68,819.41,-1.47,1.47,0.03,0.1,0
19.43,27706.37,812.32,817.04,-1.47,1.47,0.04,0.1,0
19.48,27746.93,809.96,814.69,-1.47,1.47,0.04,0.1,0
19.53,27787.37,807.6,812.34,-1.46,1.46,0.05,0.1,0
19.58,27827.69,805.25,810,-1.46,1.46,0.04,0.1,0
19.63,27867.9,802.91,807.66,-1.45,1.45,0.05,0.1,0
19.68,27907.98,800.58,805.33,-1.45,1.45,0.04,0.1,0
19.73,27947.95,798.25,803,-1.45,1.45,0.04,0.1,0
19.78,27987.81,795.93,800.69,-1.44,1.44,0.04,0.1,0
19.83,28027.55,793.61,798.38,-1.44,1.44,0.05,0.1,0
19.88,28067.17,791.3,796.07,-1.43,1.43,0.08,0.1,0
19.93,28106.68,789,793.77,-1.43,1.43,0.1,0.11,0
19.98,28146.07,786.71,791.48,-1.42,1.43,0.09,0.11,0
20.03,28185.35,784.42,789.19,-1.42,1.42,0.06,0.11,0
20.08,28224.51,782.13,786.91,-1.42,1.42,0.05,0.11,0
20.13,28263.56,779.85,784.63,-1.42,1.42,0.11,0.11,0
20.18,28302.5,777.57,782.36,-1.42,1.42,0.14,0.11,0
20.23,28341.32,775.29,780.09,-1.41,1.41,0.1,0.11,0
20.28,28380.03,773.03,777.83,-1.41,1.41,0.05,0.11,0
20.33,28418.62,770.77,775.58,-1.4,1.4,0.05,0.11,0
20.38,28457.1,768.52,773.33,-1.4,1.4,0.1,0.11,0
20.43,28495.47,766.27,771.09,-1.39,1.4,0.12,0.11,0
20.48,28533.73,764.03,768.85,-1.39,1.39,0.11,0.11,0
20.53,28571.87,761.8,766.62,-1.39,1.39,0.08,0.11,0
20.58,28609.91,759.57,764.39,-1.39,1.39,0.03,0.11,0
20.63,28647.83,757.34,762.17,-1.38,1.38,0.06,0.11,0
20.68,28685.64,755.11,759.95,-1.38,1.38,0.09,0.11,0
20.73,28723.34,752.89,757.74,-1.38,1.38,0.12,0.11,0
20.78,28760.93,750.68,755.53,-1.38,1.38,0.09,0.11,0
20.83,28798.41,748.47,753.33,-1.37,1.37,0.06,0.11,0
20.88,28835.78,746.26,751.13,-1.37,1.37,0.03,0.11,0
20.93,28873.04,744.06,748.94,-1.36,1.36,0.06,0.11,0
20.98,28910.19,741.87,746.75,-1.36,1.36,0.11,0.11,0
21.03,28947.22,739.69,744.56,-1.36,1.36,0.1,0.11,0
21.08,28984.15,737.51,742.39,-1.35,1.36,0.08,0.11,0
21.13,29020.98,735.33,740.21,-1.35,1.35,0.08,0.11,0
21.18,29057.69,733.16,738.04,-1.35,1.35,0.05,0.11,0
21.23,29094.29,730.99,735.88,-1.35,1.35,0.05,0.11,0
21.28,29130.79,728.82,733.72,-1.35,1.35,0.1,0.11,0
21.33,29167.17,726.66,731.57,-1.34,1.35,0.14,0.11,0
21.38,29203.45,724.5,729.41,-1.34,1.34,0.14,0.11,0
21.43,29239.62,722.34,727.27,-1.34,1.34,0.08,0.11,0
21.48,29275.69,720.19,725.13,-1.33,1.34,0.05,0.11,0
21.53,29311.64,718.05,722.99,-1.33,1.33,0.04,0.11,0
21.58,29347.49,715.91,720.86,-1.33,1.33,0.07,0.11,0
21.63,29383.23,713.78,718.73,-1.32,1.33,0.1,0.11,0
21.68,29418.87,711.65,716.61,-1.32,1.32,0.12,0.11,0
21.73,29454.4,709.53,714.49,-1.32,1.32,0.14,0.11,0
21.78,29489.82,707.41,712.37,-1.32,1.32,0.12,0.11,0
21.83,29525.14,705.3,710.26,-1.31,1.32,0.04,0.11,0
21.88,29560.35,703.18,708.15,-1.31,1.31,0.09,0.11,0
21.93,29595.46,701.07,706.05,-1.31,1.31,0.12,0.11,0
21.98,29630.46,698.96,703.95,-1.31,1.31,0.11,0.11,0
22.03,29665.35,696.86,701.86,-1.31,1.31,0.09,0.11,0
22.08,29700.14,694.76,699.77,-1.3,1.3,0.06,0.11,0
22.13,29734.83,692.66,697.68,-1.3,1.3,0.04,0.11,0
22.18,29769.41,690.57,695.6,-1.3,1.3,0.04,0.11,0
22.23,29803.89,688.49,693.52,-1.29,1.3,0.06,0.11,0
22.28,29838.26,686.41,691.44,-1.29,1.29,0.07,0.11,0
22.33,29872.53,684.33,689.37,-1.29,1.29,0.09,0.11,0
22.38,29906.69,682.26,687.31,-1.29,1.29,0.08,0.11,0
22.43,29940.75,680.19,685.24,-1.28,1.29,0.07,0.11,0
22.48,29974.71,678.13,683.19,-1.28,1.28,0.08,0.11,0
22.53,30008.57,676.07,681.13,-1.28,1.28,0.06,0.11,0
22.58,30042.32,674.01,679.08,-1.28,1.28,0.06,0.11,0
22.63,30075.97,671.95,677.03,-1.28,1.28,0.09,0.11,0
22.68,30109.51,669.9,674.99,-1.28,1.28,0.11,0.1,0
22.73,30142.96,667.85,672.95,-1.27,1.27,0.13,0.1,0
22.78,30176.3,665.8,670.91,-1.27,1.27,0.13,0.1,0
22.83,30209.54,663.75,668.87,-1.27,1.27,0.09,0.1,0
22.88,30242.67,661.71,666.84,-1.27,1.27,0.04,0.1,0
22.93,30275.71,659.68,664.82,-1.26,1.26,0.13,0.1,0
22.98,30308.64,657.65,662.8,-1.26,1.26,0.15,0.1,0
23.03,30341.47,655.63,660.78,-1.26,1.26,0.13,0.1,0
23.08,30374.2,653.61,658.76,-1.26,1.26,0.1,0.1,0
23.13,30406.83,651.59,656.75,-1.25,1.26,0.04,0.1,0
23.18,30439.36,649.57,654.74,-1.25,1.25,0.01,0.1,0
23.23,30471.79,647.56,652.73,-1.25,1.25,0.07,0.1,0
23.28,30504.12,645.54,650.73,-1.25,1.25,0.09,0.1,0
23.33,30536.35,643.53,648.73,-1.25,1.25,0.1,0.1,0
23.38,30568.47,641.53,646.73,-1.25,1.25,0.11,0.1,0
23.43,30600.5,639.52,644.74,-1.24,1.24,0.08,0.1,0
23.48,30632.43,637.52,642.75,-1.24,1.24,0.04,0.1,0
23.53,30664.25,635.53,640.76,-1.24,1.24,0.03,0.1,0
23.58,30695.98,633.54,638.78,-1.24,1.24,0.04,0.1,0
23.63,30727.61,631.55,636.8,-1.23,1.24,0.06,0.1,0
23.68,30759.13,629.57,634.83,-1.23,1.23,0.09,0.1,0
23.73,30790.56,627.58,632.85,-1.23,1.23,0.1,0.1,0
23.78,30821.89,625.61,630.88,-1.23,1.23,0.08,0.1,0
23.83,30853.12,623.63,628.91,-1.23,1.23,0.06,0.1,0
23.88,30884.25,621.66,626.95,-1.23,1.23,0.03,0.1,0
23.93,30915.29,619.69,624.99,-1.22,1.22,0.02,0.1,0
23.98,30946.22,617.72,623.03,-1.22,1.22,0.06,0.1,0
24.03,30977.06,615.75,621.07,-1.22,1.22,0.09,0.1,0
24.08,31007.8,613.79,619.12,-1.22,1.22,0.1,0.1,0
24.13,31038.44,611.83,617.17,-1.22,1.22,0.09,0.1,0
24.18,31068.98,609.87,615.23,-1.22,1.22,0.09,0.1,0
24.23,31099.43,607.92,613.28,-1.21,1.22,0.1,0.1,0
24.28,31129.77,605.96,611.34,-1.21,1.21,0.07,0.1,0
24.33,31160.02,604.01,609.4,-1.21,1.21,0.05,0.1,0
24.38,31190.18,602.07,607.47,-1.21,1.21,0.05,0.1,0
24.43,31220.23,600.13,605.54,-1.21,1.21,0.08,0.1,0
24.48,31250.19,598.19,603.61,-1.2,1.2,0.11,0.1,0
24.53,31280.05,596.25,601.68,-1.2,1.2,0.12,0.1,0
24.58,31309.81,594.32,599.76,-1.2,1.2,0.09,0.1,0
24.63,31339.48,592.39,597.84,-1.2,1.2,0.07,0.1,0
24.68,31369.05,590.46,595.92,-1.2,1.2,0.06,0.1,0
24.73,31398.53,588.54,594,-1.2,1.2,0.06,0.1,0
24.78,31427.91,586.62,592.09,-1.19,1.19,0.07,0.1,0
24.83,31457.19,584.7,590.18,-1.19,1.19,0.09,0.1,0
24.88,31486.38,582.78,588.27,-1.19,1.19,0.1,0.1,0
24.93,31515.47,580.87,586.37,-1.19,1.19,0.09,0.1,0
24.98,31544.46,578.95,584.47,-1.19,1.19,0.09,0.1,0
25.03,31573.36,577.04,582.57,-1.19,1.19,0.08,0.1,0
25.08,31602.17,575.13,580.67,-1.19,1.19,0.09,0.1,0
25.13,31630.88,573.22,578.78,-1.19,1.19,0.11,0.1,0
25.18,31659.49,571.32,576.89,-1.18,1.18,0.15,0.1,0
25.23,31688.01,569.41,575,-1.18,1.18,0.14,0.1,0
25.28,31716.43,567.51,573.11,-1.18,1.18,0.13,0.1,0
25.33,31744.76,565.61,571.22,-1.18,1.18,0.1,0.1,0
25.38,31772.99,563.72,569.34,-1.18,1.18,0.08,0.1,0
25.43,31801.13,561.83,567.46,-1.17,1.17,0.08,0.1,0
25.48,31829.18,559.94,565.59,-1.17,1.17,0.09,0.1,0
25.53,31857.13,558.06,563.71,-1.17,1.17,0.1,0.1,0
25.58,31884.98,556.17,561.84,-1.17,1.17,0.16,0.1,0
25.63,31912.74,554.3,559.97,-1.17,1.17,0.21,0.1,0
25.68,31940.41,552.42,558.11,-1.16,1.17,0.23,0.1,0
25.73,31967.99,550.55,556.24,-1.16,1.16,0.24,0.1,0
25.78,31995.47,548.68,554.38,-1.16,1.16,0.2,0.1,0
25.83,32022.85,546.81,552.52,-1.16,1.16,0.13,0.1,0
25.88,32050.15,544.94,550.66,-1.16,1.16,0.08,0.09,0
25.93,32077.35,543.07,548.81,-1.16,1.16,0.12,0.09,0
25.98,32104.45,541.2,546.95,-1.16,1.16,0.19,0.09,0
26.03,32131.47,539.33,545.1,-1.16,1.16,0.21,0.09,0
26.08,32158.39,537.47,543.25,-1.16,1.16,0.27,0.09,0
26.13,32185.21,535.6,541.4,-1.16,1.16,0.28,0.09,0
26.18,32211.95,533.74,539.56,-1.16,1.16,0.26,0.09,0
26.23,32238.59,531.88,537.72,-1.16,1.16,0.19,0.09,0
26.28,32265.14,530.02,535.88,-1.15,1.15,0.1,0.09,0
26.33,32291.59,528.17,534.04,-1.15,1.15,0.06,0.09,0
26.38,32317.95,526.32,532.2,-1.15,1.15,0.07,0.09,0
26.43,32344.22,524.47,530.37,-1.15,1.15,0.1,0.09,0
26.48,32370.4,522.63,528.54,-1.14,1.15,0.14,0.09,0
26.53,32396.48,520.79,526.71,-1.14,1.14,0.15,0.09,0
26.58,32422.48,518.95,524.89,-1.14,1.14,0.17,0.09,0
26.63,32448.38,517.12,523.06,-1.14,1.14,0.19,0.09,0
26.68,32474.19,515.28,521.24,-1.14,1.14,0.21,0.09,0
26.73,32499.91,513.45,519.42,-1.14,1.14,0.2,0.09,0
26.78,32525.53,511.62,517.6,-1.14,1.14,0.16,0.09,0
26.83,32551.07,509.79,515.79,-1.14,1.14,0.14,0.09,0
26.88,32576.51,507.97,513.97,-1.14,1.14,0.09,0.09,0
26.93,32601.87,506.14,512.16,-1.14,1.14,0.09,0.09,0
26.98,32627.13,504.31,510.35,-1.14,1.14,0.13,0.09,0
27.03,32652.3,502.49,508.54,-1.13,1.13,0.14,0.09,0
27.08,32677.38,500.66,506.73,-1.13,1.13,0.18,0.09,0
27.13,32702.36,498.84,504.93,-1.13,1.13,0.23,0.09,0
27.18,32727.26,497.02,503.13,-1.13,1.13,0.25,0.09,0
27.23,32752.07,495.2,501.33,-1.13,1.13,0.23,0.09,0
27.28,32776.78,493.38,499.53,-1.13,1.13,0.16,0.09,0
27.33,32801.4,491.56,497.73,-1.13,1.13,0.09,0.09,0
27.38,32825.94,489.75,495.94,-1.12,1.13,0.05,0.09,0
27.43,32850.38,487.94,494.15,-1.12,1.12,0.1,0.09,0
27.48,32874.73,486.14,492.36,-1.12,1.12,0.16,0.09,0
27.53,32898.99,484.34,490.57,-1.12,1.12,0.22,0.09,0
27.58,32923.16,482.54,488.78,-1.12,1.12,0.25,0.09,0
27.63,32947.25,480.74,487,-1.12,1.12,0.3,0.09,0
27.68,32971.24,478.95,485.22,-1.11,1.12,0.35,0.09,0
27.73,32995.14,477.15,483.43,-1.11,1.11,0.3,0.09,0
27.78,33018.95,475.36,481.66,-1.11,1.11,0.22,0.09,0
27.83,33042.68,473.57,479.88,-1.11,1.11,0.14,0.09,0
27.88,33066.31,471.78,478.1,-1.11,1.11,0.07,0.09,0
27.93,33089.86,469.99,476.33,-1.11,1.11,0.11,0.09,0
27.98,33113.31,468.2,474.56,-1.11,1.11,0.17,0.09,0
28.03,33136.67,466.4,472.79,-1.11,1.11,0.26,0.09,0
28.08,33159.95,464.61,471.02,-1.11,1.11,0.38,0.09,0
28.13,33183.14,462.82,469.25,-1.11,1.11,0.45,0.08,0
28.18,33206.23,461.03,467.48,-1.11,1.11,0.46,0.08,0
28.23,33229.24,459.24,465.72,-1.11,1.11,0.39,0.08,0
28.28,33252.16,457.45,463.96,-1.11,1.11,0.31,0.08,0
28.33,33274.98,455.67,462.2,-1.11,1.11,0.23,0.08,0
28.38,33297.72,453.89,460.44,-1.11,1.11,0.14,0.08,0
28.43,33320.37,452.11,458.68,-1.1,1.1,0.09,0.08,0
28.48,33342.93,450.34,456.93,-1.1,1.1,0.09,0.08,0
28.53,33365.41,448.57,455.18,-1.1,1.1,0.18,0.08,0
28.58,33387.79,446.8,453.43,-1.1,1.1,0.28,0.08,0
28.63,33410.09,445.04,451.68,-1.1,1.1,0.34,0.08,0
28.68,33432.29,443.27,449.93,-1.09,1.1,0.39,0.08,0
28.73,33454.41,441.51,448.19,-1.09,1.09,0.41,0.08,0
28.78,33476.45,439.75,446.44,-1.09,1.09,0.4,0.08,0
28.83,33498.39,438,444.7,-1.09,1.09,0.38,0.08,0
28.88,33520.25,436.24,442.96,-1.09,1.09,0.34,0.08,0
28.93,33542.01,434.49,441.22,-1.09,1.09,0.25,0.08,0
28.98,33563.69,432.73,439.49,-1.09,1.09,0.17,0.08,0
29.03,33585.29,430.98,437.75,-1.09,1.09,0.12,0.08,0
29.08,33606.79,429.22,436.02,-1.09,1.09,0.13,0.08,0
29.13,33628.21,427.47,434.28,-1.09,1.09,0.2,0.08,0
29.18,33649.54,425.71,432.55,-1.09,1.09,0.29,0.08,0
29.23,33670.78,423.96,430.82,-1.09,1.09,0.38,0.08,0
29.28,33691.93,422.2,429.1,-1.09,1.09,0.39,0.08,0
29.33,33713,420.45,427.37,-1.09,1.09,0.4,0.08,0
29.38,33733.98,418.7,425.64,-1.09,1.09,0.41,0.08,0
29.43,33754.87,416.94,423.92,-1.09,1.09,0.34,0.08,0
29.48,33775.67,415.2,422.2,-1.09,1.09,0.22,0.08,0
29.53,33796.39,413.45,420.48,-1.08,1.08,0.14,0.08,0
29.58,33817.02,411.71,418.76,-1.08,1.08,0.07,0.08,0
29.63,33837.56,409.97,417.05,-1.08,1.08,0.05,0.08,0
29.68,33858.02,408.23,415.33,-1.08,1.08,0.12,0.08,0
29.73,33878.38,406.49,413.62,-1.08,1.08,0.15,0.08,0
29.78,33898.66,404.76,411.91,-1.08,1.08,0.19,0.08,0
29.83,33918.86,403.02,410.2,-1.08,1.08,0.22,0.08,0
29.88,33938.97,401.29,408.49,-1.08,1.08,0.25,0.08,0
29.93,33958.99,399.56,406.78,-1.08,1.08,0.26,0.08,0
29.98,33978.92,397.83,405.07,-1.07,1.07,0.27,0.08,0
30.03,33998.77,396.1,403.37,-1.07,1.07,0.29,0.08,0
30.08,34018.53,394.38,401.67,-1.07,1.07,0.26,0.07,0
30.13,34038.21,392.65,399.97,-1.07,1.07,0.27,0.07,0
30.18,34057.8,390.93,398.27,-1.07,1.07,0.24,0.07,0
30.23,34077.3,389.21,396.57,-1.07,1.07,0.21,0.07,0
30.28,34096.72,387.49,394.87,-1.07,1.07,0.19,0.07,0
30.33,34116.05,385.77,393.17,-1.07,1.07,0.2,0.07,0
30.38,34135.3,384.05,391.48,-1.07,1.07,0.19,0.07,0
30.43,34154.46,382.32,389.78,-1.07,1.07,0.22,0.07,0
30.48,34173.53,380.6,388.09,-1.07,1.07,0.27,0.07,0
30.53,34192.52,378.88,386.4,-1.07,1.07,0.3,0.07,0
30.58,34211.42,377.16,384.71,-1.07,1.07,0.34,0.07,0
30.63,34230.23,375.44,383.02,-1.07,1.07,0.36,0.07,0
30.68,34248.96,373.73,381.34,-1.07,1.07,0.35,0.07,0
30.73,34267.61,372.01,379.65,-1.07,1.07,0.3,0.07,0
30.78,34286.16,370.29,377.97,-1.07,1.07,0.25,0.07,0
30.83,34304.63,368.58,376.28,-1.06,1.07,0.2,0.07,0
30.88,34323.02,366.87,374.6,-1.06,1.06,0.16,0.07,0
30.93,34341.32,365.16,372.92,-1.06,1.06,0.1,0.07,0
30.98,34359.54,363.45,371.24,-1.06,1.06,0.01,0.07,0
31.03,34377.67,361.74,369.57,-1.06,1.06,0.08,0.07,0
31.08,34395.71,360.03,367.89,-1.06,1.06,0.13,0.07,0
31.13,34413.67,358.32,366.21,-1.06,1.06,0.17,0.07,0
31.18,34431.54,356.62,364.54,-1.06,1.06,0.2,0.07,0
31.23,34449.33,354.92,362.87,-1.06,1.06,0.23,0.07,0
31.28,34467.03,353.21,361.2,-1.06,1.06,0.25,0.07,0
31.33,34484.65,351.51,359.53,-1.06,1.06,0.25,0.07,0
31.38,34502.19,349.81,357.86,-1.06,1.06,0.24,0.07,0
31.43,34519.63,348.11,356.19,-1.06,1.06,0.23,0.07,0
31.48,34537,346.41,354.53,-1.05,1.06,0.22,0.07,0
31.53,34554.27,344.72,352.86,-1.05,1.05,0.21,0.07,0
31.58,34571.47,343.02,351.2,-1.05,1.05,0.13,0.07,0
31.63,34588.58,341.33,349.54,-1.05,1.05,0.08,0.07,0
31.68,34605.6,339.63,347.88,-1.05,1.05,0.05,0.07,0
31.73,34622.54,337.94,346.22,-1.05,1.05,0.07,0.07,0
31.78,34639.39,336.25,344.56,-1.05,1.05,0.12,0.07,0
31.83,34656.16,334.55,342.9,-1.05,1.05,0.17,0.07,0
31.88,34672.85,332.86,341.25,-1.05,1.05,0.21,0.07,0
31.93,34689.45,331.17,339.6,-1.05,1.05,0.25,0.07,0
31.98,34705.97,329.48,337.94,-1.05,1.05,0.27,0.06,0
32.03,34722.4,327.79,336.29,-1.05,1.05,0.29,0.06,0
32.08,34738.75,326.11,334.64,-1.05,1.05,0.3,0.06,0
32.13,34755.01,324.42,332.99,-1.05,1.05,0.29,0.06,0
32.18,34771.19,322.73,331.34,-1.05,1.05,0.28,0.06,0
32.23,34787.28,321.05,329.7,-1.05,1.05,0.26,0.06,0
32.28,34803.29,319.36,328.05,-1.05,1.05,0.23,0.06,0
32.33,34819.22,317.68,326.41,-1.05,1.05,0.19,0.06,0
32.38,34835.06,316,324.77,-1.05,1.05,0.15,0.06,0
32.43,34850.82,314.32,323.12,-1.04,1.04,0.16,0.06,0
32.48,34866.49,312.64,321.49,-1.04,1.04,0.16,0.06,0
32.53,34882.08,310.96,319.85,-1.04,1.04,0.17,0.06,0
32.58,34897.59,309.28,318.21,-1.04,1.04,0.19,0.06,0
32.63,34913.01,307.61,316.57,-1.04,1.04,0.29,0.06,0
32.68,34928.35,305.93,314.94,-1.04,1.04,0.27,0.06,0
32.73,34943.6,304.26,313.3,-1.04,1.04,0.23,0.06,0
32.78,34958.78,302.58,311.67,-1.04,1.04,0.21,0.06,0
32.83,34973.86,300.91,310.04,-1.04,1.04,0.2,0.06,0
32.88,34988.87,299.23,308.41,-1.04,1.04,0.21,0.06,0
32.93,35003.79,297.56,306.78,-1.04,1.04,0.24,0.06,0
32.98,35018.62,295.88,305.15,-1.04,1.04,0.26,0.06,0
33.03,35033.37,294.21,303.53,-1.04,1.04,0.25,0.06,0
33.08,35048.04,292.54,301.9,-1.04,1.04,0.23,0.06,0
33.13,35062.63,290.87,300.28,-1.04,1.04,0.17,0.06,0
33.18,35077.13,289.2,298.66,-1.04,1.04,0.21,0.06,0
33.23,35091.55,287.52,297.04,-1.04,1.04,0.16,0.06,0
33.28,35105.88,285.85,295.42,-1.04,1.04,0.13,0.06,0
33.33,35120.13,284.19,293.8,-1.04,1.04,0.1,0.06,0
33.38,35134.3,282.52,292.18,-1.04,1.04,0.13,0.06,0
33.43,35148.38,280.85,290.57,-1.04,1.04,0.16,0.06,0
33.48,35162.39,279.19,288.95,-1.04,1.04,0.22,0.06,0
33.53,35176.3,277.52,287.34,-1.04,1.04,0.24,0.06,0
33.58,35190.14,275.86,285.73,-1.03,1.03,0.24,0.06,0
33.63,35203.89,274.19,284.12,-1.03,1.03,0.27,0.06,0
33.68,35217.56,272.53,282.51,-1.03,1.03,0.28,0.06,0
33.73,35231.14,270.87,280.9,-1.03,1.03,0.29,0.06,0
33.78,35244.64,269.21,279.29,-1.03,1.03,0.29,0.05,0
33.83,35258.06,267.55,277.69,-1.03,1.03,0.29,0.05,0
33.88,35271.4,265.89,276.08,-1.03,1.03,0.28,0.05,0
33.93,35284.65,264.23,274.48,-1.03,1.03,0.27,0.05,0
33.98,35297.82,262.57,272.88,-1.03,1.03,0.24,0.05,0
34.03,35310.91,260.92,271.28,-1.03,1.03,0.22,0.05,0
34.08,35323.91,259.26,269.68,-1.03,1.03,0.22,0.05,0
34.13,35336.84,257.6,268.09,-1.03,1.03,0.28,0.05,0
34.18,35349.67,255.95,266.49,-1.03,1.03,0.32,0.05,0
34.23,35362.43,254.3,264.9,-1.03,1.03,0.36,0.05,0
34.28,35375.1,252.65,263.31,-1.03,1.03,0.38,0.05,0
34.33,35387.7,251,261.71,-1.03,1.03,0.43,0.05,0
34.38,35400.2,249.35,260.13,-1.03,1.03,0.38,0.05,0
34.43,35412.63,247.7,258.54,-1.02,1.03,0.37,0.05,0
34.48,35424.97,246.05,256.95,-1.02,1.02,0.42,0.05,0
34.53,35437.24,244.41,255.37,-1.02,1.02,0.42,0.05,0
34.58,35449.41,242.76,253.78,-1.02,1.02,0.37,0.05,0
34.63,35461.51,241.11,252.2,-1.02,1.02,0.32,0.05,0
34.68,35473.53,239.46,250.62,-1.02,1.02,0.28,0.05,0
34.73,35485.46,237.82,249.04,-1.02,1.02,0.24,0.05,0
34.78,35497.31,236.17,247.46,-1.02,1.02,0.25,0.05,0
34.83,35509.07,234.53,245.88,-1.02,1.02,0.3,0.05,0
34.88,35520.76,232.88,244.31,-1.02,1.02,0.27,0.05,0
34.93,35532.36,231.24,242.74,-1.02,1.02,0.23,0.05,0
34.98,35543.88,229.59,241.16,-1.02,1.02,0.16,0.05,0
35.03,35555.32,227.95,239.59,-1.02,1.02,0.11,0.05,0
35.08,35566.68,226.31,238.02,-1.02,1.02,0.06,0.05,0
35.13,35577.95,224.66,236.46,-1.02,1.02,0.09,0.05,0
35.18,35589.14,223.02,234.89,-1.02,1.02,0.13,0.05,0
35.23,35600.25,221.37,233.33,-1.02,1.02,0.3,0.05,0
35.28,35611.28,219.73,231.77,-1.02,1.02,0.38,0.05,0
35.33,35622.23,218.09,230.2,-1.02,1.02,0.33,0.05,0
35.38,35633.09,216.44,228.65,-1.02,1.02,0.31,0.05,0
35.43,35643.87,214.8,227.09,-1.02,1.02,0.3,0.05,0
35.48,35654.57,213.16,225.53,-1.02,1.02,0.32,0.05,0
35.53,35665.19,211.52,223.98,-1.02,1.02,0.37,0.05,0
35.58,35675.72,209.88,222.43,-1.02,1.02,0.39,0.05,0
35.63,35686.18,208.24,220.88,-1.02,1.02,0.37,0.04,0
35.68,35696.55,206.6,219.33,-1.02,1.02,0.4,0.04,0
35.73,35706.84,204.97,217.78,-1.02,1.02,0.42,0.04,0
35.78,35717.04,203.33,216.24,-1.02,1.02,0.43,0.04,0
35.83,35727.17,201.69,214.69,-1.02,1.02,0.43,0.04,0
35.88,35737.21,200.06,213.15,-1.02,1.02,0.45,0.04,0
35.93,35747.17,198.42,211.61,-1.02,1.02,0.45,0.04,0
35.98,35757.05,196.78,210.08,-1.02,1.02,0.42,0.04,0
36.03,35766.85,195.15,208.54,-1.02,1.02,0.43,0.04,0
36.08,35776.57,193.52,207.01,-1.01,1.01,0.47,0.04,0
36.13,35786.2,191.89,205.48,-1.01,1.01,0.48,0.04,0
36.18,35795.76,190.26,203.95,-1.01,1.01,0.53,0.04,0
36.23,35805.23,188.63,202.42,-1.01,1.01,0.54,0.04,0
36.28,35814.62,187,200.9,-1.01,1.01,0.54,0.04,0
36.33,35823.93,185.37,199.38,-1.01,1.01,0.52,0.04,0
36.38,35833.16,183.74,197.86,-1.01,1.01,0.43,0.04,0
36.43,35842.3,182.11,196.34,-1.01,1.01,0.39,0.04,0
36.48,35851.37,180.49,194.82,-1.01,1.01,0.36,0.04,0
36.53,35860.35,178.86,193.31,-1.01,1.01,0.42,0.04,0
36.58,35869.26,177.23,191.8,-1.01,1.01,0.44,0.04,0
36.63,35878.08,175.61,190.29,-1.01,1.01,0.48,0.04,0
36.68,35886.82,173.98,188.78,-1.01,1.01,0.59,0.04,0
36.73,35895.48,172.36,187.28,-1.01,1.01,0.76,0.04,0
36.78,35904.05,170.74,185.78,-1.01,1.01,0.83,0.04,0
36.83,35912.55,169.12,184.28,-1.01,1.01,0.78,0.04,0
36.88,35920.96,167.49,182.78,-1.01,1.01,0.77,0.04,0
36.93,35929.3,165.87,181.29,-1.01,1.01,0.74,0.04,0
36.98,35937.55,164.25,179.8,-1.01,1.01,0.71,0.04,0
37.03,35945.72,162.63,178.31,-1.01,1.01,0.62,0.04,0
37.08,35953.81,161.01,176.83,-1.01,1.01,0.48,0.04,0
37.13,35961.82,159.39,175.34,-1.01,1.01,0.41,0.04,0
37.18,35969.75,157.77,173.86,-1.01,1.01,0.45,0.04,0
37.23,35977.6,156.14,172.39,-1.01,1.01,0.4,0.04,0
37.28,35985.37,154.52,170.91,-1.01,1.01,0.32,0.04,0
37.33,35993.05,152.9,169.44,-1.01,1.01,0.23,0.04,0
37.38,36000.66,151.28,167.98,-1.01,1.01,0.23,0.04,0
37.43,36008.18,149.66,166.51,-1.01,1.01,0.3,0.04,0
37.48,36015.62,148.04,165.05,-1.01,1.01,0.28,0.03,0
37.53,36022.99,146.42,163.59,-1.01,1.01,0.4,0.03,0
37.58,36030.27,144.8,162.14,-1.01,1.01,0.49,0.03,0
37.63,36037.47,143.19,160.69,-1.01,1.01,0.31,0.03,0
37.68,36044.58,141.57,159.24,-1.01,1.01,0.24,0.03,0
37.73,36051.62,139.95,157.8,-1.01,1.01,0.2,0.03,0
37.78,36058.58,138.33,156.36,-1.01,1.01,0.25,0.03,0
37.83,36065.46,136.71,154.92,-1.01,1.01,0.28,0.03,0
37.88,36072.25,135.1,153.49,-1.01,1.01,0.31,0.03,0
37.93,36078.97,133.48,152.07,-1.01,1.01,0.31,0.03,0
37.98,36085.6,131.86,150.64,-1.01,1.01,0.32,0.03,0
38.03,36092.15,130.24,149.22,-1,1,0.39,0.03,0
38.08,36098.62,128.63,147.81,-1,1,0.46,0.03,0
38.13,36105.01,127.01,146.4,-1,1,0.5,0.03,0
38.18,36111.32,125.4,144.99,-1,1,0.62,0.03,0
38.23,36117.55,123.78,143.59,-1,1,0.73,0.03,0
38.28,36123.7,122.17,142.2,-1,1,0.76,0.03,0
38.33,36129.77,120.56,140.81,-1,1,0.86,0.03,0
38.38,36135.76,118.94,139.42,-1,1,0.89,0.03,0
38.43,36141.67,117.33,138.04,-1,1,0.89,0.03,0
38.48,36147.49,115.72,136.67,-1,1,0.89,0.03,0
38.53,36153.24,114.11,135.3,-1,1,0.97,0.03,0
38.58,36158.9,112.5,133.93,-1,1,1.05,0.03,0
38.63,36164.49,110.89,132.58,-1,1,1.05,0.03,0
38.68,36169.99,109.28,131.23,-1,1,1.1,0.03,0
38.73,36175.41,107.67,129.88,-1,1,1.15,0.03,0
38.78,36180.76,106.06,128.54,-1,1,1.13,0.03,0
38.83,36186.02,104.45,127.21,-1,1,1.22,0.03,0
38.88,36191.2,102.84,125.88,-1,1,1.39,0.03,0
38.93,36196.3,101.23,124.56,-1,1,1.52,0.03,0
38.98,36201.33,99.62,123.25,-1,1,1.52,0.03,0
39.03,36206.27,98.02,121.95,-1,1,1.48,0.03,0
39.08,36211.13,96.41,120.65,-1,1,1.56,0.03,0
39.13,36215.91,94.8,119.36,-1,1,1.67,0.03,0
39.18,36220.61,93.2,118.08,-1,1,1.89,0.03,0
39.23,36225.23,91.59,116.81,-1,1,2.11,0.03,0
39.28,36229.77,89.99,115.55,-1,1,2.33,0.03,0
39.33,36234.23,88.39,114.29,-1,1,2.35,0.03,0
39.38,36238.61,86.79,113.05,-1,1,2.47,0.03,0
39.43,36242.91,85.19,111.81,-1,1,2.62,0.03,0
39.48,36247.12,83.59,110.58,-0.99,1,2.64,0.03,0
39.53,36251.26,81.98,109.37,-0.99,0.99,2.76,0.02,0
39.58,36255.32,80.39,108.16,-0.99,0.99,2.96,0.02,0
39.63,36259.3,78.79,106.96,-0.99,0.99,3.17,0.02,0
39.68,36263.2,77.19,105.78,-0.99,0.99,3.29,0.02,0
39.73,36267.02,75.59,104.61,-0.99,0.99,3.2,0.02,0
39.78,36270.76,73.99,103.44,-0.99,0.99,3.19,0.02,0
39.83,36274.42,72.4,102.29,-0.99,0.99,3.37,0.02,0
39.88,36278,70.8,101.16,-0.99,0.99,3.42,0.02,0
39.93,36281.5,69.2,100.03,-0.99,0.99,3.6,0.02,0
39.98,36284.92,67.61,98.92,-0.99,0.99,3.78,0.02,0
40.03,36288.26,66.01,97.82,-0.99,0.99,3.89,0.02,0
40.08,36291.52,64.42,96.74,-0.99,0.99,3.89,0.02,0
40.13,36294.7,62.82,95.67,-0.99,0.99,3.97,0.02,0
40.18,36297.8,61.23,94.62,-0.99,0.99,4.12,0.02,0
40.23,36300.83,59.63,93.58,-0.99,0.99,4.22,0.02,0
40.28,36303.77,58.04,92.56,-0.99,0.99,4.41,0.02,0
40.33,36306.63,56.45,91.55,-0.99,0.99,4.67,0.02,0
40.38,36309.41,54.86,90.57,-0.99,0.99,5.04,0.02,0
40.43,36312.12,53.27,89.6,-0.99,0.99,5.32,0.02,0
40.48,36314.74,51.68,88.64,-0.99,0.99,5.52,0.02,0
40.53,36317.28,50.09,87.71,-0.99,0.99,5.71,0.02,0
40.58,36319.75,48.5,86.79,-0.99,0.99,5.84,0.02,0
40.63,36322.13,46.92,85.9,-0.99,0.99,5.91,0.02,0
40.68,36324.44,45.33,85.03,-0.99,0.99,6.17,0.02,0
40.73,36326.67,43.75,84.17,-0.99,0.99,6.48,0.02,0
40.78,36328.81,42.16,83.34,-0.98,0.98,6.73,0.02,0
40.83,36330.88,40.58,82.53,-0.98,0.98,6.91,0.02,0
40.88,36332.87,39,81.75,-0.98,0.98,7.14,0.02,0
40.93,36334.78,37.41,80.99,-0.98,0.98,7.32,0.02,0
40.98,36336.61,35.83,80.25,-0.98,0.98,7.43,0.02,0
41.03,36338.37,34.25,79.54,-0.98,0.98,7.61,0.02,0
41.08,36340.04,32.67,78.85,-0.98,0.98,7.82,0.02,0
41.13,36341.63,31.09,78.19,-0.98,0.98,8,0.02,0
41.18,36343.15,29.51,77.56,-0.98,0.98,8.15,0.02,0
41.23,36344.58,27.94,76.95,-0.98,0.98,8.26,0.02,0
41.28,36345.94,26.36,76.37,-0.98,0.98,8.38,0.02,0
41.33,36347.22,24.78,75.82,-0.98,0.98,8.48,0.02,0
41.38,36348.42,23.2,75.31,-0.98,0.98,8.6,0.02,0
41.43,36349.54,21.63,74.82,-0.98,0.98,8.78,0.02,0
41.48,36350.58,20.05,74.36,-0.98,0.98,8.98,0.02,0
41.53,36351.55,18.48,73.93,-0.98,0.98,9.17,0.02,0
41.58,36352.43,16.9,73.54,-0.98,0.98,9.38,0.02,0
41.63,36353.24,15.33,73.17,-0.98,0.98,9.56,0.02,0
41.68,36353.96,13.76,72.84,-0.98,0.98,9.67,0.02,0
41.73,36354.61,12.19,72.54,-0.98,0.98,9.79,0.02,0
41.78,36355.18,10.62,72.28,-0.98,0.98,9.92,0.02,0
41.83,36355.67,9.04,72.05,-0.98,0.98,10.05,0.02,0
41.88,36356.09,7.48,71.85,-0.98,0.98,10.12,0.02,0
41.93,36356.42,5.91,71.69,-0.98,0.98,10.2,0.02,0
41.98,36356.68,4.34,71.57,-0.98,0.98,10.28,0.02,0
42.03,36356.86,2.77,71.47,-0.98,0.98,10.36,0.02,0
42.08,36356.95,1.2,71.42,-0.98,0.98,10.45,0.02,0
42.13,36356.97,-0.37,71.39,-0.98,0.98,10.53,0.02,0
42.18,36356.92,-1.94,71.41,-0.98,1.08,NaN,NaN,0
42.28,36356.59,-4.93,70.19,-0.97,1.06,NaN,NaN,0
42.37,36355.98,-7.92,69.12,-0.95,1.04,NaN,NaN,0
42.47,36355.05,-10.91,68.22,-0.93,1.02,NaN,NaN,0
42.57,36353.81,-13.92,67.47,-0.92,1,NaN,NaN,0
42.67,36352.24,-16.93,66.9,-0.9,0.98,NaN,NaN,0
42.78,36350.33,-19.94,66.49,-0.89,0.96,NaN,NaN,0
42.88,36348.06,-22.97,66.26,-0.87,0.95,NaN,NaN,0
42.99,36345.42,-25.99,66.18,-0.86,0.93,NaN,NaN,0
43.1,36342.4,-29.01,66.28,-0.84,0.91,NaN,NaN,0
43.21,36338.98,-32.04,66.54,-0.82,0.89,NaN,NaN,0
43.33,36335.15,-35.06,66.96,-0.81,0.88,NaN,NaN,0
43.44,36330.89,-38.08,67.54,-0.79,0.86,NaN,NaN,0
43.56,36326.19,-41.09,68.23,-0.77,0.84,NaN,NaN,0
43.68,36321.01,-44.11,69.08,-0.75,0.82,NaN,NaN,0
43.81,36315.34,-47.11,70.06,-0.73,0.8,NaN,NaN,0
43.94,36309.15,-50.11,71.17,-0.71,0.78,NaN,NaN,0
44.07,36302.41,-53.11,72.4,-0.69,0.76,NaN,NaN,0
44.2,36295.08,-56.09,73.72,-0.67,0.74,NaN,NaN,0
44.34,36287.14,-59.07,75.14,-0.64,0.72,NaN,NaN,0
44.48,36278.53,-62.01,76.62,-0.62,0.7,NaN,NaN,0
44.63,36269.24,-64.93,78.16,-0.6,0.67,NaN,NaN,0
44.78,36259.16,-67.85,79.79,-0.57,0.65,NaN,NaN,0
44.94,36248.24,-70.75,81.5,-0.55,0.62,NaN,NaN,0
45.1,36236.41,-73.62,83.26,-0.52,0.6,NaN,NaN,0
45.27,36223.55,-76.49,85.1,-0.49,0.57,NaN,NaN,0
45.45,36209.59,-79.32,86.96,-0.46,0.54,NaN,NaN,0
45.64,36194.38,-82.12,88.85,-0.43,0.51,NaN,NaN,0
45.84,36177.77,-84.89,90.77,-0.4,0.48,NaN,NaN,0
46.05,36159.62,-87.6,92.69,-0.37,0.45,NaN,NaN,0
46.27,36139.67,-90.26,94.62,-0.34,0.42,NaN,NaN,0
46.51,36117.66,-92.87,96.56,-0.31,0.39,NaN,NaN,0
46.77,36093.26,-95.42,98.47,-0.27,0.36,NaN,NaN,0
47.06,36065.78,-97.93,100.43,-0.24,0.33,NaN,NaN,0
47.37,36035.07,-100.33,102.3,-0.21,0.29,NaN,NaN,0
47.71,35999.76,-102.67,104.18,-0.18,0.26,NaN,NaN,0
48.11,35958.45,-104.94,106.05,-0.14,0.22,NaN,NaN,0
48.57,35910.16,-107.04,107.8,-0.11,0.19,NaN,NaN,0
49.07,35856.19,-108.82,109.3,-0.08,0.16,NaN,NaN,0
49.57,35801.45,-110.14,110.42,-0.06,0.14,NaN,NaN,0
50.07,35746.14,-111.1,111.25,-0.04,0.12,NaN,NaN,0
50.57,35690.42,-111.79,111.87,-0.03,0.1,NaN,NaN,0
51.07,35634.41,-112.28,112.31,-0.02,0.07,NaN,NaN,0
51.57,35578.18,-112.63,112.64,-0.01,0.06,NaN,NaN,0
52.07,35521.81,-112.85,112.85,-0.01,0.05,NaN,NaN,0
52.57,35465.36,-112.97,112.97,-0,0.05,NaN,NaN,0
53.07,35408.86,-113.02,113.02,0,0.04,NaN,NaN,0
53.57,35352.35,-113.01,113.03,0,0.04,NaN,NaN,0
54.07,35295.86,-112.97,113,0,0.04,NaN,NaN,0
54.57,35239.39,-112.9,112.94,0.01,0.03,NaN,NaN,0
55.07,35182.96,-112.81,112.87,0.01,0.03,NaN,NaN,0
55.57,35126.58,-112.7,112.78,0.01,0.02,NaN,NaN,0
56.07,35070.26,-112.59,112.67,0.01,0.02,NaN,NaN,0
56.57,35014,-112.47,112.56,0.01,0.02,NaN,NaN,0
57.07,34957.8,-112.33,112.44,0.01,0.02,NaN,NaN,0
57.57,34901.66,-112.2,112.32,0.01,0.01,NaN,NaN,0
58.07,34845.6,-112.06,112.19,0.01,0.01,NaN,NaN,0
58.57,34789.6,-111.92,112.05,0.01,0.01,NaN,NaN,0
59.07,34733.68,-111.78,111.92,0.01,0.01,NaN,NaN,0
59.57,34677.82,-111.63,111.78,0.01,0.01,NaN,NaN,0
60.07,34622.04,-111.49,111.64,0.01,0.01,NaN,NaN,0
60.57,34566.34,-111.34,111.49,0.01,0.01,NaN,NaN,0
61.07,34510.71,-111.18,111.34,0.01,0.01,NaN,NaN,0
61.57,34455.15,-111.03,111.19,0.01,0.01,NaN,NaN,0
62.07,34399.67,-110.88,111.04,0.01,0.01,NaN,NaN,0
62.57,34344.27,-110.73,110.89,0.01,0.01,NaN,NaN,0
63.07,34288.94,-110.58,110.75,0.01,0.01,NaN,NaN,0
63.57,34233.69,-110.43,110.6,0.01,0.02,NaN,NaN,0
64.07,34178.51,-110.28,110.46,0.01,0.01,NaN,NaN,0
64.57,34123.41,-110.13,110.32,0.01,0.01,NaN,NaN,0
65.07,34068.38,-109.98,110.17,0.01,0.01,NaN,NaN,0
65.57,34013.43,-109.83,110.04,0.01,0.01,NaN,NaN,0
66.07,33958.55,-109.69,109.9,0.01,0.01,NaN,NaN,0
66.57,33903.74,-109.54,109.74,0.01,0.01,NaN,NaN,0
67.07,33849.01,-109.39,109.58,0.01,0.01,NaN,NaN,0
67.57,33794.35,-109.25,109.43,0.01,0.01,NaN,NaN,0
68.07,33739.76,-109.11,109.29,0.01,0.01,NaN,NaN,0
68.57,33685.24,-108.96,109.15,0.01,0.01,NaN,NaN,0
69.07,33630.79,-108.82,109.01,0.01,0.01,NaN,NaN,0
69.57,33576.42,-108.68,108.86,0.01,0.01,NaN,NaN,0
70.07,33522.11,-108.54,108.72,0.01,0.01,NaN,NaN,0
70.57,33467.88,-108.4,108.59,0.01,0.01,NaN,NaN,0
71.07,33413.71,-108.26,108.45,0.01,0.01,NaN,NaN,0
71.57,33359.62,-108.12,108.31,0.01,0.01,NaN,NaN,0
72.07,33305.59,-107.98,108.18,0.01,0.01,NaN,NaN,0
72.57,33251.63,-107.85,108.04,0.01,0.01,NaN,NaN,0
73.07,33197.74,-107.71,107.91,0.01,0.01,NaN,NaN,0
73.57,33143.92,-107.57,107.78,0.01,0.01,NaN,NaN,0
74.07,33090.17,-107.44,107.65,0.01,0.01,NaN,NaN,0
74.57,33036.48,-107.31,107.51,0.01,0.01,NaN,NaN,0
75.07,32982.85,-107.19,107.38,0.01,0.01,NaN,NaN,0
75.57,32929.29,-107.07,107.27,0.01,0.01,NaN,NaN,0
76.07,32875.79,-106.95,107.15,0.01,0.01,NaN,NaN,0
76.57,32822.34,-106.83,107.03,0.01,0.01,NaN,NaN,0
77.07,32768.96,-106.72,106.92,0.01,0.01,NaN,NaN,0
77.57,32715.63,-106.6,106.81,0.01,0.01,NaN,NaN,0
78.07,32662.35,-106.49,106.69,0.01,0.01,NaN,NaN,0
78.57,32609.14,-106.37,106.59,0.01,0.01,NaN,NaN,0
79.07,32555.98,-106.26,106.47,0.01,0.01,NaN,NaN,0
79.57,32502.88,-106.15,106.36,0.01,0.01,NaN,NaN,0
80.07,32449.83,-106.04,106.26,0.01,0.01,NaN,NaN,0
80.57,32396.84,-105.93,106.15,0.01,0.01,NaN,NaN,0
81.07,32343.9,-105.82,106.03,0.01,0.01,NaN,NaN,0
81.57,32291.02,-105.71,105.92,0.01,0.01,NaN,NaN,0
82.07,32238.2,-105.6,105.81,0.01,0.01,NaN,NaN,0
82.57,32185.42,-105.49,105.71,0.01,0.01,NaN,NaN,0
83.07,32132.7,-105.38,105.6,0.01,0.01,NaN,NaN,0
83.57,32080.04,-105.28,105.5,0.01,0.01,NaN,NaN,0
84.07,32027.42,-105.17,105.4,0.01,0.01,NaN,NaN,0
84.57,31974.87,-105.07,105.28,0.01,0.01,NaN,NaN,0
85.07,31922.36,-104.96,105.17,0.01,0.01,NaN,NaN,0
85.57,31869.91,-104.86,105.05,0.01,0.01,NaN,NaN,0
86.07,31817.5,-104.75,104.95,0.01,0.01,NaN,NaN,0
86.57,31765.15,-104.65,104.84,0.01,0.01,NaN,NaN,0
87.07,31712.86,-104.54,104.75,0.01,0.01,NaN,NaN,0
87.57,31660.61,-104.44,104.65,0.01,0.01,NaN,NaN,0
88.07,31608.41,-104.34,104.55,0.01,0.01,NaN,NaN,0
88.57,31556.27,-104.24,104.47,0.01,0.01,NaN,NaN,0
89.07,31504.18,-104.14,104.37,0.01,0.01,NaN,NaN,0
89.57,31452.14,-104.03,104.26,0.01,0.01,NaN,NaN,0
90.07,31400.14,-103.93,104.16,0.01,0.01,NaN,NaN,0
90.57,31348.2,-103.83,104.07,0.01,0.01,NaN,NaN,0
91.07,31296.32,-103.72,103.97,0.01,0.01,NaN,NaN,0
91.57,31244.48,-103.62,103.87,0.01,0.01,NaN,NaN,0
92.07,31192.7,-103.51,103.76,0.01,0.01,NaN,NaN,0
92.57,31140.97,-103.41,103.65,0.01,0.01,NaN,NaN,0
93.07,31089.3,-103.3,103.54,0.01,0.01,NaN,NaN,0
93.57,31037.67,-103.2,103.43,0.01,0.01,NaN,NaN,0
94.07,30986.1,-103.09,103.32,0.01,0.01,NaN,NaN,0
94.57,30934.58,-102.99,103.22,0.01,0.01,NaN,NaN,0
95.07,30883.11,-102.88,103.1,0.01,0.01,NaN,NaN,0
95.57,30831.69,-102.78,103,0.01,0.01,NaN,NaN,0
96.07,30780.33,-102.68,102.89,0.01,0.01,NaN,NaN,0
96.57,30729.01,-102.58,102.79,0.01,0.01,NaN,NaN,0
97.07,30677.75,-102.48,102.68,0.01,0.01,NaN,NaN,0
97.57,30626.54,-102.38,102.58,0.01,0.01,NaN,NaN,0
98.07,30575.37,-102.28,102.48,0.01,0.01,NaN,NaN,0
98.57,30524.26,-102.18,102.37,0.01,0.01,NaN,NaN,0
99.07,30473.19,-102.08,102.27,0.01,0.01,NaN,NaN,0
99.57,30422.18,-101.98,102.17,0.01,0.01,NaN,NaN,0
100.07,30371.22,-101.88,102.08,0.01,0.01,NaN,NaN,0
100.57,30320.3,-101.78,101.98,0.01,0.01,NaN,NaN,0
101.07,30269.43,-101.69,101.88,0.01,0.01,NaN,NaN,0
101.57,30218.61,-101.59,101.79,0.01,0.01,NaN,NaN,0
102.07,30167.84,-101.49,101.69,0.01,0.01,NaN,NaN,0
102.57,30117.12,-101.4,101.6,0.01,0.01,NaN,NaN,0
103.07,30066.45,-101.3,101.5,0.01,0.01,NaN,NaN,0
103.57,30015.82,-101.21,101.41,0.01,0.01,NaN,NaN,0
104.07,29965.24,-101.11,101.32,0.01,0.01,NaN,NaN,0
104.57,29914.71,-101.02,101.22,0.01,0.01,NaN,NaN,0
105.07,29864.23,-100.92,101.12,0.01,0.01,NaN,NaN,0
105.57,29813.79,-100.83,101.02,0.01,0.01,NaN,NaN,0
106.07,29763.4,-100.73,100.94,0.01,0.01,NaN,NaN,0
106.57,29713.06,-100.64,100.84,0.01,0.01,NaN,NaN,0
107.07,29662.76,-100.54,100.74,0.01,0.01,NaN,NaN,0
107.57,29612.52,-100.44,100.64,0.01,0.01,NaN,NaN,0
108.07,29562.32,-100.34,100.54,0.01,0.01,NaN,NaN,0
108.57,29512.18,-100.25,100.44,0.01,0.01,NaN,NaN,0
109.07,29462.08,-100.15,100.35,0.01,0.01,NaN,NaN,0
109.57,29412.03,-100.05,100.26,0.01,0.01,NaN,NaN,0
110.07,29362.03,-99.96,100.16,0.01,0.01,NaN,NaN,0
110.57,29312.07,-99.86,100.07,0.01,0.01,NaN,NaN,0
111.07,29262.17,-99.76,99.98,0.01,0.01,NaN,NaN,0
111.57,29212.31,-99.67,99.88,0.01,0.01,NaN,NaN,0
112.07,29162.5,-99.57,99.78,0.01,0.01,NaN,NaN,0
112.57,29112.73,-99.48,99.69,0.01,0.01,NaN,NaN,0
113.07,29063.02,-99.39,99.59,0.01,0.01,NaN,NaN,0
113.57,29013.35,-99.29,99.51,0.01,0.01,NaN,NaN,0
114.07,28963.73,-99.2,99.42,0.01,0.01,NaN,NaN,0
114.57,28914.15,-99.11,99.34,0.01,0.01,NaN,NaN,0
115.07,28864.62,-99.01,99.25,0.01,0.01,NaN,NaN,0
115.57,28815.14,-98.92,99.16,0.01,0.01,NaN,NaN,0
116.07,28765.7,-98.83,99.06,0.01,0.01,NaN,NaN,0
116.57,28716.3,-98.74,98.97,0.01,0.02,NaN,NaN,0
117.07,28666.96,-98.65,98.9,0.01,0.01,NaN,NaN,0
117.57,28617.66,-98.56,98.81,0.01,0.01,NaN,NaN,0
118.07,28568.4,-98.47,98.73,0.01,0.01,NaN,NaN,0
118.57,28519.19,-98.38,98.65,0.01,0.01,NaN,NaN,0
119.07,28470.02,-98.29,98.55,0.01,0.02,NaN,NaN,0
119.57,28420.9,-98.2,98.44,0.01,0.01,NaN,NaN,0
120.07,28371.82,-98.11,98.34,0.01,0.01,NaN,NaN,0
120.57,28322.78,-98.03,98.25,0.01,0.01,NaN,NaN,0
121.07,28273.79,-97.94,98.16,0.01,0.01,NaN,NaN,0
121.57,28224.84,-97.85,98.07,0.01,0.01,NaN,NaN,0
122.07,28175.94,-97.77,97.98,0.01,0.01,NaN,NaN,0
122.57,28127.08,-97.68,97.88,0.01,0.01,NaN,NaN,0
123.07,28078.26,-97.59,97.79,0.01,0.01,NaN,NaN,0
123.57,28029.49,-97.5,97.7,0.01,0.01,NaN,NaN,0
124.07,27980.77,-97.41,97.61,0.01,0.01,NaN,NaN,0
124.57,27932.08,-97.32,97.52,0.01,0.01,NaN,NaN,0
125.07,27883.45,-97.23,97.42,0.01,0.01,NaN,NaN,0
125.57,27834.86,-97.14,97.32,0.01,0.01,NaN,NaN,0
126.07,27786.31,-97.05,97.23,0.01,0.01,NaN,NaN,0
126.57,27737.81,-96.96,97.14,0.01,0.01,NaN,NaN,0
127.07,27689.36,-96.87,97.05,0.01,0.01,NaN,NaN,0
127.57,27640.94,-96.78,96.95,0.01,0.01,NaN,NaN,0
128.07,27592.58,-96.69,96.86,0.01,0.01,NaN,NaN,0
128.57,27544.25,-96.6,96.78,0.01,0.01,NaN,NaN,0
129.07,27495.97,-96.52,96.7,0.01,0.01,NaN,NaN,0
129.57,27447.74,-96.43,96.61,0.01,0.01,NaN,NaN,0
130.07,27399.55,-96.34,96.53,0.01,0.01,NaN,NaN,0
130.57,27351.4,-96.26,96.44,0.01,0.02,NaN,NaN,0
131.07,27303.29,-96.17,96.37,0.01,0.01,NaN,NaN,0
131.57,27255.23,-96.08,96.29,0.01,0.01,NaN,NaN,0
132.07,27207.21,-96,96.2,0.01,0.01,NaN,NaN,0
132.57,27159.23,-95.91,96.11,0.01,0.01,NaN,NaN,0
133.07,27111.3,-95.83,96.03,0.01,0.01,NaN,NaN,0
133.57,27063.4,-95.75,95.95,0.01,0.01,NaN,NaN,0
134.07,27015.55,-95.66,95.87,0.01,0.01,NaN,NaN,0
134.57,26967.74,-95.58,95.79,0.01,0.01,NaN,NaN,0
135.07,26919.97,-95.5,95.7,0.01,0.01,NaN,NaN,0
135.57,26872.24,-95.41,95.62,0.01,0.01,NaN,NaN,0
136.07,26824.56,-95.33,95.54,0.01,0.01,NaN,NaN,0
136.57,26776.91,-95.25,95.47,0.01,0.01,NaN,NaN,0
137.07,26729.31,-95.17,95.39,0.01,0.01,NaN,NaN,0
137.57,26681.75,-95.09,95.32,0.01,0.01,NaN,NaN,0
138.07,26634.23,-95,95.23,0.01,0.01,NaN,NaN,0
138.57,26586.74,-94.92,95.14,0.01,0.01,NaN,NaN,0
139.07,26539.3,-94.84,95.06,0.01,0.01,NaN,NaN,0
139.57,26491.9,-94.76,94.97,0.01,0.01,NaN,NaN,0
140.07,26444.54,-94.68,94.89,0.01,0.01,NaN,NaN,0
140.57,26397.23,-94.59,94.81,0.01,0.01,NaN,NaN,0
141.07,26349.95,-94.51,94.73,0.01,0.01,NaN,NaN,0
141.57,26302.72,-94.42,94.63,0.01,0.01,NaN,NaN,0
142.07,26255.53,-94.34,94.54,0.01,0.01,NaN,NaN,0
142.57,26208.38,-94.26,94.46,0.01,0.01,NaN,NaN,0
143.07,26161.27,-94.17,94.38,0.01,0.01,NaN,NaN,0
143.57,26114.2,-94.09,94.31,0.01,0.01,NaN,NaN,0
144.07,26067.18,-94.01,94.23,0.01,0.01,NaN,NaN,0
144.57,26020.19,-93.93,94.15,0.01,0.01,NaN,NaN,0
145.07,25973.25,-93.84,94.07,0.01,0.01,NaN,NaN,0
145.57,25926.35,-93.76,93.99,0.01,0.01,NaN,NaN,0
146.07,25879.49,-93.68,93.91,0.01,0.02,NaN,NaN,0
146.57,25832.67,-93.6,93.84,0,0.01,NaN,NaN,0
147.07,25785.89,-93.52,93.77,0,0.01,NaN,NaN,0
147.57,25739.15,-93.44,93.7,0,0.01,NaN,NaN,0
148.07,25692.45,-93.36,93.63,0,0,NaN,NaN,0
148.57,25645.79,-93.28,93.55,0,0.01,NaN,NaN,0
149.07,25599.17,-93.2,93.48,0,0.01,NaN,NaN,0
149.57,25552.59,-93.12,93.41,0,0.01,NaN,NaN,0
150.07,25506.05,-93.04,93.33,0,0.01,NaN,NaN,0
150.57,25459.54,-92.96,93.24,0,0.01,NaN,NaN,0
151.07,25413.08,-92.89,93.16,0,0.01,NaN,NaN,0
151.57,25366.66,-92.81,93.08,0,0,NaN,NaN,0
152.07,25320.27,-92.73,93,0,0.01,NaN,NaN,0
152.57,25273.92,-92.66,92.92,0,0.01,NaN,NaN,0
153.07,25227.62,-92.58,92.84,0,0.01,NaN,NaN,0
153.57,25181.35,-92.5,92.76,0,0.01,NaN,NaN,0
154.07,25135.11,-92.43,92.68,0,0.01,NaN,NaN,0
154.57,25088.92,-92.35,92.6,0,0.01,NaN,NaN,0
155.07,25042.76,-92.28,92.53,0,0.01,NaN,NaN,0
155.57,24996.64,-92.2,92.44,0,0.01,NaN,NaN,0
156.07,24950.56,-92.13,92.37,0,0,NaN,NaN,0
156.57,24904.52,-92.05,92.3,0,0.01,NaN,NaN,0
157.07,24858.51,-91.97,92.22,0,0,NaN,NaN,0
157.57,24812.55,-91.9,92.14,0,0.01,NaN,NaN,0
158.07,24766.62,-91.82,92.07,0,0.01,NaN,NaN,0
158.57,24720.73,-91.74,92,0,0.01,NaN,NaN,0
159.07,24674.88,-91.66,91.9,0,0.01,NaN,NaN,0
159.57,24629.07,-91.58,91.81,0,0.01,NaN,NaN,0
160.07,24583.29,-91.51,91.73,0,0,NaN,NaN,0
160.57,24537.56,-91.43,91.65,0,0,NaN,NaN,0
161.07,24491.86,-91.35,91.58,0,0.01,NaN,NaN,0
161.57,24446.21,-91.28,91.49,0,0,NaN,NaN,0
162.07,24400.59,-91.2,91.42,0,0.01,NaN,NaN,0
162.57,24355.01,-91.12,91.35,0,0.01,NaN,NaN,0
163.07,24309.47,-91.05,91.27,0,0.01,NaN,NaN,0
163.57,24263.96,-90.97,91.19,0,0.01,NaN,NaN,0
164.07,24218.49,-90.89,91.13,0,0.02,NaN,NaN,0
164.57,24173.07,-90.82,91.07,0,0,NaN,NaN,0
165.07,24127.68,-90.74,90.99,0,0.01,NaN,NaN,0
165.57,24082.32,-90.67,90.92,0,0.01,NaN,NaN,0
166.07,24037,-90.6,90.84,0,0.01,NaN,NaN,0
166.57,23991.72,-90.52,90.76,0,0,NaN,NaN,0
167.07,23946.48,-90.45,90.69,0,0.01,NaN,NaN,0
167.57,23901.27,-90.38,90.62,0,0.01,NaN,NaN,0
168.07,23856.1,-90.3,90.56,0,0.01,NaN,NaN,0
168.57,23810.97,-90.23,90.51,0,0.01,NaN,NaN,0
169.07,23765.87,-90.16,90.45,0,0.01,NaN,NaN,0
169.57,23720.81,-90.08,90.39,0,0,NaN,NaN,0
170.07,23675.79,-90.01,90.32,0,0.01,NaN,NaN,0
170.57,23630.8,-89.94,90.25,0,0,NaN,NaN,0
171.07,23585.85,-89.87,90.18,0,0,NaN,NaN,0
171.57,23540.93,-89.8,90.11,0,0,NaN,NaN,0
172.07,23496.04,-89.73,90.04,0,0.01,NaN,NaN,0
172.57,23451.2,-89.66,89.96,0,0.01,NaN,NaN,0
173.07,23406.38,-89.59,89.89,0,0.01,NaN,NaN,0
173.57,23361.6,-89.52,89.83,0,0.01,NaN,NaN,0
174.07,23316.86,-89.45,89.77,0,0.01,NaN,NaN,0
174.57,23272.15,-89.38,89.69,0,0,NaN,NaN,0
175.07,23227.48,-89.31,89.62,0,0.01,NaN,NaN,0
175.57,23182.84,-89.24,89.54,0,0.02,NaN,NaN,0
176.07,23138.24,-89.16,89.44,0,0.02,NaN,NaN,0
176.57,23093.68,-89.09,89.34,0,0.01,NaN,NaN,0
177.07,23049.15,-89.02,89.25,0,0.01,NaN,NaN,0
177.57,23004.66,-88.95,89.18,0,0,NaN,NaN,0
178.07,22960.21,-88.88,89.11,0,0.01,NaN,NaN,0
178.57,22915.79,-88.8,89.03,0,0,NaN,NaN,0
179.07,22871.4,-88.73,88.96,0,0.01,NaN,NaN,0
179.57,22827.05,-88.66,88.9,0,0.01,NaN,NaN,0
180.07,22782.74,-88.59,88.84,0,0.01,NaN,NaN,0
180.57,22738.46,-88.52,88.78,0,0.01,NaN,NaN,0
181.07,22694.22,-88.45,88.7,0,0,NaN,NaN,0
181.57,22650.02,-88.38,88.63,0,0,NaN,NaN,0
182.07,22605.85,-88.31,88.56,0,0,NaN,NaN,0
182.57,22561.71,-88.24,88.49,0,0,NaN,NaN,0
183.07,22517.61,-88.17,88.42,0,0.01,NaN,NaN,0
183.57,22473.54,-88.1,88.34,0,0.01,NaN,NaN,0
184.07,22429.51,-88.03,88.27,0,0.01,NaN,NaN,0
184.57,22385.51,-87.96,88.18,0,0,NaN,NaN,0
185.07,22341.55,-87.89,88.12,0,0.01,NaN,NaN,0
185.57,22297.62,-87.82,88.06,0,0.01,NaN,NaN,0
186.07,22253.72,-87.76,87.99,0,0,NaN,NaN,0
186.57,22209.86,-87.69,87.93,0,0,NaN,NaN,0
187.07,22166.03,-87.62,87.86,0,0,NaN,NaN,0
187.57,22122.24,-87.55,87.79,0,0.01,NaN,NaN,0
188.07,22078.48,-87.49,87.72,0,0.02,NaN,NaN,0
188.57,22034.75,-87.42,87.67,0,0.01,NaN,NaN,0
189.07,21991.06,-87.35,87.62,0,0,NaN,NaN,0
189.57,21947.4,-87.29,87.55,0,0.01,NaN,NaN,0
190.07,21903.78,-87.22,87.49,0,0.01,NaN,NaN,0
190.57,21860.18,-87.16,87.44,0,0,NaN,NaN,0
191.07,21816.62,-87.09,87.37,0,0.01,NaN,NaN,0
191.57,21773.09,-87.03,87.3,0,0,NaN,NaN,0
192.07,21729.6,-86.96,87.24,0,0.01,NaN,NaN,0
192.57,21686.13,-86.9,87.18,0,0,NaN,NaN,0
193.07,21642.7,-86.83,87.11,0,0,NaN,NaN,0
193.57,21599.3,-86.77,87.04,0,0.01,NaN,NaN,0
194.07,21555.93,-86.7,86.99,0,0.01,NaN,NaN,0
194.57,21512.6,-86.63,86.93,0,0,NaN,NaN,0
195.07,21469.3,-86.56,86.86,0,0,NaN,NaN,0
195.57,21426.04,-86.5,86.79,0,0.01,NaN,NaN,0
196.07,21382.81,-86.43,86.72,0,0.01,NaN,NaN,0
196.57,21339.61,-86.36,86.64,0,0,NaN,NaN,0
197.07,21296.45,-86.29,86.57,0,0.01,NaN,NaN,0
197.57,21253.32,-86.23,86.49,0,0.01,NaN,NaN,0
198.07,21210.22,-86.16,86.42,0,0,NaN,NaN,0
198.57,21167.16,-86.09,86.35,0,0.01,NaN,NaN,0
199.07,21124.13,-86.03,86.28,0,0,NaN,NaN,0
199.57,21081.13,-85.96,86.21,0,0.01,NaN,NaN,0
200.07,21038.17,-85.9,86.16,0,0,NaN,NaN,0
200.57,20995.23,-85.83,86.09,0,0.01,NaN,NaN,0
201.07,20952.33,-85.76,86.04,0,0.01,NaN,NaN,0
201.57,20909.47,-85.7,85.97,0,0.01,NaN,NaN,0
202.07,20866.63,-85.64,85.9,0,0,NaN,NaN,0
202.57,20823.83,-85.57,85.83,0,0,NaN,NaN,0
203.07,20781.06,-85.51,85.77,0,0.01,NaN,NaN,0
203.57,20738.32,-85.44,85.7,0,0.02,NaN,NaN,0
204.07,20695.62,-85.38,85.61,0,0.01,NaN,NaN,0
204.57,20652.95,-85.31,85.54,0,0.01,NaN,NaN,0
205.07,20610.3,-85.25,85.47,0,0.01,NaN,NaN,0
205.57,20567.69,-85.19,85.41,0,0.01,NaN,NaN,0
206.07,20525.12,-85.13,85.36,0,0.01,NaN,NaN,0
206.57,20482.57,-85.06,85.3,0,0,NaN,NaN,0
207.07,20440.05,-85,85.24,0,0,NaN,NaN,0
207.57,20397.57,-84.94,85.18,0,0.01,NaN,NaN,0
208.07,20355.11,-84.88,85.12,0,0.01,NaN,NaN,0
208.57,20312.69,-84.82,85.06,0,0.01,NaN,NaN,0
209.07,20270.29,-84.76,85.01,0,0,NaN,NaN,0
209.57,20227.93,-84.69,84.94,0,0,NaN,NaN,0
210.07,20185.6,-84.63,84.88,0,0.01,NaN,NaN,0
210.57,20143.3,-84.57,84.83,0,0,NaN,NaN,0
211.07,20101.03,-84.51,84.77,0,0.01,NaN,NaN,0
211.57,20058.79,-84.45,84.72,0,0.01,NaN,NaN,0
212.07,20016.58,-84.39,84.67,0,0,NaN,NaN,0
212.57,19974.4,-84.33,84.61,0,0,NaN,NaN,0
213.07,19932.25,-84.27,84.55,0,0.01,NaN,NaN,0
213.57,19890.13,-84.2,84.47,0,0.01,NaN,NaN,0
214.07,19848.04,-84.14,84.39,0,0,NaN,NaN,0
214.57,19805.99,-84.08,84.33,0,0,NaN,NaN,0
215.07,19763.96,-84.02,84.27,0,0.01,NaN,NaN,0
215.57,19721.97,-83.95,84.19,0,0.01,NaN,NaN,0
216.07,19680.01,-83.89,84.14,0,0,NaN,NaN,0
216.57,19638.08,-83.83,84.08,0,0,NaN,NaN,0
217.07,19596.18,-83.77,84.01,0,0,NaN,NaN,0
217.57,19554.31,-83.71,83.95,0,0.01,NaN,NaN,0
218.07,19512.48,-83.64,83.88,0,0,NaN,NaN,0
218.57,19470.67,-83.58,83.82,0,0.01,NaN,NaN,0
219.07,19428.9,-83.52,83.77,0,0.01,NaN,NaN,0
219.57,19387.15,-83.46,83.7,0,0.01,NaN,NaN,0
220.07,19345.44,-83.4,83.65,0,0.01,NaN,NaN,0
220.57,19303.75,-83.34,83.58,0,0.01,NaN,NaN,0
221.07,19262.1,-83.28,83.53,0,0.01,NaN,NaN,0
221.57,19220.48,-83.22,83.45,0,0,NaN,NaN,0
222.07,19178.88,-83.16,83.39,0,0.01,NaN,NaN,0
222.57,19137.32,-83.1,83.34,0,0.01,NaN,NaN,0
223.07,19095.79,-83.04,83.29,0,0.01,NaN,NaN,0
223.57,19054.28,-82.98,83.24,0,0,NaN,NaN,0
224.07,19012.81,-82.92,83.18,0,0.01,NaN,NaN,0
224.57,18971.36,-82.86,83.11,0,0.01,NaN,NaN,0
225.07,18929.95,-82.8,83.04,0,0,NaN,NaN,0
225.57,18888.56,-82.74,82.98,0,0.01,NaN,NaN,0
226.07,18847.21,-82.68,82.93,0,0.02,NaN,NaN,0
226.57,18805.88,-82.62,82.9,0,0.01,NaN,NaN,0
227.07,18764.58,-82.57,82.84,0,0,NaN,NaN,0
227.57,18723.31,-82.51,82.78,0,0,NaN,NaN,0
228.07,18682.07,-82.45,82.72,0,0.01,NaN,NaN,0
228.57,18640.86,-82.39,82.68,0,0.01,NaN,NaN,0
229.07,18599.68,-82.34,82.63,0,0.01,NaN,NaN,0
229.57,18558.52,-82.28,82.55,0,0.01,NaN,NaN,0
230.07,18517.4,-82.22,82.49,0,0.01,NaN,NaN,0
230.57,18476.3,-82.17,82.43,0,0,NaN,NaN,0
231.07,18435.23,-82.11,82.37,0,0,NaN,NaN,0
231.57,18394.19,-82.06,82.31,0,0.01,NaN,NaN,0
232.07,18353.17,-82,82.25,0,0,NaN,NaN,0
232.57,18312.19,-81.94,82.2,0,0,NaN,NaN,0
233.07,18271.23,-81.88,82.14,0,0.01,NaN,NaN,0
233.57,18230.3,-81.83,82.08,0,0,NaN,NaN,0
234.07,18189.4,-81.77,82.02,0,0.01,NaN,NaN,0
234.57,18148.53,-81.71,81.97,0,0.02,NaN,NaN,0
235.07,18107.69,-81.65,81.89,0,0.01,NaN,NaN,0
235.57,18066.89,-81.59,81.84,0,0.01,NaN,NaN,0
236.07,18026.1,-81.53,81.8,0,0,NaN,NaN,0
236.57,17985.35,-81.47,81.74,0,0,NaN,NaN,0
237.07,17944.63,-81.42,81.69,0,0.01,NaN,NaN,0
237.57,17903.94,-81.36,81.62,0,0.01,NaN,NaN,0
238.07,17863.27,-81.3,81.56,0,0.01,NaN,NaN,0
238.57,17822.63,-81.24,81.51,0,0.01,NaN,NaN,0
239.07,17782.03,-81.19,81.46,0,0.01,NaN,NaN,0
239.57,17741.45,-81.13,81.42,0,0.01,NaN,NaN,0
240.07,17700.9,-81.07,81.37,0,0,NaN,NaN,0
240.57,17660.37,-81.02,81.32,0,0.01,NaN,NaN,0
241.07,17619.88,-80.96,81.24,0,0,NaN,NaN,0
241.57,17579.41,-80.9,81.19,0,0.01,NaN,NaN,0
242.07,17538.97,-80.85,81.14,0,0.01,NaN,NaN,0
242.57,17498.56,-80.79,81.08,0,0.01,NaN,NaN,0
243.07,17458.18,-80.74,81.01,0,0.01,NaN,NaN,0
243.57,17417.83,-80.68,80.94,0,0,NaN,NaN,0
244.07,17377.5,-80.63,80.89,0,0,NaN,NaN,0
244.57,17337.2,-80.57,80.83,0,0.01,NaN,NaN,0
245.07,17296.93,-80.52,80.78,0,0,NaN,NaN,0
245.57,17256.68,-80.46,80.73,0,0.01,NaN,NaN,0
246.07,17216.46,-80.41,80.66,0,0.01,NaN,NaN,0
246.57,17176.27,-80.35,80.6,0,0,NaN,NaN,0
247.07,17136.11,-80.3,80.54,0,0,NaN,NaN,0
247.57,17095.97,-80.25,80.49,0,0,NaN,NaN,0
248.07,17055.86,-80.19,80.44,0,0,NaN,NaN,0
248.57,17015.78,-80.14,80.38,0,0.01,NaN,NaN,0
249.07,16975.72,-80.09,80.32,0,0.01,NaN,NaN,0
249.57,16935.69,-80.03,80.27,0,0.01,NaN,NaN,0
250.07,16895.69,-79.98,80.23,0,0.01,NaN,NaN,0
250.57,16855.72,-79.93,80.17,0,0,NaN,NaN,0
251.07,16815.77,-79.87,80.12,0,0,NaN,NaN,0
251.57,16775.84,-79.82,80.06,0,0,NaN,NaN,0
252.07,16735.94,-79.77,80.01,0,0.01,NaN,NaN,0
252.57,16696.07,-79.72,79.97,0,0.02,NaN,NaN,0
253.07,16656.23,-79.66,79.93,0,0,NaN,NaN,0
253.57,16616.41,-79.61,79.88,0,0,NaN,NaN,0
254.07,16576.62,-79.55,79.83,0,0,NaN,NaN,0
254.57,16536.86,-79.5,79.77,0,0.01,NaN,NaN,0
255.07,16497.12,-79.44,79.73,0,0.01,NaN,NaN,0
255.57,16457.42,-79.39,79.69,0,0.01,NaN,NaN,0
256.07,16417.74,-79.33,79.62,0,0,NaN,NaN,0
256.57,16378.08,-79.28,79.57,0,0.01,NaN,NaN,0
257.07,16338.46,-79.22,79.5,0,0.01,NaN,NaN,0
257.57,16298.86,-79.17,79.43,0,0,NaN,NaN,0
258.07,16259.29,-79.12,79.38,0,0,NaN,NaN,0
258.57,16219.74,-79.06,79.32,0,0.01,NaN,NaN,0
259.07,16180.22,-79.01,79.26,0,0,NaN,NaN,0
259.57,16140.73,-78.96,79.21,0,0,NaN,NaN,0
260.07,16101.26,-78.9,79.16,0,0.01,NaN,NaN,0
260.57,16061.82,-78.85,79.11,0,0.01,NaN,NaN,0
261.07,16022.41,-78.8,79.06,0,0,NaN,NaN,0
261.57,15983.03,-78.75,79.02,0,0.01,NaN,NaN,0
262.07,15943.67,-78.69,78.97,0,0.01,NaN,NaN,0
262.57,15904.33,-78.64,78.91,0,0.01,NaN,NaN,0
263.07,15865.02,-78.59,78.86,0,0,NaN,NaN,0
263.57,15825.74,-78.54,78.81,0,0.01,NaN,NaN,0
264.07,15786.49,-78.49,78.77,0,0.01,NaN,NaN,0
264.57,15747.26,-78.43,78.73,0,0.01,NaN,NaN,0
265.07,15708.05,-78.38,78.69,0,0,NaN,NaN,0
265.57,15668.87,-78.33,78.64,0,0.01,NaN,NaN,0
266.07,15629.72,-78.28,78.57,0,0.01,NaN,NaN,0
266.57,15590.59,-78.23,78.52,0,0.01,NaN,NaN,0
267.07,15551.49,-78.18,78.49,0,0.01,NaN,NaN,0
267.57,15512.42,-78.13,78.42,0,0.03,NaN,NaN,0
268.07,15473.37,-78.07,78.33,0,0.01,NaN,NaN,0
268.57,15434.34,-78.02,78.27,0,0.01,NaN,NaN,0
269.07,15395.34,-77.98,78.22,0,0,NaN,NaN,0
269.57,15356.37,-77.93,78.17,0,0.01,NaN,NaN,0
270.07,15317.41,-77.88,78.1,0,0.01,NaN,NaN,0
270.57,15278.49,-77.83,78.05,0,0,NaN,NaN,0
271.07,15239.59,-77.78,78.01,0,0,NaN,NaN,0
271.57,15200.71,-77.73,77.95,0,0,NaN,NaN,0
272.07,15161.86,-77.68,77.91,0,0.02,NaN,NaN,0
272.57,15123.03,-77.63,77.88,0,0.01,NaN,NaN,0
273.07,15084.22,-77.58,77.84,0,0.02,NaN,NaN,0
273.57,15045.45,-77.53,77.81,0,0,NaN,NaN,0
274.07,15006.69,-77.48,77.77,0,0,NaN,NaN,0
274.57,14967.97,-77.43,77.72,0,0.01,NaN,NaN,0
275.07,14929.26,-77.38,77.68,0,0.01,NaN,NaN,0
275.57,14890.59,-77.33,77.64,0,0,NaN,NaN,0
276.07,14851.93,-77.28,77.58,0,0,NaN,NaN,0
276.57,14813.31,-77.23,77.53,0,0.02,NaN,NaN,0
277.07,14774.71,-77.17,77.44,0,0.01,NaN,NaN,0
277.57,14736.13,-77.12,77.38,0,0.01,NaN,NaN,0
278.07,14697.59,-77.07,77.33,0,0,NaN,NaN,0
278.57,14659.06,-77.02,77.27,0,0,NaN,NaN,0
279.07,14620.56,-76.97,77.22,0,0,NaN,NaN,0
279.57,14582.09,-76.92,77.17,0,0.01,NaN,NaN,0
280.07,14543.64,-76.87,77.13,0,0.01,NaN,NaN,0
280.57,14505.21,-76.82,77.09,0,0.01,NaN,NaN,0
281.07,14466.81,-76.77,77.05,0,0,NaN,NaN,0
281.57,14428.44,-76.73,77,0,0.01,NaN,NaN,0
282.07,14390.09,-76.68,76.93,0,0.01,NaN,NaN,0
282.57,14351.76,-76.63,76.87,0,0,NaN,NaN,0
283.07,14313.46,-76.58,76.82,0,0.01,NaN,NaN,0
283.57,14275.18,-76.53,76.78,0,0.01,NaN,NaN,0
284.07,14236.93,-76.48,76.74,0,0.01,NaN,NaN,0
284.57,14198.7,-76.43,76.68,0,0,NaN,NaN,0
285.07,14160.5,-76.38,76.63,0,0,NaN,NaN,0
285.57,14122.32,-76.34,76.58,0,0.01,NaN,NaN,0
286.07,14084.16,-76.29,76.52,0,0,NaN,NaN,0
286.57,14046.03,-76.24,76.48,0,0.01,NaN,NaN,0
287.07,14007.92,-76.19,76.43,0,0.02,NaN,NaN,0
287.57,13969.84,-76.14,76.4,0,0.01,NaN,NaN,0
288.07,13931.78,-76.1,76.36,0,0.01,NaN,NaN,0
288.57,13893.74,-76.05,76.32,0,0.01,NaN,NaN,0
289.07,13855.73,-76,76.28,0,0.02,NaN,NaN,0
289.57,13817.74,-75.95,76.26,0,0.02,NaN,NaN,0
290.07,13779.78,-75.91,76.23,0,0,NaN,NaN,0
290.57,13741.84,-75.86,76.19,0,0,NaN,NaN,0
291.07,13703.92,-75.81,76.14,0,0.01,NaN,NaN,0
291.57,13666.02,-75.77,76.11,0,0.01,NaN,NaN,0
292.07,13628.15,-75.72,76.07,0,0,NaN,NaN,0
292.57,13590.3,-75.68,76.03,0,0,NaN,NaN,0
293.07,13552.47,-75.63,75.99,0,0.01,NaN,NaN,0
293.57,13514.67,-75.58,75.96,0,0.01,NaN,NaN,0
294.07,13476.89,-75.54,75.93,0,0.01,NaN,NaN,0
294.57,13439.13,-75.49,75.87,0,0.02,NaN,NaN,0
295.07,13401.4,-75.44,75.79,0,0.01,NaN,NaN,0
295.57,13363.69,-75.4,75.73,0,0,NaN,NaN,0
296.07,13326,-75.35,75.68,0,0.01,NaN,NaN,0
296.57,13288.34,-75.3,75.64,0,0.01,NaN,NaN,0
297.07,13250.7,-75.25,75.58,0,0.01,NaN,NaN,0
297.57,13213.09,-75.21,75.54,0,0.01,NaN,NaN,0
298.07,13175.5,-75.16,75.49,0,0,NaN,NaN,0
298.57,13137.93,-75.11,75.45,0,0,NaN,NaN,0
299.07,13100.38,-75.06,75.4,0,0.01,NaN,NaN,0
299.57,13062.86,-75.02,75.33,0,0.02,NaN,NaN,0
300.07,13025.37,-74.97,75.25,0,0.02,NaN,NaN,0
300.57,12987.9,-74.92,75.19,0,0,NaN,NaN,0
301.07,12950.45,-74.87,75.14,0,0.01,NaN,NaN,0
301.57,12913.02,-74.83,75.11,0,0.01,NaN,NaN,0
302.07,12875.62,-74.78,75.08,0,0,NaN,NaN,0
302.57,12838.24,-74.74,75.03,0,0.02,NaN,NaN,0
303.07,12800.88,-74.69,74.96,0,0,NaN,NaN,0
303.57,12763.55,-74.64,74.92,0,0.01,NaN,NaN,0
304.07,12726.24,-74.6,74.88,0,0.01,NaN,NaN,0
304.57,12688.95,-74.55,74.85,0,0.02,NaN,NaN,0
305.07,12651.69,-74.5,74.84,0,0.01,NaN,NaN,0
305.57,12614.45,-74.46,74.8,0,0.01,NaN,NaN,0
306.07,12577.23,-74.41,74.75,0,0.01,NaN,NaN,0
306.57,12540.03,-74.37,74.7,0,0.01,NaN,NaN,0
307.07,12502.86,-74.32,74.64,0,0.01,NaN,NaN,0
307.57,12465.71,-74.28,74.59,0,0.01,NaN,NaN,0
308.07,12428.58,-74.24,74.53,0,0.01,NaN,NaN,0
308.57,12391.47,-74.19,74.5,0,0.01,NaN,NaN,0
309.07,12354.39,-74.15,74.44,0,0.01,NaN,NaN,0
309.57,12317.33,-74.1,74.39,0,0,NaN,NaN,0
310.07,12280.29,-74.06,74.34,0,0.01,NaN,NaN,0
310.57,12243.27,-74.01,74.29,0,0,NaN,NaN,0
311.07,12206.28,-73.97,74.25,0,0,NaN,NaN,0
311.57,12169.3,-73.93,74.2,0,0.02,NaN,NaN,0
312.07,12132.35,-73.88,74.18,0,0.01,NaN,NaN,0
312.57,12095.42,-73.84,74.13,0,0.01,NaN,NaN,0
313.07,12058.51,-73.79,74.07,0,0.01,NaN,NaN,0
313.57,12021.63,-73.75,74.04,0,0,NaN,NaN,0
314.07,11984.76,-73.71,74,0,0.01,NaN,NaN,0
314.57,11947.92,-73.66,73.94,0,0.01,NaN,NaN,0
315.07,11911.1,-73.62,73.89,0,0.01,NaN,NaN,0
315.57,11874.3,-73.58,73.85,0,0.01,NaN,NaN,0
316.07,11837.52,-73.54,73.82,0,0.02,NaN,NaN,0
316.57,11800.77,-73.49,73.8,0,0,NaN,NaN,0
317.07,11764.03,-73.45,73.76,0,0,NaN,NaN,0
317.57,11727.32,-73.4,73.73,0,0,NaN,NaN,0
318.07,11690.63,-73.36,73.68,0,0.01,NaN,NaN,0
318.57,11653.96,-73.31,73.65,0,0.01,NaN,NaN,0
319.07,11617.32,-73.27,73.6,0,0.01,NaN,NaN,0
319.57,11580.69,-73.22,73.54,0,0,NaN,NaN,0
320.07,11544.09,-73.18,73.49,0,0.01,NaN,NaN,0
320.57,11507.51,-73.14,73.47,0,0.02,NaN,NaN,0
321.07,11470.96,-73.09,73.39,0,0.01,NaN,NaN,0
321.57,11434.42,-73.04,73.33,0,0.01,NaN,NaN,0
322.07,11397.91,-73,73.27,0,0.01,NaN,NaN,0
322.57,11361.42,-72.96,73.24,0,0,NaN,NaN,0
323.07,11324.95,-72.92,73.2,0,0.02,NaN,NaN,0
323.57,11288.51,-72.87,73.18,0,0.01,NaN,NaN,0
324.07,11252.08,-72.83,73.15,0,0,NaN,NaN,0
324.57,11215.68,-72.78,73.11,0,0.01,NaN,NaN,0
325.07,11179.3,-72.74,73.08,0,0.02,NaN,NaN,0
325.57,11142.94,-72.7,73.06,0,0.01,NaN,NaN,0
326.07,11106.6,-72.65,73.01,0,0.01,NaN,NaN,0
326.57,11070.29,-72.61,72.95,0,0.01,NaN,NaN,0
327.07,11033.99,-72.57,72.9,0,0,NaN,NaN,0
327.57,10997.72,-72.53,72.86,0,0.01,NaN,NaN,0
328.07,10961.47,-72.48,72.83,0,0.01,NaN,NaN,0
328.57,10925.23,-72.44,72.77,0,0,NaN,NaN,0
329.07,10889.02,-72.4,72.73,0,0.01,NaN,NaN,0
329.57,10852.84,-72.36,72.68,0,0.01,NaN,NaN,0
330.07,10816.67,-72.31,72.63,0,0.01,NaN,NaN,0
330.57,10780.52,-72.27,72.6,0,0.01,NaN,NaN,0
331.07,10744.4,-72.23,72.54,0,0.01,NaN,NaN,0
331.57,10708.29,-72.19,72.49,0,0.01,NaN,NaN,0
332.07,10672.21,-72.15,72.46,0,0.01,NaN,NaN,0
332.57,10636.14,-72.11,72.43,0,0,NaN,NaN,0
333.07,10600.1,-72.06,72.39,0,0.02,NaN,NaN,0
333.57,10564.08,-72.02,72.32,0,0.01,NaN,NaN,0
334.07,10528.08,-71.98,72.26,0,0,NaN,NaN,0
334.57,10492.1,-71.94,72.22,0,0.02,NaN,NaN,0
335.07,10456.14,-71.9,72.21,0,0,NaN,NaN,0
335.57,10420.2,-71.86,72.17,0,0.01,NaN,NaN,0
336.07,10384.28,-71.82,72.12,0,0,NaN,NaN,0
336.57,10348.38,-71.78,72.08,0,0.01,NaN,NaN,0
337.07,10312.5,-71.74,72.03,0,0.01,NaN,NaN,0
337.57,10276.64,-71.7,71.97,0,0.01,NaN,NaN,0
338.07,10240.81,-71.66,71.91,0,0,NaN,NaN,0
338.57,10204.99,-71.62,71.87,0,0.01,NaN,NaN,0
339.07,10169.19,-71.58,71.83,0,0,NaN,NaN,0
339.57,10133.41,-71.54,71.8,0,0.01,NaN,NaN,0
340.07,10097.65,-71.49,71.77,0,0.01,NaN,NaN,0
340.57,10061.92,-71.45,71.74,0,0,NaN,NaN,0
341.07,10026.2,-71.41,71.7,0,0.01,NaN,NaN,0
341.57,9990.51,-71.37,71.67,0,0.01,NaN,NaN,0
342.07,9954.83,-71.33,71.62,0,0.01,NaN,NaN,0
342.57,9919.18,-71.28,71.59,0,0,NaN,NaN,0
343.07,9883.55,-71.24,71.56,0,0.01,NaN,NaN,0
343.57,9847.94,-71.2,71.51,0,0.01,NaN,NaN,0
344.07,9812.34,-71.16,71.49,0,0,NaN,NaN,0
344.57,9776.78,-71.12,71.44,0,0,NaN,NaN,0
345.07,9741.23,-71.08,71.4,0,0,NaN,NaN,0
345.57,9705.7,-71.04,71.36,0,0.01,NaN,NaN,0
346.07,9670.19,-71,71.31,0,0,NaN,NaN,0
346.57,9634.7,-70.96,71.27,0,0,NaN,NaN,0
347.07,9599.23,-70.91,71.23,0,0.02,NaN,NaN,0
347.57,9563.79,-70.87,71.21,0,0.01,NaN,NaN,0
348.07,9528.36,-70.83,71.19,0,0.01,NaN,NaN,0
348.57,9492.96,-70.79,71.13,0,0,NaN,NaN,0
349.07,9457.57,-70.75,71.09,0,0.02,NaN,NaN,0
349.57,9422.2,-70.71,71.07,0,0,NaN,NaN,0
350.07,9386.86,-70.67,71.03,0,0.01,NaN,NaN,0
350.57,9351.53,-70.63,71,0,0,NaN,NaN,0
351.07,9316.23,-70.59,70.96,0,0,NaN,NaN,0
351.57,9280.94,-70.55,70.92,0,0,NaN,NaN,0
352.07,9245.67,-70.51,70.87,0,0.01,NaN,NaN,0
352.57,9210.43,-70.47,70.82,0,0.01,NaN,NaN,0
353.07,9175.2,-70.43,70.77,0,0.02,NaN,NaN,0
353.57,9139.99,-70.39,70.7,0,0.01,NaN,NaN,0
354.07,9104.81,-70.35,70.66,0,0.01,NaN,NaN,0
354.57,9069.64,-70.32,70.61,0,0.01,NaN,NaN,0
355.07,9034.49,-70.28,70.55,0,0.01,NaN,NaN,0
355.57,8999.36,-70.24,70.5,0,0.01,NaN,NaN,0
356.07,8964.26,-70.2,70.44,0,0.01,NaN,NaN,0
356.57,8929.17,-70.16,70.42,0,0.01,NaN,NaN,0
357.07,8894.1,-70.12,70.4,0,0.01,NaN,NaN,0
357.57,8859.05,-70.08,70.37,0,0.02,NaN,NaN,0
358.07,8824.01,-70.04,70.36,0,0.01,NaN,NaN,0
358.57,8789,-70.01,70.33,0,0.01,NaN,NaN,0
359.07,8754.01,-69.97,70.3,0,0,NaN,NaN,0
359.57,8719.03,-69.93,70.26,0,0.01,NaN,NaN,0
360.07,8684.08,-69.89,70.23,0,0,NaN,NaN,0
360.57,8649.14,-69.86,70.2,0,0,NaN,NaN,0
361.07,8614.22,-69.82,70.17,0,0.01,NaN,NaN,0
361.57,8579.32,-69.78,70.14,0,0.01,NaN,NaN,0
362.07,8544.44,-69.74,70.08,0,0,NaN,NaN,0
362.57,8509.58,-69.7,70.05,0,0.01,NaN,NaN,0
363.07,8474.74,-69.66,69.99,0,0.01,NaN,NaN,0
363.57,8439.91,-69.63,69.94,0,0.01,NaN,NaN,0
364.07,8405.11,-69.59,69.89,0,0.01,NaN,NaN,0
364.57,8370.33,-69.55,69.86,0,0,NaN,NaN,0
365.07,8335.56,-69.51,69.82,0,0,NaN,NaN,0
365.57,8300.82,-69.47,69.77,0,0,NaN,NaN,0
366.07,8266.09,-69.43,69.73,0,0.01,NaN,NaN,0
366.57,8231.39,-69.39,69.68,0,0.01,NaN,NaN,0
367.07,8196.7,-69.35,69.63,0,0,NaN,NaN,0
367.57,8162.04,-69.31,69.59,0,0.01,NaN,NaN,0
368.07,8127.39,-69.27,69.56,0,0.01,NaN,NaN,0
368.57,8092.76,-69.24,69.51,0,0.01,NaN,NaN,0
369.07,8058.15,-69.2,69.48,0,0.01,NaN,NaN,0
369.57,8023.56,-69.16,69.46,0,0.01,NaN,NaN,0
370.07,7988.99,-69.12,69.41,0,0,NaN,NaN,0
370.57,7954.44,-69.08,69.38,0,0,NaN,NaN,0
371.07,7919.91,-69.05,69.34,0,0.02,NaN,NaN,0
371.57,7885.4,-69.01,69.32,0,0.01,NaN,NaN,0
372.07,7850.9,-68.97,69.3,0,0.01,NaN,NaN,0
372.57,7816.43,-68.93,69.25,0,0.01,NaN,NaN,0
373.07,7781.97,-68.89,69.2,0,0.01,NaN,NaN,0
373.57,7747.54,-68.86,69.17,0,0.01,NaN,NaN,0
374.07,7713.12,-68.82,69.14,0,0,NaN,NaN,0
374.57,7678.72,-68.78,69.1,0,0.01,NaN,NaN,0
375.07,7644.34,-68.74,69.06,0,0,NaN,NaN,0
375.57,7609.98,-68.71,69.02,0,0.01,NaN,NaN,0
376.07,7575.63,-68.67,68.98,0,0.01,NaN,NaN,0
376.57,7541.31,-68.63,68.93,0,0.01,NaN,NaN,0
377.07,7507,-68.6,68.89,0,0,NaN,NaN,0
377.57,7472.71,-68.56,68.86,0,0.01,NaN,NaN,0
378.07,7438.44,-68.52,68.83,0,0.01,NaN,NaN,0
378.57,7404.19,-68.48,68.81,0,0,NaN,NaN,0
379.07,7369.95,-68.45,68.78,0,0,NaN,NaN,0
379.57,7335.74,-68.41,68.74,0,0.01,NaN,NaN,0
380.07,7301.54,-68.38,68.72,0,0,NaN,NaN,0
380.57,7267.36,-68.34,68.69,0,0.01,NaN,NaN,0
381.07,7233.2,-68.3,68.66,0,0.02,NaN,NaN,0
381.57,7199.06,-68.26,68.65,0,0.01,NaN,NaN,0
382.07,7164.94,-68.23,68.64,0,0.01,NaN,NaN,0
382.57,7130.83,-68.2,68.59,0,0,NaN,NaN,0
383.07,7096.74,-68.16,68.55,0,0.01,NaN,NaN,0
383.57,7062.67,-68.12,68.5,0,0.01,NaN,NaN,0
384.07,7028.62,-68.09,68.45,0,0.02,NaN,NaN,0
384.57,6994.58,-68.05,68.38,0,0.02,NaN,NaN,0
385.07,6960.57,-68.01,68.32,0,0.01,NaN,NaN,0
385.57,6926.57,-67.98,68.28,0,0.02,NaN,NaN,0
386.07,6892.58,-67.94,68.27,0,0.02,NaN,NaN,0
386.57,6858.62,-67.91,68.27,0,0,NaN,NaN,0
387.07,6824.68,-67.87,68.24,0,0,NaN,NaN,0
387.57,6790.75,-67.84,68.21,0,0,NaN,NaN,0
388.07,6756.84,-67.8,68.17,0,0.01,NaN,NaN,0
388.57,6722.95,-67.76,68.14,0,0,NaN,NaN,0
389.07,6689.08,-67.73,68.1,0,0.01,NaN,NaN,0
389.57,6655.22,-67.69,68.06,0,0.02,NaN,NaN,0
390.07,6621.38,-67.65,67.99,0,0.01,NaN,NaN,0
390.57,6587.57,-67.62,67.96,0,0,NaN,NaN,0
391.07,6553.77,-67.58,67.92,0,0,NaN,NaN,0
391.57,6519.99,-67.55,67.89,0,0,NaN,NaN,0
392.07,6486.22,-67.51,67.86,0,0.01,NaN,NaN,0
392.57,6452.48,-67.47,67.82,0,0,NaN,NaN,0
393.07,6418.75,-67.44,67.78,0,0.01,NaN,NaN,0
393.57,6385.04,-67.4,67.73,0,0,NaN,NaN,0
394.07,6351.35,-67.36,67.7,0,0,NaN,NaN,0
394.57,6317.68,-67.33,67.66,0,0,NaN,NaN,0
395.07,6284.02,-67.29,67.62,0,0.01,NaN,NaN,0
395.57,6250.38,-67.26,67.57,0,0,NaN,NaN,0
396.07,6216.76,-67.22,67.54,0,0,NaN,NaN,0
396.57,6183.16,-67.19,67.5,0,0.02,NaN,NaN,0
397.07,6149.58,-67.15,67.44,0,0.01,NaN,NaN,0
397.57,6116.01,-67.12,67.4,0,0.02,NaN,NaN,0
398.07,6082.46,-67.08,67.4,0,0,NaN,NaN,0
398.57,6048.93,-67.04,67.36,0,0.01,NaN,NaN,0
399.07,6015.42,-67.01,67.32,0,0.01,NaN,NaN,0
399.57,5981.92,-66.97,67.29,0,0,NaN,NaN,0
400.07,5948.44,-66.94,67.27,0,0.01,NaN,NaN,0
400.57,5914.98,-66.9,67.25,0,0,NaN,NaN,0
401.07,5881.54,-66.87,67.22,0,0,NaN,NaN,0
401.57,5848.11,-66.84,67.18,0,0.01,NaN,NaN,0
402.07,5814.7,-66.8,67.17,0,0,NaN,NaN,0
402.57,5781.31,-66.77,67.13,0,0,NaN,NaN,0
403.07,5747.93,-66.73,67.1,0,0,NaN,NaN,0
403.57,5714.58,-66.7,67.06,0,0.02,NaN,NaN,0
404.07,5681.24,-66.66,66.98,0,0.01,NaN,NaN,0
404.57,5647.91,-66.63,66.94,0,0.01,NaN,NaN,0
405.07,5614.61,-66.6,66.91,0,0,NaN,NaN,0
405.57,5581.32,-66.56,66.88,0,0,NaN,NaN,0
406.07,5548.04,-66.53,66.85,0,0.01,NaN,NaN,0
406.57,5514.79,-66.5,66.84,0,0.01,NaN,NaN,0
407.07,5481.55,-66.46,66.81,0,0.01,NaN,NaN,0
407.57,5448.32,-66.43,66.76,0,0.01,NaN,NaN,0
408.07,5415.12,-66.4,66.71,0,0,NaN,NaN,0
408.57,5381.93,-66.36,66.69,0,0.01,NaN,NaN,0
409.07,5348.76,-66.33,66.64,0,0.01,NaN,NaN,0
409.57,5315.6,-66.29,66.63,0,0,NaN,NaN,0
410.07,5282.46,-66.26,66.59,0,0.01,NaN,NaN,0
410.57,5249.34,-66.23,66.55,0,0.01,NaN,NaN,0
411.07,5216.23,-66.2,66.52,0,0.01,NaN,NaN,0
411.57,5183.14,-66.16,66.48,0,0.01,NaN,NaN,0
412.07,5150.07,-66.13,66.43,0,0.01,NaN,NaN,0
412.57,5117.02,-66.09,66.38,0,0.01,NaN,NaN,0
413.07,5083.98,-66.06,66.36,0,0.01,NaN,NaN,0
413.57,5050.96,-66.02,66.33,0,0,NaN,NaN,0
414.07,5017.96,-65.99,66.29,0,0.01,NaN,NaN,0
414.57,4984.97,-65.95,66.24,0,0,NaN,NaN,0
415.07,4952,-65.92,66.21,0,0.02,NaN,NaN,0
415.57,4919.05,-65.88,66.2,0,0.01,NaN,NaN,0
416.07,4886.12,-65.85,66.18,0,0.01,NaN,NaN,0
416.57,4853.2,-65.82,66.13,0,0.01,NaN,NaN,0
417.07,4820.3,-65.78,66.12,0,0.01,NaN,NaN,0
417.57,4787.42,-65.75,66.09,0,0.02,NaN,NaN,0
418.07,4754.55,-65.71,66.03,0,0.01,NaN,NaN,0
418.57,4721.7,-65.68,65.98,0,0,NaN,NaN,0
419.07,4688.87,-65.65,65.94,0,0.02,NaN,NaN,0
419.57,4656.06,-65.61,65.88,0,0,NaN,NaN,0
420.07,4623.26,-65.58,65.85,0,0.01,NaN,NaN,0
420.57,4590.48,-65.55,65.81,0,0.01,NaN,NaN,0
421.07,4557.71,-65.51,65.79,0,0,NaN,NaN,0
421.57,4524.96,-65.48,65.76,0,0.01,NaN,NaN,0
422.07,4492.23,-65.45,65.75,0,0.01,NaN,NaN,0
422.57,4459.52,-65.41,65.73,0,0,NaN,NaN,0
423.07,4426.82,-65.38,65.7,0,0,NaN,NaN,0
423.57,4394.14,-65.35,65.67,0,0.01,NaN,NaN,0
424.07,4361.47,-65.32,65.62,0,0,NaN,NaN,0
424.57,4328.82,-65.28,65.59,0,0.01,NaN,NaN,0
425.07,4296.19,-65.25,65.58,0,0,NaN,NaN,0
425.57,4263.57,-65.22,65.54,0,0,NaN,NaN,0
426.07,4230.97,-65.19,65.51,0,0.01,NaN,NaN,0
426.57,4198.38,-65.15,65.5,0,0.01,NaN,NaN,0
427.07,4165.82,-65.12,65.46,0,0,NaN,NaN,0
427.57,4133.26,-65.09,65.42,0,0.01,NaN,NaN,0
428.07,4100.73,-65.06,65.4,0,0,NaN,NaN,0
428.57,4068.21,-65.02,65.37,0,0.01,NaN,NaN,0
429.07,4035.7,-64.99,65.35,0,0,NaN,NaN,0
429.57,4003.22,-64.96,65.32,0,0.01,NaN,NaN,0
430.07,3970.74,-64.93,65.27,0,0.01,NaN,NaN,0
430.57,3938.29,-64.9,65.25,0,0,NaN,NaN,0
431.07,3905.85,-64.87,65.22,0,0,NaN,NaN,0
431.57,3873.42,-64.83,65.19,0,0.01,NaN,NaN,0
432.07,3841.01,-64.8,65.17,0,0.01,NaN,NaN,0
432.57,3808.62,-64.77,65.11,0,0.01,NaN,NaN,0
433.07,3776.24,-64.74,65.09,0,0,NaN,NaN,0
433.57,3743.88,-64.71,65.05,0,0,NaN,NaN,0
434.07,3711.53,-64.68,65.02,0,0.01,NaN,NaN,0
434.57,3679.2,-64.64,64.97,0,0.01,NaN,NaN,0
435.07,3646.89,-64.61,64.92,0,0.01,NaN,NaN,0
435.57,3614.59,-64.58,64.88,0,0.01,NaN,NaN,0
436.07,3582.31,-64.55,64.86,0,0.01,NaN,NaN,0
436.57,3550.04,-64.52,64.82,0,0,NaN,NaN,0
437.07,3517.79,-64.49,64.79,0,0,NaN,NaN,0
437.57,3485.55,-64.45,64.76,0,0.02,NaN,NaN,0
438.07,3453.34,-64.42,64.75,0,0.01,NaN,NaN,0
438.57,3421.13,-64.39,64.74,0,0.01,NaN,NaN,0
439.07,3388.95,-64.36,64.69,0,0.02,NaN,NaN,0
439.57,3356.78,-64.32,64.62,0,0,NaN,NaN,0
440.07,3324.63,-64.29,64.59,0,0,NaN,NaN,0
440.57,3292.49,-64.26,64.57,0,0.01,NaN,NaN,0
441.07,3260.37,-64.23,64.53,0,0.01,NaN,NaN,0
441.57,3228.26,-64.19,64.51,0,0.02,NaN,NaN,0
442.07,3196.17,-64.16,64.51,0,0.01,NaN,NaN,0
442.57,3164.1,-64.13,64.47,0,0.01,NaN,NaN,0
443.07,3132.05,-64.1,64.46,0,0.01,NaN,NaN,0
443.57,3100,-64.07,64.42,0,0.01,NaN,NaN,0
444.07,3067.98,-64.04,64.4,0,0.01,NaN,NaN,0
444.57,3035.97,-64,64.36,0,0,NaN,NaN,0
445.07,3003.97,-63.97,64.33,0,0,NaN,NaN,0
445.57,2972,-63.94,64.29,0,0,NaN,NaN,0
446.07,2940.03,-63.91,64.26,0,0.01,NaN,NaN,0
446.57,2908.08,-63.88,64.22,0,0.01,NaN,NaN,0
447.07,2876.15,-63.85,64.17,0,0.01,NaN,NaN,0
447.57,2844.24,-63.82,64.15,0,0.01,NaN,NaN,0
448.07,2812.34,-63.79,64.13,0,0.02,NaN,NaN,0
448.57,2780.45,-63.75,64.13,0,0.01,NaN,NaN,0
449.07,2748.58,-63.72,64.09,0,0.02,NaN,NaN,0
449.57,2716.73,-63.69,64.02,0,0,NaN,NaN,0
450.07,2684.89,-63.66,64,0,0.01,NaN,NaN,0
450.57,2653.07,-63.63,63.98,0,0.01,NaN,NaN,0
451.07,2621.26,-63.6,63.97,0,0,NaN,NaN,0
451.57,2589.47,-63.57,63.94,0,0,NaN,NaN,0
452.07,2557.69,-63.54,63.91,0,0,NaN,NaN,0
452.57,2525.93,-63.51,63.89,0,0,NaN,NaN,0
453.07,2494.18,-63.48,63.85,0,0,NaN,NaN,0
453.57,2462.45,-63.45,63.82,0,0.01,NaN,NaN,0
454.07,2430.73,-63.42,63.77,0,0.01,NaN,NaN,0
454.57,2399.03,-63.39,63.72,0,0,NaN,NaN,0
455.07,2367.34,-63.36,63.69,0,0,NaN,NaN,0
455.57,2335.67,-63.33,63.65,0,0.01,NaN,NaN,0
456.07,2304.01,-63.3,63.63,0,0.01,NaN,NaN,0
456.57,2272.37,-63.27,63.62,0,0.01,NaN,NaN,0
457.07,2240.74,-63.24,63.61,0,0,NaN,NaN,0
457.57,2209.13,-63.21,63.58,0,0.01,NaN,NaN,0
458.07,2177.54,-63.18,63.56,0,0.01,NaN,NaN,0
458.57,2145.95,-63.15,63.54,0,0.01,NaN,NaN,0
459.07,2114.38,-63.12,63.53,0,0.03,NaN,NaN,0
459.57,2082.83,-63.09,63.44,0,0.01,NaN,NaN,0
460.07,2051.3,-63.06,63.41,0,0.02,NaN,NaN,0
460.57,2019.77,-63.03,63.41,0,0.01,NaN,NaN,0
461.07,1988.27,-63,63.39,0,0,NaN,NaN,0
461.57,1956.77,-62.97,63.37,0,0,NaN,NaN,0
462.07,1925.29,-62.94,63.35,0,0.01,NaN,NaN,0
462.57,1893.83,-62.91,63.34,0,0.01,NaN,NaN,0
463.07,1862.38,-62.88,63.33,0,0,NaN,NaN,0
463.57,1830.95,-62.85,63.29,0,0.01,NaN,NaN,0
464.07,1799.53,-62.82,63.29,0,0.01,NaN,NaN,0
464.57,1768.13,-62.79,63.25,0,0.01,NaN,NaN,0
465.07,1736.74,-62.76,63.2,0,0.02,NaN,NaN,0
465.57,1705.37,-62.73,63.13,0,0.02,NaN,NaN,0
466.07,1674.01,-62.7,63.07,0,0.01,NaN,NaN,0
466.57,1642.67,-62.67,63.02,0,0,NaN,NaN,0
467.07,1611.34,-62.64,62.99,0,0.01,NaN,NaN,0
467.57,1580.03,-62.61,62.93,0,0.01,NaN,NaN,0
468.07,1548.73,-62.58,62.88,0,0.01,NaN,NaN,0
468.57,1517.45,-62.55,62.83,0,0.01,NaN,NaN,0
469.07,1486.19,-62.52,62.79,0,0.01,NaN,NaN,0
469.57,1454.93,-62.49,62.75,0,0.01,NaN,NaN,0
470.07,1423.7,-62.46,62.71,0,0.01,NaN,NaN,0
470.57,1392.47,-62.43,62.69,0,0.02,NaN,NaN,0
471.07,1361.27,-62.4,62.7,0,0.01,NaN,NaN,0
471.57,1330.08,-62.37,62.66,0,0.01,NaN,NaN,0
472.07,1298.9,-62.34,62.64,0,0,NaN,NaN,0
472.57,1267.74,-62.31,62.62,0,0,NaN,NaN,0
473.07,1236.59,-62.28,62.59,0,0,NaN,NaN,0
473.57,1205.45,-62.25,62.57,0,0.01,NaN,NaN,0
474.07,1174.33,-62.22,62.55,0,0.01,NaN,NaN,0
474.57,1143.23,-62.19,62.54,0,0.01,NaN,NaN,0
475.07,1112.14,-62.17,62.53,0,0.01,NaN,NaN,0
475.57,1081.06,-62.14,62.52,0,0,NaN,NaN,0
476.07,1050,-62.11,62.5,0,0.02,NaN,NaN,0
476.57,1018.95,-62.08,62.44,0,0.02,NaN,NaN,0
477.07,987.92,-62.05,62.38,0,0.01,NaN,NaN,0
477.07,987.86,-62.05,62.38,6.25,6.25,NaN,NaN,0
477.09,986.88,-58.77,59.12,5.5,5.51,NaN,NaN,0
477.1,985.82,-55.49,55.85,4.8,4.8,NaN,NaN,0
477.12,984.67,-52.21,52.59,4.13,4.13,NaN,NaN,0
477.15,983.43,-48.93,49.33,3.51,3.51,NaN,NaN,0
477.18,982.05,-45.64,46.08,2.93,2.93,NaN,NaN,0
477.21,980.52,-42.36,42.82,2.38,2.38,NaN,NaN,0
477.26,978.78,-39.08,39.57,1.88,1.88,NaN,NaN,0
477.31,976.74,-35.8,36.33,1.42,1.42,NaN,NaN,0
477.38,974.29,-32.53,33.08,0.99,1,NaN,NaN,0
477.48,971.12,-29.25,29.84,0.61,0.61,NaN,NaN,0
477.65,966.53,-25.97,26.62,0.27,0.27,NaN,NaN,0
477.97,958.72,-23.18,23.97,0.01,0.03,NaN,NaN,0
478.32,950.51,-23.01,23.88,0,0.01,NaN,NaN,0
478.68,942.26,-23.01,23.92,0,0.01,NaN,NaN,0
479.04,934.02,-23.01,23.89,0,0.05,NaN,NaN,0
479.4,925.78,-22.99,24.04,-0,0.02,NaN,NaN,0
479.76,917.54,-23,24.11,0,0.06,NaN,NaN,0
480.12,909.31,-22.98,23.9,-0,0.03,NaN,NaN,0
480.47,901.07,-22.99,23.81,0,0.06,NaN,NaN,0
480.83,892.84,-22.97,23.99,-0,0.01,NaN,NaN,0
481.19,884.61,-22.99,23.99,0,0.01,NaN,NaN,0
481.55,876.38,-22.99,24.03,0,0,NaN,NaN,0
481.91,868.15,-22.99,24.03,0,0.02,NaN,NaN,0
482.26,859.93,-22.98,23.97,0,0.02,NaN,NaN,0
482.62,851.71,-22.98,23.89,0,0.04,NaN,NaN,0
482.98,843.49,-22.97,24,-0,0,NaN,NaN,0
483.34,835.27,-22.98,24.02,0,0.03,NaN,NaN,0
483.7,827.05,-22.97,23.91,-0,0.01,NaN,NaN,0
484.05,818.84,-22.97,23.88,0,0.06,NaN,NaN,0
484.41,810.63,-22.95,24.04,-0,0.05,NaN,NaN,0
484.77,802.42,-22.95,24.22,-0,0.03,NaN,NaN,0
485.13,794.21,-22.95,24.1,-0,0.02,NaN,NaN,0
485.48,786,-22.96,24.04,0,0.05,NaN,NaN,0
485.84,777.8,-22.94,24.2,-0,0.01,NaN,NaN,0
486.2,769.59,-22.95,24.16,0,0.09,NaN,NaN,0
486.56,761.4,-22.91,23.82,-0,0.01,NaN,NaN,0
486.91,753.2,-22.95,23.88,0,0.01,NaN,NaN,0
487.27,745,-22.94,23.91,0,0.02,NaN,NaN,0
487.63,736.8,-22.94,23.84,0,0.04,NaN,NaN,0
487.98,728.61,-22.93,23.71,-0,0.02,NaN,NaN,0
488.34,720.42,-22.93,23.78,0,0.02,NaN,NaN,0
488.7,712.23,-22.93,23.7,-0,0.01,NaN,NaN,0
489.06,704.05,-22.93,23.72,0,0.02,NaN,NaN,0
489.41,695.86,-22.93,23.77,0,0.06,NaN,NaN,0
489.77,687.68,-22.91,23.93,-0,0.03,NaN,NaN,0
490.13,679.5,-22.92,23.84,0,0.04,NaN,NaN,0
490.48,671.32,-22.91,23.7,-0,0.01,NaN,NaN,0
490.84,663.14,-22.92,23.73,0,0,NaN,NaN,0
491.2,654.97,-22.91,23.72,0,0.03,NaN,NaN,0
491.55,646.8,-22.91,23.81,-0,0,NaN,NaN,0
491.91,638.63,-22.91,23.81,0,0.01,NaN,NaN,0
492.27,630.46,-22.91,23.78,0,0.02,NaN,NaN,0
492.62,622.29,-22.9,23.82,0,0.04,NaN,NaN,0
492.98,614.13,-22.89,23.68,0,0.08,NaN,NaN,0
493.34,605.97,-22.87,23.45,-0,0,NaN,NaN,0
493.69,597.8,-22.9,23.48,0,0.02,NaN,NaN,0
494.05,589.64,-22.89,23.54,0,0.03,NaN,NaN,0
494.41,581.49,-22.89,23.6,0,0.06,NaN,NaN,0
494.76,573.33,-22.87,23.76,-0,0.01,NaN,NaN,0
495.12,565.18,-22.88,23.76,0,0.02,NaN,NaN,0
495.48,557.03,-22.88,23.81,0,0.01,NaN,NaN,0
495.83,548.88,-22.88,23.79,0,0.05,NaN,NaN,0
496.19,540.73,-22.86,23.92,0,0.05,NaN,NaN,0
496.54,532.59,-22.86,23.76,-0,0.03,NaN,NaN,0
496.9,524.44,-22.87,23.69,-0,0,NaN,NaN,0
497.26,516.3,-22.87,23.68,0,0.02,NaN,NaN,0
497.61,508.16,-22.86,23.74,0,0.02,NaN,NaN,0
497.97,500.02,-22.86,23.79,0,0,NaN,NaN,0
498.32,491.89,-22.86,23.79,0,0.01,NaN,NaN,0
498.68,483.75,-22.86,23.76,0,0.02,NaN,NaN,0
499.04,475.62,-22.85,23.68,-0,0,NaN,NaN,0
499.39,467.49,-22.85,23.69,0,0,NaN,NaN,0
499.75,459.37,-22.85,23.69,0,0.04,NaN,NaN,0
500.1,451.24,-22.84,23.8,-0,0.01,NaN,NaN,0
500.46,443.12,-22.84,23.83,0,0.03,NaN,NaN,0
500.82,434.99,-22.84,23.74,0,0.02,NaN,NaN,0
501.17,426.87,-22.84,23.79,0,0.01,NaN,NaN,0
501.53,418.75,-22.84,23.82,0,0.02,NaN,NaN,0
501.88,410.64,-22.83,23.87,0,0,NaN,NaN,0
502.24,402.52,-22.83,23.85,0,0.01,NaN,NaN,0
502.59,394.41,-22.83,23.87,0,0.02,NaN,NaN,0
502.95,386.3,-22.82,23.79,-0,0.01,NaN,NaN,0
503.3,378.19,-22.82,23.77,0,0.01,NaN,NaN,0
503.66,370.09,-22.82,23.8,0,0.01,NaN,NaN,0
504.01,361.98,-22.82,23.78,0,0.02,NaN,NaN,0
504.37,353.88,-22.81,23.69,0,0.06,NaN,NaN,0
504.72,345.78,-22.79,23.51,-0,0.02,NaN,NaN,0
505.08,337.68,-22.81,23.47,0,0.01,NaN,NaN,0
505.43,329.58,-22.81,23.49,0,0.02,NaN,NaN,0
505.79,321.49,-22.8,23.55,0,0.04,NaN,NaN,0
506.14,313.39,-22.79,23.66,0,0.08,NaN,NaN,0
506.5,305.31,-22.76,23.89,-0,0.02,NaN,NaN,0
506.85,297.21,-22.79,23.85,0,0.02,NaN,NaN,0
507.21,289.13,-22.79,23.79,0,0.01,NaN,NaN,0
507.56,281.04,-22.79,23.76,0,0.03,NaN,NaN,0
507.92,272.96,-22.78,23.66,0,0.02,NaN,NaN,0
508.27,264.88,-22.78,23.6,0,0,NaN,NaN,0
508.63,256.8,-22.78,23.61,0,0,NaN,NaN,0
508.98,248.72,-22.78,23.61,0,0.02,NaN,NaN,0
509.34,240.65,-22.77,23.54,0,0.02,NaN,NaN,0
509.69,232.58,-22.77,23.49,0,0.02,NaN,NaN,0
510.05,224.5,-22.77,23.44,0,0.04,NaN,NaN,0
510.4,216.44,-22.76,23.54,-0,0.02,NaN,NaN,0
510.76,208.37,-22.76,23.61,0,0.01,NaN,NaN,0
511.11,200.3,-22.76,23.65,0,0.01,NaN,NaN,0
511.46,192.24,-22.76,23.63,0,0.01,NaN,NaN,0
511.82,184.18,-22.75,23.65,0,0.02,NaN,NaN,0
512.17,176.12,-22.75,23.72,0,0.04,NaN,NaN,0
512.53,168.07,-22.74,23.85,-0,0.02,NaN,NaN,0
512.88,160.01,-22.74,23.8,0,0.04,NaN,NaN,0
513.23,151.96,-22.74,23.67,-0,0.01,NaN,NaN,0
513.59,143.91,-22.74,23.64,0,0.03,NaN,NaN,0
513.94,135.86,-22.73,23.55,0,0.03,NaN,NaN,0
514.3,127.81,-22.73,23.62,0,0.02,NaN,NaN,0
514.65,119.77,-22.73,23.68,0,0.01,NaN,NaN,0
515,111.72,-22.73,23.65,0,0.02,NaN,NaN,0
515.36,103.68,-22.73,23.7,0,0.02,NaN,NaN,0
515.71,95.64,-22.72,23.75,0,0.01,NaN,NaN,0
516.07,87.61,-22.72,23.72,0,0,NaN,NaN,0
516.42,79.57,-22.72,23.73,0,0.03,NaN,NaN,0
516.77,71.54,-22.71,23.81,-0,0.02,NaN,NaN,0
517.27,60.18,-22.71,23.74,0,0.04,NaN,NaN,0
517.63,52.16,-22.7,23.6,-0,0.03,NaN,NaN,0
517.98,44.13,-22.7,23.52,0,0.04,NaN,NaN,0
518.33,36.1,-22.69,23.64,-0,0,NaN,NaN,0
518.69,28.08,-22.7,23.65,0,0.03,NaN,NaN,0
519.04,20.06,-22.69,23.56,-0,0.01,NaN,NaN,0
519.54,8.71,-22.69,23.5,0,0,NaN,NaN,0
519.92,0,-22.69,23.51,0,0.02,NaN,NaN,0
